College Name,College Link,Stream,City,Ownership,Course,Duration,Facilities
"APCOER Pune - ABMSP's Anantrao Pawar College of Engineering and Research, Pune",https://www.careers360.com/colleges/abmsps-anantrao-pawar-college-of-engineering-and-research-pune,Engineering,Pune,Private,BE Electronics and Communication Advanced Communication Technology,4 Years,"Boys Hostel, Girls Hostel"
"APCOER Pune - ABMSP's Anantrao Pawar College of Engineering and Research, Pune",https://www.careers360.com/colleges/abmsps-anantrao-pawar-college-of-engineering-and-research-pune,Engineering,Pune,Private,BE Artificial Intelligence and Data Science,4 Years,"Boys Hostel, Girls Hostel"
"APCOER Pune - ABMSP's Anantrao Pawar College of Engineering and Research, Pune",https://www.careers360.com/colleges/abmsps-anantrao-pawar-college-of-engineering-and-research-pune,Engineering,Pune,Private,BE Mechanical Engineering,4 Years,"Boys Hostel, Girls Hostel"
"APCOER Pune - ABMSP's Anantrao Pawar College of Engineering and Research, Pune",https://www.careers360.com/colleges/abmsps-anantrao-pawar-college-of-engineering-and-research-pune,Engineering,Pune,Private,B.Voc Electronics Manufacturing Services,3 Years,"Boys Hostel, Girls Hostel"
"APCOER Pune - ABMSP's Anantrao Pawar College of Engineering and Research, Pune",https://www.careers360.com/colleges/abmsps-anantrao-pawar-college-of-engineering-and-research-pune,Engineering,Pune,Private,BE Electronics Engineering VLSI Design Technology,4 Years,"Boys Hostel, Girls Hostel"
"APCOER Pune - ABMSP's Anantrao Pawar College of Engineering and Research, Pune",https://www.careers360.com/colleges/abmsps-anantrao-pawar-college-of-engineering-and-research-pune,Engineering,Pune,Private,BE Civil Engineering,4 Years,"Boys Hostel, Girls Hostel"
"APCOER Pune - ABMSP's Anantrao Pawar College of Engineering and Research, Pune",https://www.careers360.com/colleges/abmsps-anantrao-pawar-college-of-engineering-and-research-pune,Engineering,Pune,Private,BE Electronics and Telecommunication Engineering,4 Years,"Boys Hostel, Girls Hostel"
"APCOER Pune - ABMSP's Anantrao Pawar College of Engineering and Research, Pune",https://www.careers360.com/colleges/abmsps-anantrao-pawar-college-of-engineering-and-research-pune,Engineering,Pune,Private,BE Information Technology,4 Years,"Boys Hostel, Girls Hostel"
"APCOER Pune - ABMSP's Anantrao Pawar College of Engineering and Research, Pune",https://www.careers360.com/colleges/abmsps-anantrao-pawar-college-of-engineering-and-research-pune,Engineering,Pune,Private,BE Computer Engineering,4 Years,"Boys Hostel, Girls Hostel"
"APCOER Pune - ABMSP's Anantrao Pawar College of Engineering and Research, Pune",https://www.careers360.com/colleges/abmsps-anantrao-pawar-college-of-engineering-and-research-pune,Engineering,Pune,Private,B.Voc Automobile Servicing,3 Years,"Boys Hostel, Girls Hostel"
"APCOER Pune - ABMSP's Anantrao Pawar College of Engineering and Research, Pune",https://www.careers360.com/colleges/abmsps-anantrao-pawar-college-of-engineering-and-research-pune,Engineering,Pune,Private,ME Mechanical Engineering Design,2 Years,"Boys Hostel, Girls Hostel"
"APCOER Pune - ABMSP's Anantrao Pawar College of Engineering and Research, Pune",https://www.careers360.com/colleges/abmsps-anantrao-pawar-college-of-engineering-and-research-pune,Engineering,Pune,Private,ME Civil Environmental Engineering,2 Years,"Boys Hostel, Girls Hostel"
"APCOER Pune - ABMSP's Anantrao Pawar College of Engineering and Research, Pune",https://www.careers360.com/colleges/abmsps-anantrao-pawar-college-of-engineering-and-research-pune,Engineering,Pune,Private,ME VLSI Design,2 Years,"Boys Hostel, Girls Hostel"
"AISSMS COE Pune - AISSMS College of Engineering, Pune",https://www.careers360.com/colleges/aissms-college-of-engineering-pune,Engineering,Pune,Private,BE Mechanical Engineering,4 Years,"Boys Hostel, Girls Hostel"
"AISSMS COE Pune - AISSMS College of Engineering, Pune",https://www.careers360.com/colleges/aissms-college-of-engineering-pune,Engineering,Pune,Private,BE Civil Engineering,4 Years,"Boys Hostel, Girls Hostel"
"AISSMS COE Pune - AISSMS College of Engineering, Pune",https://www.careers360.com/colleges/aissms-college-of-engineering-pune,Engineering,Pune,Private,BE Artificial Intelligence and Machine Learning,4 Years,"Boys Hostel, Girls Hostel"
"AISSMS COE Pune - AISSMS College of Engineering, Pune",https://www.careers360.com/colleges/aissms-college-of-engineering-pune,Engineering,Pune,Private,BE Computer Engineering,4 Years,"Boys Hostel, Girls Hostel"
"AISSMS COE Pune - AISSMS College of Engineering, Pune",https://www.careers360.com/colleges/aissms-college-of-engineering-pune,Engineering,Pune,Private,BE Robotics and Automation,4 Years,"Boys Hostel, Girls Hostel"
"AISSMS COE Pune - AISSMS College of Engineering, Pune",https://www.careers360.com/colleges/aissms-college-of-engineering-pune,Engineering,Pune,Private,BE Mechanical Engineering Sandwich,4 Years,"Boys Hostel, Girls Hostel"
"AISSMS COE Pune - AISSMS College of Engineering, Pune",https://www.careers360.com/colleges/aissms-college-of-engineering-pune,Engineering,Pune,Private,BE Chemical Engineering,4 Years,"Boys Hostel, Girls Hostel"
"AISSMS COE Pune - AISSMS College of Engineering, Pune",https://www.careers360.com/colleges/aissms-college-of-engineering-pune,Engineering,Pune,Private,BE VLSI Design and Technology,4 Years,"Boys Hostel, Girls Hostel"
"AISSMS COE Pune - AISSMS College of Engineering, Pune",https://www.careers360.com/colleges/aissms-college-of-engineering-pune,Engineering,Pune,Private,BE Electronics and Telecommunication Engineering,4 Years,"Boys Hostel, Girls Hostel"
"AISSMS COE Pune - AISSMS College of Engineering, Pune",https://www.careers360.com/colleges/aissms-college-of-engineering-pune,Engineering,Pune,Private,BE Electrical Engineering,4 Years,"Boys Hostel, Girls Hostel"
"AISSMS COE Pune - AISSMS College of Engineering, Pune",https://www.careers360.com/colleges/aissms-college-of-engineering-pune,Engineering,Pune,Private,ME Construction Management,2 Years,"Boys Hostel, Girls Hostel"
"AISSMS COE Pune - AISSMS College of Engineering, Pune",https://www.careers360.com/colleges/aissms-college-of-engineering-pune,Engineering,Pune,Private,ME Structural Engineering,2 Years,"Boys Hostel, Girls Hostel"
"AISSMS COE Pune - AISSMS College of Engineering, Pune",https://www.careers360.com/colleges/aissms-college-of-engineering-pune,Engineering,Pune,Private,ME Mechanical Engineering Design,2 Years,"Boys Hostel, Girls Hostel"
"AISSMS COE Pune - AISSMS College of Engineering, Pune",https://www.careers360.com/colleges/aissms-college-of-engineering-pune,Engineering,Pune,Private,ME Artificial Intelligence and Data Science,2 Years,"Boys Hostel, Girls Hostel"
"AISSMS COE Pune - AISSMS College of Engineering, Pune",https://www.careers360.com/colleges/aissms-college-of-engineering-pune,Engineering,Pune,Private,ME Power Electronics and Drives,2 Years,"Boys Hostel, Girls Hostel"
"AISSMS COE Pune - AISSMS College of Engineering, Pune",https://www.careers360.com/colleges/aissms-college-of-engineering-pune,Engineering,Pune,Private,ME Chemical Engineering,2 Years,"Boys Hostel, Girls Hostel"
"AISSMS COE Pune - AISSMS College of Engineering, Pune",https://www.careers360.com/colleges/aissms-college-of-engineering-pune,Engineering,Pune,Private,Ph.D Civil Engineering,6 Years,"Boys Hostel, Girls Hostel"
"AISSMS COE Pune - AISSMS College of Engineering, Pune",https://www.careers360.com/colleges/aissms-college-of-engineering-pune,Engineering,Pune,Private,Ph.D Electrical Engineering,6 Years,"Boys Hostel, Girls Hostel"
"AISSMS COE Pune - AISSMS College of Engineering, Pune",https://www.careers360.com/colleges/aissms-college-of-engineering-pune,Engineering,Pune,Private,Ph.D Mechanical Engineering,6 Years,"Boys Hostel, Girls Hostel"
"AISSMS COE Pune - AISSMS College of Engineering, Pune",https://www.careers360.com/colleges/aissms-college-of-engineering-pune,Engineering,Pune,Private,Ph.D Computer Engineering,6 Years,"Boys Hostel, Girls Hostel"
"Ajeenkya DY Patil School of Engineering, Pune",https://www.careers360.com/colleges/ajeenkya-dy-patil-school-of-engineering-pune,Engineering,Pune,Private,BE Artificial Intelligence and Data Science,4 Years,"Boys Hostel, Girls Hostel"
"Ajeenkya DY Patil School of Engineering, Pune",https://www.careers360.com/colleges/ajeenkya-dy-patil-school-of-engineering-pune,Engineering,Pune,Private,BE Mechanical Engineering,4 Years,"Boys Hostel, Girls Hostel"
"Ajeenkya DY Patil School of Engineering, Pune",https://www.careers360.com/colleges/ajeenkya-dy-patil-school-of-engineering-pune,Engineering,Pune,Private,BE Computer Engineering,4 Years,"Boys Hostel, Girls Hostel"
"Ajeenkya DY Patil School of Engineering, Pune",https://www.careers360.com/colleges/ajeenkya-dy-patil-school-of-engineering-pune,Engineering,Pune,Private,BE Electronics and Telecommunication Engineering,4 Years,"Boys Hostel, Girls Hostel"
"Ajeenkya DY Patil School of Engineering, Pune",https://www.careers360.com/colleges/ajeenkya-dy-patil-school-of-engineering-pune,Engineering,Pune,Private,Diploma in Artificial Intelligence and Machine Learning,3 Years,"Boys Hostel, Girls Hostel"
"Ajeenkya DY Patil School of Engineering, Pune",https://www.careers360.com/colleges/ajeenkya-dy-patil-school-of-engineering-pune,Engineering,Pune,Private,BE Civil Engineering,4 Years,"Boys Hostel, Girls Hostel"
"Ajeenkya DY Patil School of Engineering, Pune",https://www.careers360.com/colleges/ajeenkya-dy-patil-school-of-engineering-pune,Engineering,Pune,Private,Diploma in Computer Engineering,3 Years,"Boys Hostel, Girls Hostel"
"Ajeenkya DY Patil School of Engineering, Pune",https://www.careers360.com/colleges/ajeenkya-dy-patil-school-of-engineering-pune,Engineering,Pune,Private,Diploma in Civil Engineering,3 Years,"Boys Hostel, Girls Hostel"
"Ajeenkya DY Patil School of Engineering, Pune",https://www.careers360.com/colleges/ajeenkya-dy-patil-school-of-engineering-pune,Engineering,Pune,Private,Diploma in Mechanical Engineering,3 Years,"Boys Hostel, Girls Hostel"
"Ajeenkya DY Patil School of Engineering, Pune",https://www.careers360.com/colleges/ajeenkya-dy-patil-school-of-engineering-pune,Engineering,Pune,Private,ME Computer Engineering,2 Years,"Boys Hostel, Girls Hostel"
"Ajeenkya DY Patil School of Engineering, Pune",https://www.careers360.com/colleges/ajeenkya-dy-patil-school-of-engineering-pune,Engineering,Pune,Private,ME VLSI and Embedded System,2 Years,"Boys Hostel, Girls Hostel"
"Ajeenkya DY Patil School of Engineering, Pune",https://www.careers360.com/colleges/ajeenkya-dy-patil-school-of-engineering-pune,Engineering,Pune,Private,ME Construction Management,2 Years,"Boys Hostel, Girls Hostel"
"Ajeenkya DY Patil School of Engineering, Pune",https://www.careers360.com/colleges/ajeenkya-dy-patil-school-of-engineering-pune,Engineering,Pune,Private,ME Structural Engineering,2 Years,"Boys Hostel, Girls Hostel"
"Ajeenkya DY Patil School of Engineering, Pune",https://www.careers360.com/colleges/ajeenkya-dy-patil-school-of-engineering-pune,Engineering,Pune,Private,ME Design Engineering,2 Years,"Boys Hostel, Girls Hostel"
"Ajeenkya DY Patil School of Engineering, Pune",https://www.careers360.com/colleges/ajeenkya-dy-patil-school-of-engineering-pune,Engineering,Pune,Private,BE Automobile Engineering,4 Years,"Boys Hostel, Girls Hostel"
"ADYPU, Pune - Ajeenkya DY Patil University, Pune",https://www.careers360.com/university/ajeenkya-dy-patil-university-pune,Engineering,Pune,Private,B.Tech Computer Science and Engineering,4 Years,"Boys Hostel, Girls Hostel"
"ADYPU, Pune - Ajeenkya DY Patil University, Pune",https://www.careers360.com/university/ajeenkya-dy-patil-university-pune,Engineering,Pune,Private,B.Tech Artificial Intelligence and Data Science,4 Years,"Boys Hostel, Girls Hostel"
"ADYPU, Pune - Ajeenkya DY Patil University, Pune",https://www.careers360.com/university/ajeenkya-dy-patil-university-pune,Engineering,Pune,Private,B.Tech Aerospace Engineering,4 Years,"Boys Hostel, Girls Hostel"
"ADYPU, Pune - Ajeenkya DY Patil University, Pune",https://www.careers360.com/university/ajeenkya-dy-patil-university-pune,Engineering,Pune,Private,B.Tech Aeronautical Engineering,4 Years,"Boys Hostel, Girls Hostel"
"Al-Ameen Educational and Medical Foundation's College of Engineering and Management Studies, Pune",https://www.careers360.com/colleges/al-ameen-educational-and-medical-foundations-college-of-engineering-and-management-studies-pune,Engineering,Pune,Private,BE Computer Engineering,4 Years,"Boys Hostel, Girls Hostel"
"Al-Ameen Educational and Medical Foundation's College of Engineering and Management Studies, Pune",https://www.careers360.com/colleges/al-ameen-educational-and-medical-foundations-college-of-engineering-and-management-studies-pune,Engineering,Pune,Private,BE Mechanical Engineering,4 Years,"Boys Hostel, Girls Hostel"
"Al-Ameen Educational and Medical Foundation's College of Engineering and Management Studies, Pune",https://www.careers360.com/colleges/al-ameen-educational-and-medical-foundations-college-of-engineering-and-management-studies-pune,Engineering,Pune,Private,BE Electronics and Telecommunications Engineering,4 Years,"Boys Hostel, Girls Hostel"
"Al-Ameen Educational and Medical Foundation's College of Engineering and Management Studies, Pune",https://www.careers360.com/colleges/al-ameen-educational-and-medical-foundations-college-of-engineering-and-management-studies-pune,Engineering,Pune,Private,ME Mechanical Engineering Design,2 Years,"Boys Hostel, Girls Hostel"
"Al-Ameen Educational and Medical Foundation's College of Engineering and Management Studies, Pune",https://www.careers360.com/colleges/al-ameen-educational-and-medical-foundations-college-of-engineering-and-management-studies-pune,Engineering,Pune,Private,ME Computer Engineering,2 Years,"Boys Hostel, Girls Hostel"
"Alard School Of Engineering and Technology, Pune",https://www.careers360.com/colleges/alard-school-of-engineering-and-technology-pune,Engineering,Pune,Private,B.Tech Artificial Intelligence and Data Science,4 Years,"Boys Hostel, Girls Hostel"
"Alard School Of Engineering and Technology, Pune",https://www.careers360.com/colleges/alard-school-of-engineering-and-technology-pune,Engineering,Pune,Private,B.Tech Artificial Intelligence and Machine Learning,4 Years,"Boys Hostel, Girls Hostel"
"Alard School Of Engineering and Technology, Pune",https://www.careers360.com/colleges/alard-school-of-engineering-and-technology-pune,Engineering,Pune,Private,B.Tech Computer Engineering,4 Years,"Boys Hostel, Girls Hostel"
"Alard School Of Engineering and Technology, Pune",https://www.careers360.com/colleges/alard-school-of-engineering-and-technology-pune,Engineering,Pune,Private,B.Tech Electronics and Telecommunication Engineering,4 Years,"Boys Hostel, Girls Hostel"
"Alard School Of Engineering and Technology, Pune",https://www.careers360.com/colleges/alard-school-of-engineering-and-technology-pune,Engineering,Pune,Private,B.Tech Mechanical Engineering,4 Years,"Boys Hostel, Girls Hostel"
"Alard School Of Engineering and Technology, Pune",https://www.careers360.com/colleges/alard-school-of-engineering-and-technology-pune,Engineering,Pune,Private,B.Tech Civil Engineering,4 Years,"Boys Hostel, Girls Hostel"
"Alard School Of Engineering and Technology, Pune",https://www.careers360.com/colleges/alard-school-of-engineering-and-technology-pune,Engineering,Pune,Private,B.Tech Construction Management,4 Years,"Boys Hostel, Girls Hostel"
"Alard School Of Engineering and Technology, Pune",https://www.careers360.com/colleges/alard-school-of-engineering-and-technology-pune,Engineering,Pune,Private,B.Tech Electrical Engineering,4 Years,"Boys Hostel, Girls Hostel"
"Alard School Of Engineering and Technology, Pune",https://www.careers360.com/colleges/alard-school-of-engineering-and-technology-pune,Engineering,Pune,Private,B.Tech Cyber Security and Forensics,4 Years,"Boys Hostel, Girls Hostel"
"Alard School Of Engineering and Technology, Pune",https://www.careers360.com/colleges/alard-school-of-engineering-and-technology-pune,Engineering,Pune,Private,B.Tech Electric Vehicle,4 Years,"Boys Hostel, Girls Hostel"
"Alard School Of Engineering and Technology, Pune",https://www.careers360.com/colleges/alard-school-of-engineering-and-technology-pune,Engineering,Pune,Private,B.Tech Smart Manufacturing,4 Years,"Boys Hostel, Girls Hostel"
"Alard School Of Engineering and Technology, Pune",https://www.careers360.com/colleges/alard-school-of-engineering-and-technology-pune,Engineering,Pune,Private,B.Tech Semiconductor,4 Years,"Boys Hostel, Girls Hostel"
"Alard School of Interdisciplinary Research, Pune",https://www.careers360.com/colleges/alard-school-of-interdisciplinary-research-pune,Engineering,Pune,Private,Ph.D Computer Science Engineering,3 Years,
"Alard School of Interdisciplinary Research, Pune",https://www.careers360.com/colleges/alard-school-of-interdisciplinary-research-pune,Engineering,Pune,Private,Ph.D Electronics and Communication Engineering,3 Years,
"Alard School of Interdisciplinary Research, Pune",https://www.careers360.com/colleges/alard-school-of-interdisciplinary-research-pune,Engineering,Pune,Private,Ph.D Civil Engineering,3 Years,
"Alard School of Interdisciplinary Research, Pune",https://www.careers360.com/colleges/alard-school-of-interdisciplinary-research-pune,Engineering,Pune,Private,Ph.D Robotics Automation Engineering,3 Years,
"Alard School of Interdisciplinary Research, Pune",https://www.careers360.com/colleges/alard-school-of-interdisciplinary-research-pune,Engineering,Pune,Private,Ph.D Electronics Engineering Semiconductor,3 Years,
"Alard School of Interdisciplinary Research, Pune",https://www.careers360.com/colleges/alard-school-of-interdisciplinary-research-pune,Engineering,Pune,Private,Ph.D Mechanical Smart Manufacturing,3 Years,
"Alard School of Interdisciplinary Research, Pune",https://www.careers360.com/colleges/alard-school-of-interdisciplinary-research-pune,Engineering,Pune,Private,Ph.D Electrical Engineering Electrical Vehicle,3 Years,
"Alard School of Interdisciplinary Research, Pune",https://www.careers360.com/colleges/alard-school-of-interdisciplinary-research-pune,Engineering,Pune,Private,Ph.D Cyber Security and Forensics,3 Years,
"Alard School of Interdisciplinary Research, Pune",https://www.careers360.com/colleges/alard-school-of-interdisciplinary-research-pune,Engineering,Pune,Private,Ph.D Artificial Intelligence and Data Science,3 Years,
"Alard School of Interdisciplinary Research, Pune",https://www.careers360.com/colleges/alard-school-of-interdisciplinary-research-pune,Engineering,Pune,Private,Ph.D Artificial Intelligence and Machine Learning,3 Years,
"AISSMS Institute of Information Technology - All India Shri Shivaji Memorial Society's Institute of Information Technology, Pune",https://www.careers360.com/colleges/all-india-shri-shivaji-memorial-societys-institute-of-information-technology-pune,Engineering,Pune,Private,B.Tech Artificial Intelligence and Data Science,4 Years,"Boys Hostel, Girls Hostel"
"AISSMS Institute of Information Technology - All India Shri Shivaji Memorial Society's Institute of Information Technology, Pune",https://www.careers360.com/colleges/all-india-shri-shivaji-memorial-societys-institute-of-information-technology-pune,Engineering,Pune,Private,B.Tech Computer Engineering,4 Years,"Boys Hostel, Girls Hostel"
"AISSMS Institute of Information Technology - All India Shri Shivaji Memorial Society's Institute of Information Technology, Pune",https://www.careers360.com/colleges/all-india-shri-shivaji-memorial-societys-institute-of-information-technology-pune,Engineering,Pune,Private,B.Tech Information Technology,4 Years,"Boys Hostel, Girls Hostel"
"AISSMS Institute of Information Technology - All India Shri Shivaji Memorial Society's Institute of Information Technology, Pune",https://www.careers360.com/colleges/all-india-shri-shivaji-memorial-societys-institute-of-information-technology-pune,Engineering,Pune,Private,B.Tech Electronics and Telecommunication Engineering,4 Years,"Boys Hostel, Girls Hostel"
"AISSMS Institute of Information Technology - All India Shri Shivaji Memorial Society's Institute of Information Technology, Pune",https://www.careers360.com/colleges/all-india-shri-shivaji-memorial-societys-institute-of-information-technology-pune,Engineering,Pune,Private,B.Tech Electrical Engineering,4 Years,"Boys Hostel, Girls Hostel"
"AISSMS Institute of Information Technology - All India Shri Shivaji Memorial Society's Institute of Information Technology, Pune",https://www.careers360.com/colleges/all-india-shri-shivaji-memorial-societys-institute-of-information-technology-pune,Engineering,Pune,Private,B.Tech Instrumentation Engineering,4 Years,"Boys Hostel, Girls Hostel"
"AISSMS Institute of Information Technology - All India Shri Shivaji Memorial Society's Institute of Information Technology, Pune",https://www.careers360.com/colleges/all-india-shri-shivaji-memorial-societys-institute-of-information-technology-pune,Engineering,Pune,Private,ME VLSI and Embedded Systems,2 Years,"Boys Hostel, Girls Hostel"
"AISSMS Institute of Information Technology - All India Shri Shivaji Memorial Society's Institute of Information Technology, Pune",https://www.careers360.com/colleges/all-india-shri-shivaji-memorial-societys-institute-of-information-technology-pune,Engineering,Pune,Private,ME Power Electronics and Drives,2 Years,"Boys Hostel, Girls Hostel"
"AISSMS Institute of Information Technology - All India Shri Shivaji Memorial Society's Institute of Information Technology, Pune",https://www.careers360.com/colleges/all-india-shri-shivaji-memorial-societys-institute-of-information-technology-pune,Engineering,Pune,Private,Ph.D Electronics and Telecommunication,6 Years,"Boys Hostel, Girls Hostel"
"All India Shri Shivaji Memorial Society's Polytechnic, Pune",https://www.careers360.com/colleges/all-india-shri-shivaji-memorial-societys-polytechnic-pune,Engineering,Pune,Private,Diploma in Artificial Intelligence and Machine Learning,3 Years,"Boys Hostel, Girls Hostel"
"All India Shri Shivaji Memorial Society's Polytechnic, Pune",https://www.careers360.com/colleges/all-india-shri-shivaji-memorial-societys-polytechnic-pune,Engineering,Pune,Private,Diploma in Computer Engineering,3 Years,"Boys Hostel, Girls Hostel"
"All India Shri Shivaji Memorial Society's Polytechnic, Pune",https://www.careers360.com/colleges/all-india-shri-shivaji-memorial-societys-polytechnic-pune,Engineering,Pune,Private,Diploma in Civil Engineering,3 Years,"Boys Hostel, Girls Hostel"
"All India Shri Shivaji Memorial Society's Polytechnic, Pune",https://www.careers360.com/colleges/all-india-shri-shivaji-memorial-societys-polytechnic-pune,Engineering,Pune,Private,Diploma in Mechanical Engineering,3 Years,"Boys Hostel, Girls Hostel"
"All India Shri Shivaji Memorial Society's Polytechnic, Pune",https://www.careers360.com/colleges/all-india-shri-shivaji-memorial-societys-polytechnic-pune,Engineering,Pune,Private,Diploma in Electronics and Telecommunications Engineering,3 Years,"Boys Hostel, Girls Hostel"
"All India Shri Shivaji Memorial Society's Polytechnic, Pune",https://www.careers360.com/colleges/all-india-shri-shivaji-memorial-societys-polytechnic-pune,Engineering,Pune,Private,Diploma in Information Technology,3 Years,"Boys Hostel, Girls Hostel"
"All India Shri Shivaji Memorial Society's Polytechnic, Pune",https://www.careers360.com/colleges/all-india-shri-shivaji-memorial-societys-polytechnic-pune,Engineering,Pune,Private,Diploma in Automobile Engineering,3 Years,"Boys Hostel, Girls Hostel"
"AIT Pune - Army Institute of Technology, Pune",https://www.careers360.com/colleges/army-institute-of-technology-pune,Engineering,Pune,Private,BE Electronics and Telecommunication Engineering,4 Years,"Boys Hostel, Girls Hostel"
"AIT Pune - Army Institute of Technology, Pune",https://www.careers360.com/colleges/army-institute-of-technology-pune,Engineering,Pune,Private,BE Information Technology,4 Years,"Boys Hostel, Girls Hostel"
"AIT Pune - Army Institute of Technology, Pune",https://www.careers360.com/colleges/army-institute-of-technology-pune,Engineering,Pune,Private,BE Mechanical Engineering,4 Years,"Boys Hostel, Girls Hostel"
"AIT Pune - Army Institute of Technology, Pune",https://www.careers360.com/colleges/army-institute-of-technology-pune,Engineering,Pune,Private,ME Data Science,2 Years,"Boys Hostel, Girls Hostel"
"AIT Pune - Army Institute of Technology, Pune",https://www.careers360.com/colleges/army-institute-of-technology-pune,Engineering,Pune,Private,BE Computer Engineering,4 Years,"Boys Hostel, Girls Hostel"
"Asian College of Science and Commerce, Pune",https://www.careers360.com/colleges/asian-college-of-science-and-commerce-pune,Engineering,Pune,Private,M.Sc Computer Science,2 Years,
"Asian College of Science and Commerce, Pune",https://www.careers360.com/colleges/asian-college-of-science-and-commerce-pune,Engineering,Pune,Private,B.Sc Computer Science,3 Years,
"Asian College of Science and Commerce, Pune",https://www.careers360.com/colleges/asian-college-of-science-and-commerce-pune,Engineering,Pune,Private,M.Sc Data Science,2 Years,
"Asian College of Science and Commerce, Pune",https://www.careers360.com/colleges/asian-college-of-science-and-commerce-pune,Engineering,Pune,Private,M.Sc Electronics,2 Years,
"Bharati Vidyapeeth Deemed University Amplify Department of Information Technology and Management, Pune",https://www.careers360.com/colleges/bharati-vidyapeeth-deemed-university-amplify-department-of-information-technology-and-management-pune,Engineering,Pune,Private,BE Network Management and Cloud Infrastructure Hons,4 Years,"Boys Hostel, Girls Hostel"
"Bharati Vidyapeeth Deemed University Amplify Department of Information Technology and Management, Pune",https://www.careers360.com/colleges/bharati-vidyapeeth-deemed-university-amplify-department-of-information-technology-and-management-pune,Engineering,Pune,Private,BE Software Engineering Hons,4 Years,"Boys Hostel, Girls Hostel"
"Bharati Vidyapeeth Deemed University Amplify Department of Information Technology and Management, Pune",https://www.careers360.com/colleges/bharati-vidyapeeth-deemed-university-amplify-department-of-information-technology-and-management-pune,Engineering,Pune,Private,M.Sc Information Technology,2 Years,"Boys Hostel, Girls Hostel"
"Bharati Vidyapeeth Deemed University Amplify Department of Information Technology and Management, Pune",https://www.careers360.com/colleges/bharati-vidyapeeth-deemed-university-amplify-department-of-information-technology-and-management-pune,Engineering,Pune,Private,B.Sc Information Technology,3 Years,"Boys Hostel, Girls Hostel"
"BVUCOE Pune - Bharati Vidyapeeth Deemed University College of Engineering, Pune",https://www.careers360.com/colleges/bharati-vidyapeeth-deemed-university-college-of-engineering-pune,Engineering,Pune,Private,B.Tech Computer Engineering,4 Years,"Boys Hostel, Girls Hostel"
"BVUCOE Pune - Bharati Vidyapeeth Deemed University College of Engineering, Pune",https://www.careers360.com/colleges/bharati-vidyapeeth-deemed-university-college-of-engineering-pune,Engineering,Pune,Private,B.Tech Computer Science Engineering,4 Years,"Boys Hostel, Girls Hostel"
"BVUCOE Pune - Bharati Vidyapeeth Deemed University College of Engineering, Pune",https://www.careers360.com/colleges/bharati-vidyapeeth-deemed-university-college-of-engineering-pune,Engineering,Pune,Private,B.Tech Information Technology,4 Years,"Boys Hostel, Girls Hostel"
"BVUCOE Pune - Bharati Vidyapeeth Deemed University College of Engineering, Pune",https://www.careers360.com/colleges/bharati-vidyapeeth-deemed-university-college-of-engineering-pune,Engineering,Pune,Private,B.Tech Electronics and Telecommunication Engineering,4 Years,"Boys Hostel, Girls Hostel"
"BVUCOE Pune - Bharati Vidyapeeth Deemed University College of Engineering, Pune",https://www.careers360.com/colleges/bharati-vidyapeeth-deemed-university-college-of-engineering-pune,Engineering,Pune,Private,B.Tech Electronics and Communication Engineering,4 Years,"Boys Hostel, Girls Hostel"
"BVUCOE Pune - Bharati Vidyapeeth Deemed University College of Engineering, Pune",https://www.careers360.com/colleges/bharati-vidyapeeth-deemed-university-college-of-engineering-pune,Engineering,Pune,Private,B.Tech Computer Science and Business Systems,4 Years,"Boys Hostel, Girls Hostel"
"BVUCOE Pune - Bharati Vidyapeeth Deemed University College of Engineering, Pune",https://www.careers360.com/colleges/bharati-vidyapeeth-deemed-university-college-of-engineering-pune,Engineering,Pune,Private,B.Tech Robotics and Automation,4 Years,"Boys Hostel, Girls Hostel"
"BVUCOE Pune - Bharati Vidyapeeth Deemed University College of Engineering, Pune",https://www.careers360.com/colleges/bharati-vidyapeeth-deemed-university-college-of-engineering-pune,Engineering,Pune,Private,B.Tech Mechanical Engineering,4 Years,"Boys Hostel, Girls Hostel"
"BVUCOE Pune - Bharati Vidyapeeth Deemed University College of Engineering, Pune",https://www.careers360.com/colleges/bharati-vidyapeeth-deemed-university-college-of-engineering-pune,Engineering,Pune,Private,B.Tech Civil Engineering,4 Years,"Boys Hostel, Girls Hostel"
"BVUCOE Pune - Bharati Vidyapeeth Deemed University College of Engineering, Pune",https://www.careers360.com/colleges/bharati-vidyapeeth-deemed-university-college-of-engineering-pune,Engineering,Pune,Private,B.Tech Electrical Computer Engineering,4 Years,"Boys Hostel, Girls Hostel"
"BVUCOE Pune - Bharati Vidyapeeth Deemed University College of Engineering, Pune",https://www.careers360.com/colleges/bharati-vidyapeeth-deemed-university-college-of-engineering-pune,Engineering,Pune,Private,B.Tech Chemical Engineering,4 Years,"Boys Hostel, Girls Hostel"
"BVUCOE Pune - Bharati Vidyapeeth Deemed University College of Engineering, Pune",https://www.careers360.com/colleges/bharati-vidyapeeth-deemed-university-college-of-engineering-pune,Engineering,Pune,Private,B.Tech Electronics Engineering Lateral Entry,3 Years,"Boys Hostel, Girls Hostel"
"BVUCOE Pune - Bharati Vidyapeeth Deemed University College of Engineering, Pune",https://www.careers360.com/colleges/bharati-vidyapeeth-deemed-university-college-of-engineering-pune,Engineering,Pune,Private,B.Tech Mechanical Engineering Lateral Entry,3 Years,"Boys Hostel, Girls Hostel"
"BVUCOE Pune - Bharati Vidyapeeth Deemed University College of Engineering, Pune",https://www.careers360.com/colleges/bharati-vidyapeeth-deemed-university-college-of-engineering-pune,Engineering,Pune,Private,B.Tech Computer Engineering Lateral Entry,3 Years,"Boys Hostel, Girls Hostel"
"BVUCOE Pune - Bharati Vidyapeeth Deemed University College of Engineering, Pune",https://www.careers360.com/colleges/bharati-vidyapeeth-deemed-university-college-of-engineering-pune,Engineering,Pune,Private,B.Tech Electronics and Telecommunication Engineering Lateral Entry,3 Years,"Boys Hostel, Girls Hostel"
"BVUCOE Pune - Bharati Vidyapeeth Deemed University College of Engineering, Pune",https://www.careers360.com/colleges/bharati-vidyapeeth-deemed-university-college-of-engineering-pune,Engineering,Pune,Private,B.Tech Electronics and Communication Engineering Lateral Entry,3 Years,"Boys Hostel, Girls Hostel"
"BVUCOE Pune - Bharati Vidyapeeth Deemed University College of Engineering, Pune",https://www.careers360.com/colleges/bharati-vidyapeeth-deemed-university-college-of-engineering-pune,Engineering,Pune,Private,M.Tech Computer Engineering,2 Years,"Boys Hostel, Girls Hostel"
"BVUCOE Pune - Bharati Vidyapeeth Deemed University College of Engineering, Pune",https://www.careers360.com/colleges/bharati-vidyapeeth-deemed-university-college-of-engineering-pune,Engineering,Pune,Private,M.Tech Electronics Engineering,2 Years,"Boys Hostel, Girls Hostel"
"BVUCOE Pune - Bharati Vidyapeeth Deemed University College of Engineering, Pune",https://www.careers360.com/colleges/bharati-vidyapeeth-deemed-university-college-of-engineering-pune,Engineering,Pune,Private,M.Tech Electrical Engineering,2 Years,"Boys Hostel, Girls Hostel"
"BVUCOE Pune - Bharati Vidyapeeth Deemed University College of Engineering, Pune",https://www.careers360.com/colleges/bharati-vidyapeeth-deemed-university-college-of-engineering-pune,Engineering,Pune,Private,B.Tech Computer Science and Engineering Lateral Entry,3 Years,"Boys Hostel, Girls Hostel"
"Bharati Vidyapeeth's College of Engineering for Women, Pune",https://www.careers360.com/colleges/bharati-vidyapeeths-college-of-engineering-for-women-pune,Engineering,Pune,Private,B.Tech Computer Engineering,4 Years,Girls Hostel
"Bharati Vidyapeeth's College of Engineering for Women, Pune",https://www.careers360.com/colleges/bharati-vidyapeeths-college-of-engineering-for-women-pune,Engineering,Pune,Private,B.Tech Electronics and Telecommunication Engineering,4 Years,Girls Hostel
"Bharati Vidyapeeth's College of Engineering for Women, Pune",https://www.careers360.com/colleges/bharati-vidyapeeths-college-of-engineering-for-women-pune,Engineering,Pune,Private,B.Tech Information Technology,4 Years,Girls Hostel
"Bharati Vidyapeeth's College of Engineering for Women, Pune",https://www.careers360.com/colleges/bharati-vidyapeeths-college-of-engineering-for-women-pune,Engineering,Pune,Private,B.Tech Artificial Intelligence and Machine Learning,4 Years,Girls Hostel
"Bharati Vidyapeeth's College of Engineering for Women, Pune",https://www.careers360.com/colleges/bharati-vidyapeeths-college-of-engineering-for-women-pune,Engineering,Pune,Private,M.Tech Computer Engineering,2 Years,Girls Hostel
"Bharati Vidyapeeth's College of Engineering for Women, Pune",https://www.careers360.com/colleges/bharati-vidyapeeths-college-of-engineering-for-women-pune,Engineering,Pune,Private,M.Tech VLSI and Embedded System,2 Years,Girls Hostel
"Bharati Vidyapeeth's College of Engineering, Lavale",https://www.careers360.com/colleges/bharati-vidyapeeths-college-of-engineering-lavale,Engineering,Pune,Private,BE Computer Engineering,4 Years,"Boys Hostel, Girls Hostel"
"Bharati Vidyapeeth's College of Engineering, Lavale",https://www.careers360.com/colleges/bharati-vidyapeeths-college-of-engineering-lavale,Engineering,Pune,Private,BE Electronics and Telecommunication Engineering,4 Years,"Boys Hostel, Girls Hostel"
"Bharati Vidyapeeth's College of Engineering, Lavale",https://www.careers360.com/colleges/bharati-vidyapeeths-college-of-engineering-lavale,Engineering,Pune,Private,BE Civil Engineering,4 Years,"Boys Hostel, Girls Hostel"
"Bharati Vidyapeeth's College of Engineering, Lavale",https://www.careers360.com/colleges/bharati-vidyapeeths-college-of-engineering-lavale,Engineering,Pune,Private,BE Mechanical Engineering,4 Years,"Boys Hostel, Girls Hostel"
"BVJNIOT Pune - Bharati Vidyapeeth's Jawaharlal Nehru Institute of Technology Polytechnic, Pune",https://www.careers360.com/colleges/bharati-vidyapeeths-jawaharlal-nehru-institute-of-technology-polytechnic-pune,Engineering,Pune,Private,Diploma in Mechanical Engineering,3 Years,"Boys Hostel, Girls Hostel"
"BVJNIOT Pune - Bharati Vidyapeeth's Jawaharlal Nehru Institute of Technology Polytechnic, Pune",https://www.careers360.com/colleges/bharati-vidyapeeths-jawaharlal-nehru-institute-of-technology-polytechnic-pune,Engineering,Pune,Private,Diploma in Electrical Engineering,3 Years,"Boys Hostel, Girls Hostel"
"BVJNIOT Pune - Bharati Vidyapeeth's Jawaharlal Nehru Institute of Technology Polytechnic, Pune",https://www.careers360.com/colleges/bharati-vidyapeeths-jawaharlal-nehru-institute-of-technology-polytechnic-pune,Engineering,Pune,Private,Diploma in Electronics and Telecommunications Engineering,3 Years,"Boys Hostel, Girls Hostel"
"BVJNIOT Pune - Bharati Vidyapeeth's Jawaharlal Nehru Institute of Technology Polytechnic, Pune",https://www.careers360.com/colleges/bharati-vidyapeeths-jawaharlal-nehru-institute-of-technology-polytechnic-pune,Engineering,Pune,Private,Diploma in Civil Engineering,3 Years,"Boys Hostel, Girls Hostel"
"BVJNIOT Pune - Bharati Vidyapeeth's Jawaharlal Nehru Institute of Technology Polytechnic, Pune",https://www.careers360.com/colleges/bharati-vidyapeeths-jawaharlal-nehru-institute-of-technology-polytechnic-pune,Engineering,Pune,Private,Diploma in Chemical Engineering,3 Years,"Boys Hostel, Girls Hostel"
"Bhivrabai Sawant Polytechnic, Pune",https://www.careers360.com/colleges/bhivrabai-sawant-polytechnic-pune,Engineering,Pune,Private,Diploma in Electronics and Telecommunication Engineering,3 Years,Girls Hostel
"Bhivrabai Sawant Polytechnic, Pune",https://www.careers360.com/colleges/bhivrabai-sawant-polytechnic-pune,Engineering,Pune,Private,Diploma in Computer Engineering,3 Years,Girls Hostel
"Bhivrabai Sawant Polytechnic, Pune",https://www.careers360.com/colleges/bhivrabai-sawant-polytechnic-pune,Engineering,Pune,Private,Diploma in Civil Engineering,3 Years,Girls Hostel
"Bhivrabai Sawant Polytechnic, Pune",https://www.careers360.com/colleges/bhivrabai-sawant-polytechnic-pune,Engineering,Pune,Private,Diploma in Mechanical Engineering,3 Years,Girls Hostel
"Bhivrabai Sawant Polytechnic, Pune",https://www.careers360.com/colleges/bhivrabai-sawant-polytechnic-pune,Engineering,Pune,Private,Diploma in Electrical Engineering,3 Years,Girls Hostel
"Bhivrabai Sawant Polytechnic, Pune",https://www.careers360.com/colleges/bhivrabai-sawant-polytechnic-pune,Engineering,Pune,Private,Diploma in Information Technology,3 Years,Girls Hostel
"BRO School and Centre, Pune",https://www.careers360.com/colleges/bro-school-and-centre-pune,Engineering,Pune,Government,Diploma in Civil Engineering,3 Years,
"COEP Pune - COEP Technological University, Pune",https://www.careers360.com/university/coep-technological-university-pune,Engineering,Pune,Government,B.Tech Computer Engineering,4 Years,"Boys Hostel, Girls Hostel"
"COEP Pune - COEP Technological University, Pune",https://www.careers360.com/university/coep-technological-university-pune,Engineering,Pune,Government,B.Tech Electrical Engineering,4 Years,"Boys Hostel, Girls Hostel"
"COEP Pune - COEP Technological University, Pune",https://www.careers360.com/university/coep-technological-university-pune,Engineering,Pune,Government,B.Tech Civil Engineering,4 Years,"Boys Hostel, Girls Hostel"
"COEP Pune - COEP Technological University, Pune",https://www.careers360.com/university/coep-technological-university-pune,Engineering,Pune,Government,B.Tech Mechanical Engineering,4 Years,"Boys Hostel, Girls Hostel"
"COEP Pune - COEP Technological University, Pune",https://www.careers360.com/university/coep-technological-university-pune,Engineering,Pune,Government,B.Tech Electronics and Telecommunication Engineering,4 Years,"Boys Hostel, Girls Hostel"
"COEP Pune - COEP Technological University, Pune",https://www.careers360.com/university/coep-technological-university-pune,Engineering,Pune,Government,B.Tech Robotics and Artificial Intelligence,4 Years,"Boys Hostel, Girls Hostel"
"COEP Pune - COEP Technological University, Pune",https://www.careers360.com/university/coep-technological-university-pune,Engineering,Pune,Government,B.Tech Metallurgy and Materials Technology,4 Years,"Boys Hostel, Girls Hostel"
"COEP Pune - COEP Technological University, Pune",https://www.careers360.com/university/coep-technological-university-pune,Engineering,Pune,Government,B.Tech Manufacturing Science and Engineering,4 Years,"Boys Hostel, Girls Hostel"
"COEP Pune - COEP Technological University, Pune",https://www.careers360.com/university/coep-technological-university-pune,Engineering,Pune,Government,B.Tech Instrumentation and Control Engineering,4 Years,"Boys Hostel, Girls Hostel"
"COEP Pune - COEP Technological University, Pune",https://www.careers360.com/university/coep-technological-university-pune,Engineering,Pune,Government,M.Tech Data Science,2 Years,"Boys Hostel, Girls Hostel"
"COEP Pune - COEP Technological University, Pune",https://www.careers360.com/university/coep-technological-university-pune,Engineering,Pune,Government,M.Tech Automotive Technology,2 Years,"Boys Hostel, Girls Hostel"
"COEP Pune - COEP Technological University, Pune",https://www.careers360.com/university/coep-technological-university-pune,Engineering,Pune,Government,M.Tech Information Security,2 Years,"Boys Hostel, Girls Hostel"
"COEP Pune - COEP Technological University, Pune",https://www.careers360.com/university/coep-technological-university-pune,Engineering,Pune,Government,M.Tech Computer Engineering,2 Years,"Boys Hostel, Girls Hostel"
"COEP Pune - COEP Technological University, Pune",https://www.careers360.com/university/coep-technological-university-pune,Engineering,Pune,Government,M.Tech Power Electronics and Machine Drives,2 Years,"Boys Hostel, Girls Hostel"
"COEP Pune - COEP Technological University, Pune",https://www.careers360.com/university/coep-technological-university-pune,Engineering,Pune,Government,M.Tech Transportation Engineering,2 Years,"Boys Hostel, Girls Hostel"
"COEP Pune - COEP Technological University, Pune",https://www.careers360.com/university/coep-technological-university-pune,Engineering,Pune,Government,M.Tech Cyber Security,2 Years,"Boys Hostel, Girls Hostel"
"College of Military Engineering, Pune",https://www.careers360.com/colleges/college-of-military-engineering-pune,Engineering,Pune,Government,Diploma in Electrical Engineering,3 Years,"Boys Hostel, Girls Hostel"
"College of Military Engineering, Pune",https://www.careers360.com/colleges/college-of-military-engineering-pune,Engineering,Pune,Government,Diploma in Civil Engineering,3 Years,"Boys Hostel, Girls Hostel"
"Cusrow Wadia Institute of Technology, Pune",https://www.careers360.com/colleges/cusrow-wadia-institute-of-technology-pune,Engineering,Pune,Private,Diploma in Mechanical Engineering,3 Years,"Boys Hostel, Girls Hostel"
"Cusrow Wadia Institute of Technology, Pune",https://www.careers360.com/colleges/cusrow-wadia-institute-of-technology-pune,Engineering,Pune,Private,Diploma in Electronics and Telecommunication Engineering,3 Years,"Boys Hostel, Girls Hostel"
"Cusrow Wadia Institute of Technology, Pune",https://www.careers360.com/colleges/cusrow-wadia-institute-of-technology-pune,Engineering,Pune,Private,Diploma in Computer Engineering,3 Years,"Boys Hostel, Girls Hostel"
"Cusrow Wadia Institute of Technology, Pune",https://www.careers360.com/colleges/cusrow-wadia-institute-of-technology-pune,Engineering,Pune,Private,Diploma in Computer Engineering and Internet of Things,3 Years,"Boys Hostel, Girls Hostel"
"Cusrow Wadia Institute of Technology, Pune",https://www.careers360.com/colleges/cusrow-wadia-institute-of-technology-pune,Engineering,Pune,Private,Diploma in Electrical Engineering,3 Years,"Boys Hostel, Girls Hostel"
"Cusrow Wadia Institute of Technology, Pune",https://www.careers360.com/colleges/cusrow-wadia-institute-of-technology-pune,Engineering,Pune,Private,Diploma in Civil Engineering,3 Years,"Boys Hostel, Girls Hostel"
"AAEMF's Delight College of Pharmacy, Pune",https://www.careers360.com/colleges/aaemfs-delight-college-of-pharmacy-pune,Pharmacy,Pune,Private,D.Pharma,2 Years,"Boys Hostel, Girls Hostel"
"AAEMF's Delight College of Pharmacy, Pune",https://www.careers360.com/colleges/aaemfs-delight-college-of-pharmacy-pune,Pharmacy,Pune,Private,B.Pharma,4 Years,"Boys Hostel, Girls Hostel"
"AAEMF'S Delight Institute of Pharmacy, Pune",https://www.careers360.com/colleges/aaemfs-delight-institute-of-pharmacy-pune,Pharmacy,Pune,Private,D.Pharma,2 Years,"Boys Hostel, Girls Hostel"
"AAEMF'S Delight Institute of Pharmacy, Pune",https://www.careers360.com/colleges/aaemfs-delight-institute-of-pharmacy-pune,Pharmacy,Pune,Private,B.Pharma,4 Years,"Boys Hostel, Girls Hostel"
"Abhinav Education Societys College of Pharmacy B Pharm, Haveli",https://www.careers360.com/colleges/abhinav-education-societys-college-of-pharmacy-b-pharm-haveli,Pharmacy,Pune,Private,B.Pharma,4 Years,"Boys Hostel, Girls Hostel"
"Abhinav Education Societys College of Pharmacy B Pharm, Haveli",https://www.careers360.com/colleges/abhinav-education-societys-college-of-pharmacy-b-pharm-haveli,Pharmacy,Pune,Private,B.Pharma Practice,2 Years,"Boys Hostel, Girls Hostel"
"Abhinav Education Society's College of Pharmacy D Pharm, Pune",https://www.careers360.com/colleges/abhinav-education-societys-college-of-pharmacy-d-pharm-pune,Pharmacy,Pune,Private,D.Pharma,2 Years,
"AISSMS Pune - AISSMS College of Pharmacy, Pune",https://www.careers360.com/colleges/aissms-college-of-pharmacy-pune,Pharmacy,Pune,Private,B.Pharma,4 Years,"Boys Hostel, Girls Hostel"
"AISSMS Pune - AISSMS College of Pharmacy, Pune",https://www.careers360.com/colleges/aissms-college-of-pharmacy-pune,Pharmacy,Pune,Private,M.Pharma Pharmacology,2 Years,"Boys Hostel, Girls Hostel"
"AISSMS Pune - AISSMS College of Pharmacy, Pune",https://www.careers360.com/colleges/aissms-college-of-pharmacy-pune,Pharmacy,Pune,Private,M.Pharma Pharmaceutical Chemistry,2 Years,"Boys Hostel, Girls Hostel"
"AISSMS Pune - AISSMS College of Pharmacy, Pune",https://www.careers360.com/colleges/aissms-college-of-pharmacy-pune,Pharmacy,Pune,Private,M.Pharma Quality Assurance Techniques,2 Years,"Boys Hostel, Girls Hostel"
"AISSMS Pune - AISSMS College of Pharmacy, Pune",https://www.careers360.com/colleges/aissms-college-of-pharmacy-pune,Pharmacy,Pune,Private,M.Pharma Pharmaceutics,2 Years,"Boys Hostel, Girls Hostel"
"AISSMS Pune - AISSMS College of Pharmacy, Pune",https://www.careers360.com/colleges/aissms-college-of-pharmacy-pune,Pharmacy,Pune,Private,Ph.D Pharmaceutics,6 Years,"Boys Hostel, Girls Hostel"
"AISSMS Pune - AISSMS College of Pharmacy, Pune",https://www.careers360.com/colleges/aissms-college-of-pharmacy-pune,Pharmacy,Pune,Private,Ph.D Pharmaceutical Chemistry,6 Years,"Boys Hostel, Girls Hostel"
"Alard School of Interdisciplinary Research, Pune",https://www.careers360.com/colleges/alard-school-of-interdisciplinary-research-pune,Pharmacy,Pune,Private,Ph.D Pharmacy Chemistry,3 Years,
"Alard School of Interdisciplinary Research, Pune",https://www.careers360.com/colleges/alard-school-of-interdisciplinary-research-pune,Pharmacy,Pune,Private,Ph.D Pharmaceutics,3 Years,
"Alard School Of Pharmacy, Pune",https://www.careers360.com/colleges/alard-school-of-pharmacy-pune,Pharmacy,Pune,Private,B.Pharma,4 Years,"Boys Hostel, Girls Hostel"
"Alard School Of Pharmacy, Pune",https://www.careers360.com/colleges/alard-school-of-pharmacy-pune,Pharmacy,Pune,Private,D.Pharma,2 Years,"Boys Hostel, Girls Hostel"
"Alard School Of Pharmacy, Pune",https://www.careers360.com/colleges/alard-school-of-pharmacy-pune,Pharmacy,Pune,Private,M.Pharma Quality Assurance Techniques,2 Years,"Boys Hostel, Girls Hostel"
"Alard School Of Pharmacy, Pune",https://www.careers360.com/colleges/alard-school-of-pharmacy-pune,Pharmacy,Pune,Private,M.Pharma Pharmaceutics,2 Years,"Boys Hostel, Girls Hostel"
"All India Shri Shivaji Memorial Society's College of Pharmacy, Pune",https://www.careers360.com/colleges/all-india-shri-shivaji-memorial-societys-college-of-pharmacy-pune,Pharmacy,Pune,Private,B.Pharma,4 Years,"Boys Hostel, Girls Hostel"
"All India Shri Shivaji Memorial Society's College of Pharmacy, Pune",https://www.careers360.com/colleges/all-india-shri-shivaji-memorial-societys-college-of-pharmacy-pune,Pharmacy,Pune,Private,M.Pharma Pharmaceutics,2 Years,"Boys Hostel, Girls Hostel"
"All India Shri Shivaji Memorial Society's College of Pharmacy, Pune",https://www.careers360.com/colleges/all-india-shri-shivaji-memorial-societys-college-of-pharmacy-pune,Pharmacy,Pune,Private,M.Pharma Pharmaceutical Chemistry,2 Years,"Boys Hostel, Girls Hostel"
"All India Shri Shivaji Memorial Society's College of Pharmacy, Pune",https://www.careers360.com/colleges/all-india-shri-shivaji-memorial-societys-college-of-pharmacy-pune,Pharmacy,Pune,Private,M.Pharma Pharmacology,2 Years,"Boys Hostel, Girls Hostel"
"All India Shri Shivaji Memorial Society's College of Pharmacy, Pune",https://www.careers360.com/colleges/all-india-shri-shivaji-memorial-societys-college-of-pharmacy-pune,Pharmacy,Pune,Private,M.Pharma Quality Assurance,2 Years,"Boys Hostel, Girls Hostel"
"All India Shri Shivaji Memorial Society's College of Pharmacy, Pune",https://www.careers360.com/colleges/all-india-shri-shivaji-memorial-societys-college-of-pharmacy-pune,Pharmacy,Pune,Private,Ph.D Pharmaceutics,6 Years,"Boys Hostel, Girls Hostel"
"All India Shri Shivaji Memorial Society's College of Pharmacy, Pune",https://www.careers360.com/colleges/all-india-shri-shivaji-memorial-societys-college-of-pharmacy-pune,Pharmacy,Pune,Private,Ph.D Pharmaceutical Chemistry,6 Years,"Boys Hostel, Girls Hostel"
"Anusaya Institute of Pharmacy, Pune",https://www.careers360.com/colleges/anusaya-institute-of-pharmacy-pune,Pharmacy,Pune,Private,D.Pharma,2 Years,
"Bhalchandra College of Pharmacy, Pune",https://www.careers360.com/colleges/bhalchandra-college-of-pharmacy-pune,Pharmacy,Pune,Private,B.Pharma,4 Years,"Boys Hostel, Girls Hostel"
"Bhalchandra College of Pharmacy, Pune",https://www.careers360.com/colleges/bhalchandra-college-of-pharmacy-pune,Pharmacy,Pune,Private,D.Pharma,2 Years,"Boys Hostel, Girls Hostel"
"BVMC Pune - Bharati Vidyapeeth Deemed University Medical College, Pune",https://www.careers360.com/colleges/bharati-vidyapeeth-deemed-university-medical-college-pune,Pharmacy,Pune,Private,MD Pharmacology,3 Years,"Boys Hostel, Girls Hostel"
"Bharati Vidyapeeth Institute of Pharmacy, Pune",https://www.careers360.com/colleges/bharati-vidyapeeth-institute-of-pharmacy-pune,Pharmacy,Pune,Private,D.Pharma,2 Years,"Boys Hostel, Girls Hostel"
"BJMC Pune - BJ Government Medical College, Pune",https://www.careers360.com/colleges/bj-government-medical-college-pune,Pharmacy,Pune,Government,MD Pharmacology,3 Years,"Boys Hostel, Girls Hostel"
"Chanakya Education Society's, Indira College of Pharmacy, Pune",https://www.careers360.com/colleges/chanakya-education-societys-indira-college-of-pharmacy-pune,Pharmacy,Pune,Private,B.Pharma,4 Years,"Boys Hostel, Girls Hostel"
"Chanakya Education Society's, Indira College of Pharmacy, Pune",https://www.careers360.com/colleges/chanakya-education-societys-indira-college-of-pharmacy-pune,Pharmacy,Pune,Private,D.Pharma,2 Years,"Boys Hostel, Girls Hostel"
"Chanakya Education Society's, Indira College of Pharmacy, Pune",https://www.careers360.com/colleges/chanakya-education-societys-indira-college-of-pharmacy-pune,Pharmacy,Pune,Private,Pharm.D,6 Years,"Boys Hostel, Girls Hostel"
"Chanakya Education Society's, Indira College of Pharmacy, Pune",https://www.careers360.com/colleges/chanakya-education-societys-indira-college-of-pharmacy-pune,Pharmacy,Pune,Private,M.Pharma Pharmaceutical Quality Assurance,2 Years,"Boys Hostel, Girls Hostel"
"Chanakya Education Society's, Indira College of Pharmacy, Pune",https://www.careers360.com/colleges/chanakya-education-societys-indira-college-of-pharmacy-pune,Pharmacy,Pune,Private,M.Pharma Pharmaceutics,2 Years,"Boys Hostel, Girls Hostel"
"Chanakya Education Society's, Indira College of Pharmacy, Pune",https://www.careers360.com/colleges/chanakya-education-societys-indira-college-of-pharmacy-pune,Pharmacy,Pune,Private,Pharm.D Post Baccalaureate,3 Years,"Boys Hostel, Girls Hostel"
"Chanakya Education Society's, Indira College of Pharmacy, Pune",https://www.careers360.com/colleges/chanakya-education-societys-indira-college-of-pharmacy-pune,Pharmacy,Pune,Private,Ph.D Pharmacognosy,6 Years,"Boys Hostel, Girls Hostel"
"Chanakya Education Society's, Indira College of Pharmacy, Pune",https://www.careers360.com/colleges/chanakya-education-societys-indira-college-of-pharmacy-pune,Pharmacy,Pune,Private,Ph.D Pharmaceutical Chemistry,6 Years,"Boys Hostel, Girls Hostel"
"Chanakya Education Society's, Indira College of Pharmacy, Pune",https://www.careers360.com/colleges/chanakya-education-societys-indira-college-of-pharmacy-pune,Pharmacy,Pune,Private,Ph.D Pharmaceutics,6 Years,"Boys Hostel, Girls Hostel"
"Chanakya Education Society's, Indira College of Pharmacy, Pune",https://www.careers360.com/colleges/chanakya-education-societys-indira-college-of-pharmacy-pune,Pharmacy,Pune,Private,Ph.D Pharmacology,6 Years,"Boys Hostel, Girls Hostel"
"Chanakya Education Society's, Indira College of Pharmacy, Pune",https://www.careers360.com/colleges/chanakya-education-societys-indira-college-of-pharmacy-pune,Pharmacy,Pune,Private,M.Pharma Pharmacology,2 Years,"Boys Hostel, Girls Hostel"
"Delonix Society's Baramati College of Pharmacy, Pune",https://www.careers360.com/colleges/delonix-societys-baramati-college-of-pharmacy-pune,Pharmacy,Pune,Private,B.Pharma,4 Years,"Boys Hostel, Girls Hostel"
"Delonix Society's Baramati College of Pharmacy, Pune",https://www.careers360.com/colleges/delonix-societys-baramati-college-of-pharmacy-pune,Pharmacy,Pune,Private,D.Pharma,2 Years,"Boys Hostel, Girls Hostel"
"Department of Pharmacy, Armed Forces Medical College, Pune",https://www.careers360.com/colleges/department-of-pharmacy-armed-forces-medical-college-pune,Pharmacy,Pune,Government,D.Pharma,2 Years,
"Dnyanvilas College of Pharmacy, Pune",https://www.careers360.com/colleges/dnyanvilas-college-of-pharmacy-pune,Pharmacy,Pune,Private,B.Pharma,4 Years,
"Dnyanvilas College of Pharmacy, Pune",https://www.careers360.com/colleges/dnyanvilas-college-of-pharmacy-pune,Pharmacy,Pune,Private,D.Pharma,2 Years,
"Dr DY Patil Dnyan Prasad University, Pune",https://www.careers360.com/university/dr-dy-patil-dnyan-prasad-university-pune,Pharmacy,Pune,Private,D.Pharma,2 Years,
"Dr DY Patil Dnyan Prasad University, Pune",https://www.careers360.com/university/dr-dy-patil-dnyan-prasad-university-pune,Pharmacy,Pune,Private,Pharm.D,5 Years,
"Dr DY Patil Dnyan Prasad University, Pune",https://www.careers360.com/university/dr-dy-patil-dnyan-prasad-university-pune,Pharmacy,Pune,Private,M.Pharma Pharmaceutics,2 Years,
"Dr DY Patil Dnyan Prasad University, Pune",https://www.careers360.com/university/dr-dy-patil-dnyan-prasad-university-pune,Pharmacy,Pune,Private,B.Pharma MBA Pharma Technology Integrated,5 Years,
"Dr DY Patil Dnyan Prasad University, Pune",https://www.careers360.com/university/dr-dy-patil-dnyan-prasad-university-pune,Pharmacy,Pune,Private,M.Pharma Pharmacology,2 Years,
"Dr DY Patil Dnyan Prasad University, Pune",https://www.careers360.com/university/dr-dy-patil-dnyan-prasad-university-pune,Pharmacy,Pune,Private,B.Pharma,4 Years,
"Dr DY Patil Dnyan Prasad University, Pune",https://www.careers360.com/university/dr-dy-patil-dnyan-prasad-university-pune,Pharmacy,Pune,Private,Ph.D Pharmaceutical Sciences,6 Years,
"Dr D Y Patil Institute of Pharmaceutical Sciences and Research, Pune",https://www.careers360.com/colleges/dr-d-y-patil-institute-of-pharmaceutical-sciences-and-research-pune,Pharmacy,Pune,Private,B.Pharma,4 Years,"Boys Hostel, Girls Hostel"
"Dr D Y Patil Institute of Pharmaceutical Sciences and Research, Pune",https://www.careers360.com/colleges/dr-d-y-patil-institute-of-pharmaceutical-sciences-and-research-pune,Pharmacy,Pune,Private,D.Pharma,2 Years,"Boys Hostel, Girls Hostel"
"Dr D Y Patil Institute of Pharmaceutical Sciences and Research, Pune",https://www.careers360.com/colleges/dr-d-y-patil-institute-of-pharmaceutical-sciences-and-research-pune,Pharmacy,Pune,Private,Pharm.D,6 Years,"Boys Hostel, Girls Hostel"
"Dr D Y Patil Institute of Pharmaceutical Sciences and Research, Pune",https://www.careers360.com/colleges/dr-d-y-patil-institute-of-pharmaceutical-sciences-and-research-pune,Pharmacy,Pune,Private,M.Pharma Quality Assurance Techniques,2 Years,"Boys Hostel, Girls Hostel"
"Dr D Y Patil Institute of Pharmaceutical Sciences and Research, Pune",https://www.careers360.com/colleges/dr-d-y-patil-institute-of-pharmaceutical-sciences-and-research-pune,Pharmacy,Pune,Private,M.Pharma Pharmacology,2 Years,"Boys Hostel, Girls Hostel"
"Dr D Y Patil Institute of Pharmaceutical Sciences and Research, Pune",https://www.careers360.com/colleges/dr-d-y-patil-institute-of-pharmaceutical-sciences-and-research-pune,Pharmacy,Pune,Private,M.Pharma Pharmaceutics,2 Years,"Boys Hostel, Girls Hostel"
"Dr D Y Patil Institute of Pharmaceutical Sciences and Research, Pune",https://www.careers360.com/colleges/dr-d-y-patil-institute-of-pharmaceutical-sciences-and-research-pune,Pharmacy,Pune,Private,Ph.D Pharmacognosy,6 Years,"Boys Hostel, Girls Hostel"
"Dr D Y Patil Institute of Pharmaceutical Sciences and Research, Pune",https://www.careers360.com/colleges/dr-d-y-patil-institute-of-pharmaceutical-sciences-and-research-pune,Pharmacy,Pune,Private,Ph.D Pharmaceutics,6 Years,"Boys Hostel, Girls Hostel"
"Dr D Y Patil Institute of Pharmaceutical Sciences and Research, Pune",https://www.careers360.com/colleges/dr-d-y-patil-institute-of-pharmaceutical-sciences-and-research-pune,Pharmacy,Pune,Private,Ph.D Pharmacology,6 Years,"Boys Hostel, Girls Hostel"
"Dr D Y Patil Institute of Pharmaceutical Sciences and Research, Pune",https://www.careers360.com/colleges/dr-d-y-patil-institute-of-pharmaceutical-sciences-and-research-pune,Pharmacy,Pune,Private,Ph.D Pharmaceutical Chemistry,6 Years,"Boys Hostel, Girls Hostel"
"DYPMC Pune - Dr D Y Patil Medical College Hospital and Research Centre, Pune",https://www.careers360.com/colleges/dr-d-y-patil-medical-college-hospital-and-research-centre-pune,Pharmacy,Pune,Private,MD Pharmacology,3 Years,"Boys Hostel, Girls Hostel"
"Elixir Institute of Pharmacy, Pune",https://www.careers360.com/colleges/elixir-institute-of-pharmacy-pune,Pharmacy,Pune,Private,D.Pharma,2 Years,"Boys Hostel, Girls Hostel"
"GSM Trust's Genba Sopanrao Moze College of Pharmacy, Pune",https://www.careers360.com/colleges/gsm-trusts-genba-sopanrao-moze-college-of-pharmacy-pune,Pharmacy,Pune,Private,B.Pharma,4 Years,"Boys Hostel, Girls Hostel"
"GSM Trust's Genba Sopanrao Moze College of Pharmacy, Pune",https://www.careers360.com/colleges/gsm-trusts-genba-sopanrao-moze-college-of-pharmacy-pune,Pharmacy,Pune,Private,D.Pharma,2 Years,"Boys Hostel, Girls Hostel"
"Indrayani Vidya Mandir's Indrayani Institute of Pharmaceutical Education and Research, Pune",https://www.careers360.com/colleges/indrayani-vidya-mandirs-indrayani-institute-of-pharmaceutical-education-and-research-pune,Pharmacy,Pune,Private,D.Pharma,2 Years,Girls Hostel
"Indrayani Vidya Mandir's Indrayani Institute of Pharmaceutical Education and Research, Pune",https://www.careers360.com/colleges/indrayani-vidya-mandirs-indrayani-institute-of-pharmaceutical-education-and-research-pune,Pharmacy,Pune,Private,B.Pharma,4 Years,Girls Hostel
"Indrayani Vidya Mandir's Indrayani Institute of Pharmaceutical Education and Research, Pune",https://www.careers360.com/colleges/indrayani-vidya-mandirs-indrayani-institute-of-pharmaceutical-education-and-research-pune,Pharmacy,Pune,Private,M.Pharma Pharmacology,2 Years,Girls Hostel
"Indrayani Vidya Mandir's Indrayani Institute of Pharmaceutical Education and Research, Pune",https://www.careers360.com/colleges/indrayani-vidya-mandirs-indrayani-institute-of-pharmaceutical-education-and-research-pune,Pharmacy,Pune,Private,M.Pharma Pharmaceutics,2 Years,Girls Hostel
"Indrayani Vidya Mandir's Indrayani Institute of Pharmacy, Pune",https://www.careers360.com/colleges/indrayani-vidya-mandirs-indrayani-institute-of-pharmacy-pune,Pharmacy,Pune,Private,D.Pharma,2 Years,Girls Hostel
"Institute of Pharmaceutical Science and Research For Girls, Pune",https://www.careers360.com/colleges/institute-of-pharmaceutical-science-and-research-for-girls-pune,Pharmacy,Pune,Private,B.Pharma,4 Years,"Boys Hostel, Girls Hostel"
"Institute of Pharmaceutical Science and Research For Girls, Pune",https://www.careers360.com/colleges/institute-of-pharmaceutical-science-and-research-for-girls-pune,Pharmacy,Pune,Private,D.Pharma,2 Years,"Boys Hostel, Girls Hostel"
"JSPM'S Charak College of Pharmacy and Research, Pune",https://www.careers360.com/colleges/jspms-charak-college-of-pharmacy-and-research-pune,Pharmacy,Pune,Private,B.Pharma,4 Years,"Girls Hostel, Boys Hostel"
"JSPM'S Charak College of Pharmacy and Research, Pune",https://www.careers360.com/colleges/jspms-charak-college-of-pharmacy-and-research-pune,Pharmacy,Pune,Private,M.Pharma Quality Assurance Techniques,2 Years,"Girls Hostel, Boys Hostel"
"Alard School Of Health and Bioscience, Pune",https://www.careers360.com/colleges/alard-school-of-health-and-bioscience-pune,Medical,Pune,Private,M.Sc Radiology and Imaging Technology,2 Years,
"Alard School Of Health and Bioscience, Pune",https://www.careers360.com/colleges/alard-school-of-health-and-bioscience-pune,Medical,Pune,Private,B.Sc Medical Lab Technology,4 Years,
"Alard School Of Health and Bioscience, Pune",https://www.careers360.com/colleges/alard-school-of-health-and-bioscience-pune,Medical,Pune,Private,B.Sc Radiology and Imaging Technology,4 Years,
"Anantrao Kanse Homoeopathic Medical College, Pune",https://www.careers360.com/colleges/anantrao-kanse-homoeopathic-medical-college-pune,Medical,Pune,Private,BHMS,5 Years 6 Months,"Boys Hostel, Girls Hostel"
"AFMC Pune - Armed Forces Medical College, Pune",https://www.careers360.com/colleges/armed-forces-medical-college-pune,Medical,Pune,Government,MBBS,5 Years 6 Months,"Boys Hostel, Girls Hostel"
"AFMC Pune - Armed Forces Medical College, Pune",https://www.careers360.com/colleges/armed-forces-medical-college-pune,Medical,Pune,Government,B.Sc Nursing,2 Years,"Boys Hostel, Girls Hostel"
"AFMC Pune - Armed Forces Medical College, Pune",https://www.careers360.com/colleges/armed-forces-medical-college-pune,Medical,Pune,Government,PG Diploma in Medical Lab Technician,2 Years,"Boys Hostel, Girls Hostel"
"AFMC Pune - Armed Forces Medical College, Pune",https://www.careers360.com/colleges/armed-forces-medical-college-pune,Medical,Pune,Government,MD General Medicine,3 Years,"Boys Hostel, Girls Hostel"
"AFMC Pune - Armed Forces Medical College, Pune",https://www.careers360.com/colleges/armed-forces-medical-college-pune,Medical,Pune,Government,MS General Surgery,3 Years,"Boys Hostel, Girls Hostel"
"AFMC Pune - Armed Forces Medical College, Pune",https://www.careers360.com/colleges/armed-forces-medical-college-pune,Medical,Pune,Government,Post Basic B.Sc Nursing,2 Years,"Boys Hostel, Girls Hostel"
"AFMC Pune - Armed Forces Medical College, Pune",https://www.careers360.com/colleges/armed-forces-medical-college-pune,Medical,Pune,Government,MD Anaesthesiology,3 Years,"Boys Hostel, Girls Hostel"
"AFMC Pune - Armed Forces Medical College, Pune",https://www.careers360.com/colleges/armed-forces-medical-college-pune,Medical,Pune,Government,MD Community Medicine,3 Years,"Boys Hostel, Girls Hostel"
"AFMC Pune - Armed Forces Medical College, Pune",https://www.careers360.com/colleges/armed-forces-medical-college-pune,Medical,Pune,Government,M.Sc Nursing,2 Years,"Boys Hostel, Girls Hostel"
"AFMC Pune - Armed Forces Medical College, Pune",https://www.careers360.com/colleges/armed-forces-medical-college-pune,Medical,Pune,Government,MD Pathology,3 Years,"Boys Hostel, Girls Hostel"
"AFMC Pune - Armed Forces Medical College, Pune",https://www.careers360.com/colleges/armed-forces-medical-college-pune,Medical,Pune,Government,MD Microbiology,3 Years,"Boys Hostel, Girls Hostel"
"AFMC Pune - Armed Forces Medical College, Pune",https://www.careers360.com/colleges/armed-forces-medical-college-pune,Medical,Pune,Government,MS Ophthalmology,3 Years,"Boys Hostel, Girls Hostel"
"AFMC Pune - Armed Forces Medical College, Pune",https://www.careers360.com/colleges/armed-forces-medical-college-pune,Medical,Pune,Government,MD Paediatrics,3 Years,"Boys Hostel, Girls Hostel"
"Ashtang Ayurved Mahavidyalaya, Pune",https://www.careers360.com/colleges/ashtang-ayurved-mahavidyalaya-pune,Medical,Pune,Private,BAMS,5 Years 6 Months,"Boys Hostel, Girls Hostel"
"Ashtang Ayurved Mahavidyalaya, Pune",https://www.careers360.com/colleges/ashtang-ayurved-mahavidyalaya-pune,Medical,Pune,Private,MS Ayurveda Streeroga Prasuti Tantra,3 Years,"Boys Hostel, Girls Hostel"
"Ashtang Ayurved Mahavidyalaya, Pune",https://www.careers360.com/colleges/ashtang-ayurved-mahavidyalaya-pune,Medical,Pune,Private,MD Ayurveda Samhita and Siddhanta,3 Years,"Boys Hostel, Girls Hostel"
"Ashtang Ayurved Mahavidyalaya, Pune",https://www.careers360.com/colleges/ashtang-ayurved-mahavidyalaya-pune,Medical,Pune,Private,MD Ayurveda Rachana Sharira,3 Years,"Boys Hostel, Girls Hostel"
"Bharati Vidyapeeth Deemed University College of Ayurved, Pune",https://www.careers360.com/colleges/bharati-vidyapeeth-deemed-university-college-of-ayurved-pune,Medical,Pune,Private,BAMS,5 Years 6 Months,"Boys Hostel, Girls Hostel"
"Bharati Vidyapeeth Deemed University College of Ayurved, Pune",https://www.careers360.com/colleges/bharati-vidyapeeth-deemed-university-college-of-ayurved-pune,Medical,Pune,Private,MD Swasthavritta and Yoga,3 Years,"Boys Hostel, Girls Hostel"
"Bharati Vidyapeeth Deemed University College of Ayurved, Pune",https://www.careers360.com/colleges/bharati-vidyapeeth-deemed-university-college-of-ayurved-pune,Medical,Pune,Private,MS Prasuti avum Stri Roga,3 Years,"Boys Hostel, Girls Hostel"
"Bharati Vidyapeeth Deemed University College of Ayurved, Pune",https://www.careers360.com/colleges/bharati-vidyapeeth-deemed-university-college-of-ayurved-pune,Medical,Pune,Private,MD Kayachikitsa,3 Years,"Boys Hostel, Girls Hostel"
"Bharati Vidyapeeth Deemed University College of Ayurved, Pune",https://www.careers360.com/colleges/bharati-vidyapeeth-deemed-university-college-of-ayurved-pune,Medical,Pune,Private,MD Agad Tantra avum Vidhi Vaidyaka,3 Years,"Boys Hostel, Girls Hostel"
"Bharati Vidyapeeth Deemed University College of Ayurved, Pune",https://www.careers360.com/colleges/bharati-vidyapeeth-deemed-university-college-of-ayurved-pune,Medical,Pune,Private,MD Rachana Sharir,3 Years,"Boys Hostel, Girls Hostel"
"Bharati Vidyapeeth Deemed University College of Ayurved, Pune",https://www.careers360.com/colleges/bharati-vidyapeeth-deemed-university-college-of-ayurved-pune,Medical,Pune,Private,MD Kaumarbhritya Bala Roga,3 Years,"Boys Hostel, Girls Hostel"
"Bharati Vidyapeeth Deemed University College of Ayurved, Pune",https://www.careers360.com/colleges/bharati-vidyapeeth-deemed-university-college-of-ayurved-pune,Medical,Pune,Private,MS Shalakya Tantra,3 Years,"Boys Hostel, Girls Hostel"
"Bharati Vidyapeeth Deemed University College of Ayurved, Pune",https://www.careers360.com/colleges/bharati-vidyapeeth-deemed-university-college-of-ayurved-pune,Medical,Pune,Private,MD Rasa Shastra and Bhaishajya Kalpana,3 Years,"Boys Hostel, Girls Hostel"
"Bharati Vidyapeeth Deemed University College of Ayurved, Pune",https://www.careers360.com/colleges/bharati-vidyapeeth-deemed-university-college-of-ayurved-pune,Medical,Pune,Private,MS Shalya Tantra,3 Years,"Boys Hostel, Girls Hostel"
"Bharati Vidyapeeth Deemed University College of Ayurved, Pune",https://www.careers360.com/colleges/bharati-vidyapeeth-deemed-university-college-of-ayurved-pune,Medical,Pune,Private,MD Ayurved Samhita and Siddhant,3 Years,"Boys Hostel, Girls Hostel"
"Bharati Vidyapeeth Deemed University College of Ayurved, Pune",https://www.careers360.com/colleges/bharati-vidyapeeth-deemed-university-college-of-ayurved-pune,Medical,Pune,Private,MD Kriya Sharir,3 Years,"Boys Hostel, Girls Hostel"
"Bharati Vidyapeeth Deemed University College of Ayurved, Pune",https://www.careers360.com/colleges/bharati-vidyapeeth-deemed-university-college-of-ayurved-pune,Medical,Pune,Private,MD Dravya Guna Vigyana,3 Years,"Boys Hostel, Girls Hostel"
"Bharati Vidyapeeth Deemed University College of Ayurved, Pune",https://www.careers360.com/colleges/bharati-vidyapeeth-deemed-university-college-of-ayurved-pune,Medical,Pune,Private,MD Roga Nidan Avum Vikrit Vigyana,3 Years,"Boys Hostel, Girls Hostel"
"Bharati Vidyapeeth Deemed University College of Ayurved, Pune",https://www.careers360.com/colleges/bharati-vidyapeeth-deemed-university-college-of-ayurved-pune,Medical,Pune,Private,MD Panchkarma,3 Years,"Boys Hostel, Girls Hostel"
"Bharati Vidyapeeth Deemed University College of Nursing, Pune",https://www.careers360.com/colleges/bharati-vidyapeeth-deemed-university-college-of-nursing-pune,Medical,Pune,Private,B.Sc Nursing,4 Years,"Boys Hostel, Girls Hostel"
"Bharati Vidyapeeth Deemed University College of Nursing, Pune",https://www.careers360.com/colleges/bharati-vidyapeeth-deemed-university-college-of-nursing-pune,Medical,Pune,Private,GNM,3 Years,"Boys Hostel, Girls Hostel"
"Bharati Vidyapeeth Deemed University College of Nursing, Pune",https://www.careers360.com/colleges/bharati-vidyapeeth-deemed-university-college-of-nursing-pune,Medical,Pune,Private,Post Basic B.Sc Nursing,2 Years,"Boys Hostel, Girls Hostel"
"Bharati Vidyapeeth Deemed University College of Nursing, Pune",https://www.careers360.com/colleges/bharati-vidyapeeth-deemed-university-college-of-nursing-pune,Medical,Pune,Private,M.Sc Obstetrics and Gynecological Nursing,2 Years,"Boys Hostel, Girls Hostel"
"Bharati Vidyapeeth Deemed University College of Nursing, Pune",https://www.careers360.com/colleges/bharati-vidyapeeth-deemed-university-college-of-nursing-pune,Medical,Pune,Private,M.Sc Medical Surgical Nursing,2 Years,"Boys Hostel, Girls Hostel"
"Bharati Vidyapeeth Deemed University College of Nursing, Pune",https://www.careers360.com/colleges/bharati-vidyapeeth-deemed-university-college-of-nursing-pune,Medical,Pune,Private,M.Sc Community Health Nursing,2 Years,"Boys Hostel, Girls Hostel"
"Bharati Vidyapeeth Deemed University College of Nursing, Pune",https://www.careers360.com/colleges/bharati-vidyapeeth-deemed-university-college-of-nursing-pune,Medical,Pune,Private,M.Sc Mental Health Nursing,2 Years,"Boys Hostel, Girls Hostel"
"Bharati Vidyapeeth Deemed University College of Nursing, Pune",https://www.careers360.com/colleges/bharati-vidyapeeth-deemed-university-college-of-nursing-pune,Medical,Pune,Private,M.Sc Child Health Nursing,2 Years,"Boys Hostel, Girls Hostel"
"BVMC Pune - Bharati Vidyapeeth Deemed University Medical College, Pune",https://www.careers360.com/colleges/bharati-vidyapeeth-deemed-university-medical-college-pune,Medical,Pune,Private,MBBS,5 Years 6 Months,"Boys Hostel, Girls Hostel"
"BVMC Pune - Bharati Vidyapeeth Deemed University Medical College, Pune",https://www.careers360.com/colleges/bharati-vidyapeeth-deemed-university-medical-college-pune,Medical,Pune,Private,Diploma in Medical Lab Technology,1 Year,"Boys Hostel, Girls Hostel"
"BVMC Pune - Bharati Vidyapeeth Deemed University Medical College, Pune",https://www.careers360.com/colleges/bharati-vidyapeeth-deemed-university-medical-college-pune,Medical,Pune,Private,MD General Medicine,3 Years,"Boys Hostel, Girls Hostel"
"BVMC Pune - Bharati Vidyapeeth Deemed University Medical College, Pune",https://www.careers360.com/colleges/bharati-vidyapeeth-deemed-university-medical-college-pune,Medical,Pune,Private,MD Radiodiagnosis,3 Years,"Boys Hostel, Girls Hostel"
"BVMC Pune - Bharati Vidyapeeth Deemed University Medical College, Pune",https://www.careers360.com/colleges/bharati-vidyapeeth-deemed-university-medical-college-pune,Medical,Pune,Private,MD Paediatrics,3 Years,"Boys Hostel, Girls Hostel"
"BVMC Pune - Bharati Vidyapeeth Deemed University Medical College, Pune",https://www.careers360.com/colleges/bharati-vidyapeeth-deemed-university-medical-college-pune,Medical,Pune,Private,MD Anaesthesiology,3 Years,"Boys Hostel, Girls Hostel"
"BVMC Pune - Bharati Vidyapeeth Deemed University Medical College, Pune",https://www.careers360.com/colleges/bharati-vidyapeeth-deemed-university-medical-college-pune,Medical,Pune,Private,MD Pathology,3 Years,"Boys Hostel, Girls Hostel"
"BVMC Pune - Bharati Vidyapeeth Deemed University Medical College, Pune",https://www.careers360.com/colleges/bharati-vidyapeeth-deemed-university-medical-college-pune,Medical,Pune,Private,MS Orthopaedics,3 Years,"Boys Hostel, Girls Hostel"
"BVMC Pune - Bharati Vidyapeeth Deemed University Medical College, Pune",https://www.careers360.com/colleges/bharati-vidyapeeth-deemed-university-medical-college-pune,Medical,Pune,Private,MS General Surgery,3 Years,"Boys Hostel, Girls Hostel"
"BVMC Pune - Bharati Vidyapeeth Deemed University Medical College, Pune",https://www.careers360.com/colleges/bharati-vidyapeeth-deemed-university-medical-college-pune,Medical,Pune,Private,MS Obstetrics and Gynaecology,3 Years,"Boys Hostel, Girls Hostel"
"BVMC Pune - Bharati Vidyapeeth Deemed University Medical College, Pune",https://www.careers360.com/colleges/bharati-vidyapeeth-deemed-university-medical-college-pune,Medical,Pune,Private,DM Critical Care Medicine,3 Years,"Boys Hostel, Girls Hostel"
"BVMC Pune - Bharati Vidyapeeth Deemed University Medical College, Pune",https://www.careers360.com/colleges/bharati-vidyapeeth-deemed-university-medical-college-pune,Medical,Pune,Private,DM Neonatology,3 Years,"Boys Hostel, Girls Hostel"
"BVMC Pune - Bharati Vidyapeeth Deemed University Medical College, Pune",https://www.careers360.com/colleges/bharati-vidyapeeth-deemed-university-medical-college-pune,Medical,Pune,Private,MD Psychiatry,3 Years,"Boys Hostel, Girls Hostel"
"BVMC Pune - Bharati Vidyapeeth Deemed University Medical College, Pune",https://www.careers360.com/colleges/bharati-vidyapeeth-deemed-university-medical-college-pune,Medical,Pune,Private,MD Community Medicine,3 Years,"Boys Hostel, Girls Hostel"
"BVMC Pune - Bharati Vidyapeeth Deemed University Medical College, Pune",https://www.careers360.com/colleges/bharati-vidyapeeth-deemed-university-medical-college-pune,Medical,Pune,Private,MS ENT,3 Years,"Boys Hostel, Girls Hostel"
"BVMC Pune - Bharati Vidyapeeth Deemed University Medical College, Pune",https://www.careers360.com/colleges/bharati-vidyapeeth-deemed-university-medical-college-pune,Medical,Pune,Private,MS Ophthalmology,3 Years,"Boys Hostel, Girls Hostel"
"BVMC Pune - Bharati Vidyapeeth Deemed University Medical College, Pune",https://www.careers360.com/colleges/bharati-vidyapeeth-deemed-university-medical-college-pune,Medical,Pune,Private,MD Pharmacology,3 Years,"Boys Hostel, Girls Hostel"
"BVMC Pune - Bharati Vidyapeeth Deemed University Medical College, Pune",https://www.careers360.com/colleges/bharati-vidyapeeth-deemed-university-medical-college-pune,Medical,Pune,Private,MD Pulmonary Medicine,3 Years,"Boys Hostel, Girls Hostel"
"BVMC Pune - Bharati Vidyapeeth Deemed University Medical College, Pune",https://www.careers360.com/colleges/bharati-vidyapeeth-deemed-university-medical-college-pune,Medical,Pune,Private,MD Microbiology,3 Years,"Boys Hostel, Girls Hostel"
"BVMC Pune - Bharati Vidyapeeth Deemed University Medical College, Pune",https://www.careers360.com/colleges/bharati-vidyapeeth-deemed-university-medical-college-pune,Medical,Pune,Private,MD Dermatology,3 Years,"Boys Hostel, Girls Hostel"
"Bharati Vidyapeeth Dental College and Hospital, Pune",https://www.careers360.com/colleges/bharati-vidyapeeth-dental-college-and-hospital-pune,Medical,Pune,Private,BDS,5 Years,"Boys Hostel, Girls Hostel"
"Bharati Vidyapeeth Dental College and Hospital, Pune",https://www.careers360.com/colleges/bharati-vidyapeeth-dental-college-and-hospital-pune,Medical,Pune,Private,MDS Oral and Maxillofacial Surgery,3 Years,"Boys Hostel, Girls Hostel"
"Bharati Vidyapeeth Dental College and Hospital, Pune",https://www.careers360.com/colleges/bharati-vidyapeeth-dental-college-and-hospital-pune,Medical,Pune,Private,MDS Orthodontics and Dentofacial Orthopedics,3 Years,"Boys Hostel, Girls Hostel"
"Bharati Vidyapeeth Dental College and Hospital, Pune",https://www.careers360.com/colleges/bharati-vidyapeeth-dental-college-and-hospital-pune,Medical,Pune,Private,MDS Prosthodontics and Crown and Bridge,3 Years,"Boys Hostel, Girls Hostel"
"Bharati Vidyapeeth Dental College and Hospital, Pune",https://www.careers360.com/colleges/bharati-vidyapeeth-dental-college-and-hospital-pune,Medical,Pune,Private,MDS Periodontology,3 Years,"Boys Hostel, Girls Hostel"
"Bharati Vidyapeeth Dental College and Hospital, Pune",https://www.careers360.com/colleges/bharati-vidyapeeth-dental-college-and-hospital-pune,Medical,Pune,Private,MDS Paedodontics and Preventive Dentistry,3 Years,"Boys Hostel, Girls Hostel"
"Bharati Vidyapeeth Dental College and Hospital, Pune",https://www.careers360.com/colleges/bharati-vidyapeeth-dental-college-and-hospital-pune,Medical,Pune,Private,MDS Conservative Dentistry and Endodontics,3 Years,"Boys Hostel, Girls Hostel"
"Bharati Vidyapeeth Dental College and Hospital, Pune",https://www.careers360.com/colleges/bharati-vidyapeeth-dental-college-and-hospital-pune,Medical,Pune,Private,MDS Oral Pathology and Microbiology,3 Years,"Boys Hostel, Girls Hostel"
"Bharati Vidyapeeth Dental College and Hospital, Pune",https://www.careers360.com/colleges/bharati-vidyapeeth-dental-college-and-hospital-pune,Medical,Pune,Private,MDS Oral Medicine and Radiology,3 Years,"Boys Hostel, Girls Hostel"
"Bharati Vidyapeeth Homoeopathic Medical College, Pune",https://www.careers360.com/colleges/bharati-vidyapeeth-homoeopathic-medical-college-pune,Medical,Pune,Private,BHMS,5 Years 6 Months,"Boys Hostel, Girls Hostel"
"Bharati Vidyapeeth Homoeopathic Medical College, Pune",https://www.careers360.com/colleges/bharati-vidyapeeth-homoeopathic-medical-college-pune,Medical,Pune,Private,MD Practice of Medicine,3 Years,"Boys Hostel, Girls Hostel"
"Bharati Vidyapeeth Homoeopathic Medical College, Pune",https://www.careers360.com/colleges/bharati-vidyapeeth-homoeopathic-medical-college-pune,Medical,Pune,Private,MD Homoeopathic Repertory,3 Years,"Boys Hostel, Girls Hostel"
"Bharati Vidyapeeth Homoeopathic Medical College, Pune",https://www.careers360.com/colleges/bharati-vidyapeeth-homoeopathic-medical-college-pune,Medical,Pune,Private,MD Homeopathic Materia Medica,3 Years,"Boys Hostel, Girls Hostel"
"Bharati Vidyapeeth Homoeopathic Medical College, Pune",https://www.careers360.com/colleges/bharati-vidyapeeth-homoeopathic-medical-college-pune,Medical,Pune,Private,MD Organon of Medicine and Philosophy,3 Years,"Boys Hostel, Girls Hostel"
"Bharati Vidyapeeth Homoeopathic Medical College, Pune",https://www.careers360.com/colleges/bharati-vidyapeeth-homoeopathic-medical-college-pune,Medical,Pune,Private,MD Homoeopathic Pharmacy,3 Years,"Boys Hostel, Girls Hostel"
"Bharati Vidyapeeth Homoeopathic Medical College, Pune",https://www.careers360.com/colleges/bharati-vidyapeeth-homoeopathic-medical-college-pune,Medical,Pune,Private,Ph.D Homeopathy Pharmacy,6 Years,"Boys Hostel, Girls Hostel"
"Bharatratna Atal Bihari Vajpayee Medical College, Pune",https://www.careers360.com/colleges/bharatratna-atal-bihari-vajpayee-medical-college-pune,Medical,Pune,Private,MBBS,5 Years 6 Months,"Boys Hostel, Girls Hostel"
"BJMC Pune - BJ Government Medical College, Pune",https://www.careers360.com/colleges/bj-government-medical-college-pune,Medical,Pune,Government,MBBS,5 Years 6 Months,"Boys Hostel, Girls Hostel"
"BJMC Pune - BJ Government Medical College, Pune",https://www.careers360.com/colleges/bj-government-medical-college-pune,Medical,Pune,Government,B.Sc Nursing,4 Years,"Boys Hostel, Girls Hostel"
"BJMC Pune - BJ Government Medical College, Pune",https://www.careers360.com/colleges/bj-government-medical-college-pune,Medical,Pune,Government,MS Obstetrics and Gynaecology,3 Years,"Boys Hostel, Girls Hostel"
"BJMC Pune - BJ Government Medical College, Pune",https://www.careers360.com/colleges/bj-government-medical-college-pune,Medical,Pune,Government,MS General Surgery,3 Years,"Boys Hostel, Girls Hostel"
"BJMC Pune - BJ Government Medical College, Pune",https://www.careers360.com/colleges/bj-government-medical-college-pune,Medical,Pune,Government,MD Pathology,3 Years,"Boys Hostel, Girls Hostel"
"BJMC Pune - BJ Government Medical College, Pune",https://www.careers360.com/colleges/bj-government-medical-college-pune,Medical,Pune,Government,MD General Medicine,3 Years,"Boys Hostel, Girls Hostel"
"BJMC Pune - BJ Government Medical College, Pune",https://www.careers360.com/colleges/bj-government-medical-college-pune,Medical,Pune,Government,MD Anaesthesiology,3 Years,"Boys Hostel, Girls Hostel"
"BJMC Pune - BJ Government Medical College, Pune",https://www.careers360.com/colleges/bj-government-medical-college-pune,Medical,Pune,Government,MD Paediatrics,3 Years,"Boys Hostel, Girls Hostel"
"BJMC Pune - BJ Government Medical College, Pune",https://www.careers360.com/colleges/bj-government-medical-college-pune,Medical,Pune,Government,MS Orthopaedics,3 Years,"Boys Hostel, Girls Hostel"
"BJMC Pune - BJ Government Medical College, Pune",https://www.careers360.com/colleges/bj-government-medical-college-pune,Medical,Pune,Government,MD Radiology,3 Years,"Boys Hostel, Girls Hostel"
"BJMC Pune - BJ Government Medical College, Pune",https://www.careers360.com/colleges/bj-government-medical-college-pune,Medical,Pune,Government,MD Preventive Social Medicine,3 Years,"Boys Hostel, Girls Hostel"
"BJMC Pune - BJ Government Medical College, Pune",https://www.careers360.com/colleges/bj-government-medical-college-pune,Medical,Pune,Government,MD Ophthalmology,3 Years,"Boys Hostel, Girls Hostel"
"BJMC Pune - BJ Government Medical College, Pune",https://www.careers360.com/colleges/bj-government-medical-college-pune,Medical,Pune,Government,MD Microbiology,3 Years,"Boys Hostel, Girls Hostel"
"BJMC Pune - BJ Government Medical College, Pune",https://www.careers360.com/colleges/bj-government-medical-college-pune,Medical,Pune,Government,MD Biochemistry,3 Years,"Boys Hostel, Girls Hostel"
"BJMC Pune - BJ Government Medical College, Pune",https://www.careers360.com/colleges/bj-government-medical-college-pune,Medical,Pune,Government,MD Skin and Dermatology Venereology,3 Years,"Boys Hostel, Girls Hostel"
"BJMC Pune - BJ Government Medical College, Pune",https://www.careers360.com/colleges/bj-government-medical-college-pune,Medical,Pune,Government,MD Pharmacology,3 Years,"Boys Hostel, Girls Hostel"
"BJMC Pune - BJ Government Medical College, Pune",https://www.careers360.com/colleges/bj-government-medical-college-pune,Medical,Pune,Government,MS ENT,3 Years,"Boys Hostel, Girls Hostel"
"BJMC Pune - BJ Government Medical College, Pune",https://www.careers360.com/colleges/bj-government-medical-college-pune,Medical,Pune,Government,MD Psychiatry,3 Years,"Boys Hostel, Girls Hostel"
"BJMC Pune - BJ Government Medical College, Pune",https://www.careers360.com/colleges/bj-government-medical-college-pune,Medical,Pune,Government,MD Forensic Medicine,3 Years,"Boys Hostel, Girls Hostel"
"College of Nursing, Armed Forces Medical College, Pune",https://www.careers360.com/colleges/college-of-nursing-armed-forces-medical-college-pune,Medical,Pune,Government,B.Sc Nursing,4 Years,Girls Hostel
"College of Nursing, Armed Forces Medical College, Pune",https://www.careers360.com/colleges/college-of-nursing-armed-forces-medical-college-pune,Medical,Pune,Government,Post Basic B.Sc Nursing,2 Years,Girls Hostel
"College of Nursing, Armed Forces Medical College, Pune",https://www.careers360.com/colleges/college-of-nursing-armed-forces-medical-college-pune,Medical,Pune,Government,M.Sc Obstetrics and Gynaecology Nursing,2 Years,Girls Hostel
"College of Nursing, Armed Forces Medical College, Pune",https://www.careers360.com/colleges/college-of-nursing-armed-forces-medical-college-pune,Medical,Pune,Government,M.Sc Paediatric Nursing,2 Years,Girls Hostel
"College of Nursing, Armed Forces Medical College, Pune",https://www.careers360.com/colleges/college-of-nursing-armed-forces-medical-college-pune,Medical,Pune,Government,M.Sc Community Health Nursing,2 Years,Girls Hostel
"College of Nursing, Armed Forces Medical College, Pune",https://www.careers360.com/colleges/college-of-nursing-armed-forces-medical-college-pune,Medical,Pune,Government,M.Sc Medical Surgical Nursing,2 Years,Girls Hostel
"DE Society's Brijlal Jindal College of Physiotherapy, Pune",https://www.careers360.com/colleges/de-societys-brijlal-jindal-college-of-physiotherapy-pune,Medical,Pune,Private,BPT,4 Years 6 Months,"Boys Hostel, Girls Hostel"
"DE Society's Brijlal Jindal College of Physiotherapy, Pune",https://www.careers360.com/colleges/de-societys-brijlal-jindal-college-of-physiotherapy-pune,Medical,Pune,Private,MPT Community Physiotherapy,2 Years,"Boys Hostel, Girls Hostel"
"DE Society's Brijlal Jindal College of Physiotherapy, Pune",https://www.careers360.com/colleges/de-societys-brijlal-jindal-college-of-physiotherapy-pune,Medical,Pune,Private,MPT Cardiovascular and Respiratory Sciences Physiotherapy,2 Years,"Boys Hostel, Girls Hostel"
"DE Society's Brijlal Jindal College of Physiotherapy, Pune",https://www.careers360.com/colleges/de-societys-brijlal-jindal-college-of-physiotherapy-pune,Medical,Pune,Private,MPT Musculoskeletal and Sports conditions Physiotherapy,2 Years,"Boys Hostel, Girls Hostel"
"DE Society's Brijlal Jindal College of Physiotherapy, Pune",https://www.careers360.com/colleges/de-societys-brijlal-jindal-college-of-physiotherapy-pune,Medical,Pune,Private,MPT Neurosciences Physiotherapy,2 Years,"Boys Hostel, Girls Hostel"
"DE Society's Smt Subhadra K Jindal College of Nursing, Pune",https://www.careers360.com/colleges/de-societys-smt-subhadra-k-jindal-college-of-nursing-pune,Medical,Pune,Private,B.Sc Nursing,4 Years,"Boys Hostel, Girls Hostel"
"DE Society's Smt Subhadra K Jindal College of Nursing, Pune",https://www.careers360.com/colleges/de-societys-smt-subhadra-k-jindal-college-of-nursing-pune,Medical,Pune,Private,M.Sc Medical Surgical Nursing,2 Years,"Boys Hostel, Girls Hostel"
"DE Society's Smt Subhadra K Jindal College of Nursing, Pune",https://www.careers360.com/colleges/de-societys-smt-subhadra-k-jindal-college-of-nursing-pune,Medical,Pune,Private,M.Sc Obstetric and Gynecological Nursing,2 Years,"Boys Hostel, Girls Hostel"
"DE Society's Smt Subhadra K Jindal College of Nursing, Pune",https://www.careers360.com/colleges/de-societys-smt-subhadra-k-jindal-college-of-nursing-pune,Medical,Pune,Private,M.Sc Psychiatric Nursing,2 Years,"Boys Hostel, Girls Hostel"
"DE Society's Smt Subhadra K Jindal College of Nursing, Pune",https://www.careers360.com/colleges/de-societys-smt-subhadra-k-jindal-college-of-nursing-pune,Medical,Pune,Private,M.Sc Community Health Nursing,2 Years,"Boys Hostel, Girls Hostel"
"Dhondumama Sathe Homoeopathic Medical College, Pune",https://www.careers360.com/colleges/dhondumama-sathe-homoeopathic-medical-college-pune,Medical,Pune,Private,BHMS,5 Years 6 Months,"Boys Hostel, Girls Hostel"
"Dhondumama Sathe Homoeopathic Medical College, Pune",https://www.careers360.com/colleges/dhondumama-sathe-homoeopathic-medical-college-pune,Medical,Pune,Private,MD Homoeopathic Repertory,3 Years,"Boys Hostel, Girls Hostel"
"Dhondumama Sathe Homoeopathic Medical College, Pune",https://www.careers360.com/colleges/dhondumama-sathe-homoeopathic-medical-college-pune,Medical,Pune,Private,MD Homoeopathic Practice of Medicine,3 Years,"Boys Hostel, Girls Hostel"
"Dhondumama Sathe Homoeopathic Medical College, Pune",https://www.careers360.com/colleges/dhondumama-sathe-homoeopathic-medical-college-pune,Medical,Pune,Private,MD Homoeopathic Organon of Medicine and Philosophy,3 Years,"Boys Hostel, Girls Hostel"
"Dhondumama Sathe Homoeopathic Medical College, Pune",https://www.careers360.com/colleges/dhondumama-sathe-homoeopathic-medical-college-pune,Medical,Pune,Private,MD Homoeopathic Materia Medica,3 Years,"Boys Hostel, Girls Hostel"
"Dr BB Khaladkar College of Physiotherapy, Pune",https://www.careers360.com/colleges/dr-bb-khaladkar-college-of-physiotherapy-pune,Medical,Pune,Private,BPT,4 Years 6 Months,
"Dr DY Patil Biotechnology and Bioinformatics Institute, Pune",https://www.careers360.com/colleges/dr-dy-patil-biotechnology-and-bioinformatics-institute-pune,Medical,Pune,Private,B.Tech Medical Biotechnology,4 Years,
"Dr DY Patil Dnyan Prasad University, Pune",https://www.careers360.com/university/dr-dy-patil-dnyan-prasad-university-pune,Medical,Pune,Private,D.Pharma,2 Years,
"Dr DY Patil Dnyan Prasad University, Pune",https://www.careers360.com/university/dr-dy-patil-dnyan-prasad-university-pune,Medical,Pune,Private,Pharm.D,5 Years,
"Dr DY Patil Dnyan Prasad University, Pune",https://www.careers360.com/university/dr-dy-patil-dnyan-prasad-university-pune,Medical,Pune,Private,M.Pharma Pharmaceutics,2 Years,
"Dr DY Patil Dnyan Prasad University, Pune",https://www.careers360.com/university/dr-dy-patil-dnyan-prasad-university-pune,Medical,Pune,Private,B.Pharma MBA Pharma Technology Integrated,5 Years,
"Dr DY Patil Dnyan Prasad University, Pune",https://www.careers360.com/university/dr-dy-patil-dnyan-prasad-university-pune,Medical,Pune,Private,M.Pharma Pharmacology,2 Years,
"Dr DY Patil Dnyan Prasad University, Pune",https://www.careers360.com/university/dr-dy-patil-dnyan-prasad-university-pune,Medical,Pune,Private,B.Pharma,4 Years,
"Dr DY Patil Homoeopathic Medical College and Research Centre, Pune",https://www.careers360.com/colleges/dr-dy-patil-homoeopathic-medical-college-and-research-centre-pune,Medical,Pune,Private,BHMS,5 Years 6 Months,"Boys Hostel, Girls Hostel"
"Dr DY Patil Homoeopathic Medical College and Research Centre, Pune",https://www.careers360.com/colleges/dr-dy-patil-homoeopathic-medical-college-and-research-centre-pune,Medical,Pune,Private,MD Repertory,3 Years,"Boys Hostel, Girls Hostel"
"Dr DY Patil Homoeopathic Medical College and Research Centre, Pune",https://www.careers360.com/colleges/dr-dy-patil-homoeopathic-medical-college-and-research-centre-pune,Medical,Pune,Private,MD Homoeopathic Materia Medica,3 Years,"Boys Hostel, Girls Hostel"
"Dr DY Patil Homoeopathic Medical College and Research Centre, Pune",https://www.careers360.com/colleges/dr-dy-patil-homoeopathic-medical-college-and-research-centre-pune,Medical,Pune,Private,MD Homoeopathic Philosophy,3 Years,"Boys Hostel, Girls Hostel"
"DR DY Patil Institute of Nursing Education, Pune",https://www.careers360.com/colleges/dr-dy-patil-institute-of-nursing-education-pune,Medical,Pune,Private,M.Sc Obstetrics and Gynecology Nursing,2 Years,
"DR DY Patil Institute of Nursing Education, Pune",https://www.careers360.com/colleges/dr-dy-patil-institute-of-nursing-education-pune,Medical,Pune,Private,M.Sc Child Health Nursing,2 Years,
"DR DY Patil Institute of Nursing Education, Pune",https://www.careers360.com/colleges/dr-dy-patil-institute-of-nursing-education-pune,Medical,Pune,Private,M.Sc Community Health Nursing,2 Years,
"DR DY Patil Institute of Nursing Education, Pune",https://www.careers360.com/colleges/dr-dy-patil-institute-of-nursing-education-pune,Medical,Pune,Private,M.Sc Medical Surgical Nursing,2 Years,
"DR DY Patil Institute of Nursing Education, Pune",https://www.careers360.com/colleges/dr-dy-patil-institute-of-nursing-education-pune,Medical,Pune,Private,B.Sc Nursing,4 Years,
"DR DY Patil Institute of Nursing Education, Pune",https://www.careers360.com/colleges/dr-dy-patil-institute-of-nursing-education-pune,Medical,Pune,Private,Post Basic B.Sc Nursing,2 Years,
"DR DY Patil Institute of Nursing Education, Pune",https://www.careers360.com/colleges/dr-dy-patil-institute-of-nursing-education-pune,Medical,Pune,Private,GNM,3 Years,
"DYPMC Pune - Dr D Y Patil Medical College Hospital and Research Centre, Pune",https://www.careers360.com/colleges/dr-d-y-patil-medical-college-hospital-and-research-centre-pune,Medical,Pune,Private,MBBS,5 Years 6 Months,"Boys Hostel, Girls Hostel"
"DYPMC Pune - Dr D Y Patil Medical College Hospital and Research Centre, Pune",https://www.careers360.com/colleges/dr-d-y-patil-medical-college-hospital-and-research-centre-pune,Medical,Pune,Private,MD Anaesthesiology,3 Years,"Boys Hostel, Girls Hostel"
"DYPMC Pune - Dr D Y Patil Medical College Hospital and Research Centre, Pune",https://www.careers360.com/colleges/dr-d-y-patil-medical-college-hospital-and-research-centre-pune,Medical,Pune,Private,MS General Surgery,3 Years,"Boys Hostel, Girls Hostel"
"DYPMC Pune - Dr D Y Patil Medical College Hospital and Research Centre, Pune",https://www.careers360.com/colleges/dr-d-y-patil-medical-college-hospital-and-research-centre-pune,Medical,Pune,Private,MS Orthopaedics,3 Years,"Boys Hostel, Girls Hostel"
"DYPMC Pune - Dr D Y Patil Medical College Hospital and Research Centre, Pune",https://www.careers360.com/colleges/dr-d-y-patil-medical-college-hospital-and-research-centre-pune,Medical,Pune,Private,MD General Medicine,3 Years,"Boys Hostel, Girls Hostel"
"DYPMC Pune - Dr D Y Patil Medical College Hospital and Research Centre, Pune",https://www.careers360.com/colleges/dr-d-y-patil-medical-college-hospital-and-research-centre-pune,Medical,Pune,Private,MD Radiodiagnosis,3 Years,"Boys Hostel, Girls Hostel"
"DYPMC Pune - Dr D Y Patil Medical College Hospital and Research Centre, Pune",https://www.careers360.com/colleges/dr-d-y-patil-medical-college-hospital-and-research-centre-pune,Medical,Pune,Private,MD Paediatrics,3 Years,"Boys Hostel, Girls Hostel"
"DYPMC Pune - Dr D Y Patil Medical College Hospital and Research Centre, Pune",https://www.careers360.com/colleges/dr-d-y-patil-medical-college-hospital-and-research-centre-pune,Medical,Pune,Private,MS Obstetrics and Gynaecology,3 Years,"Boys Hostel, Girls Hostel"
"DYPMC Pune - Dr D Y Patil Medical College Hospital and Research Centre, Pune",https://www.careers360.com/colleges/dr-d-y-patil-medical-college-hospital-and-research-centre-pune,Medical,Pune,Private,MD Pathology,3 Years,"Boys Hostel, Girls Hostel"
"DYPMC Pune - Dr D Y Patil Medical College Hospital and Research Centre, Pune",https://www.careers360.com/colleges/dr-d-y-patil-medical-college-hospital-and-research-centre-pune,Medical,Pune,Private,"MD Dermatology, Venereology and Leprosy",3 Years,"Boys Hostel, Girls Hostel"
"DYPMC Pune - Dr D Y Patil Medical College Hospital and Research Centre, Pune",https://www.careers360.com/colleges/dr-d-y-patil-medical-college-hospital-and-research-centre-pune,Medical,Pune,Private,MS Ophthalmology,3 Years,"Boys Hostel, Girls Hostel"
"DYPMC Pune - Dr D Y Patil Medical College Hospital and Research Centre, Pune",https://www.careers360.com/colleges/dr-d-y-patil-medical-college-hospital-and-research-centre-pune,Medical,Pune,Private,MD Community Medicine,3 Years,"Boys Hostel, Girls Hostel"
"DYPMC Pune - Dr D Y Patil Medical College Hospital and Research Centre, Pune",https://www.careers360.com/colleges/dr-d-y-patil-medical-college-hospital-and-research-centre-pune,Medical,Pune,Private,MD Respiratory Medicine,3 Years,"Boys Hostel, Girls Hostel"
"DYPMC Pune - Dr D Y Patil Medical College Hospital and Research Centre, Pune",https://www.careers360.com/colleges/dr-d-y-patil-medical-college-hospital-and-research-centre-pune,Medical,Pune,Private,MS Otorhinolaryngology,3 Years,"Boys Hostel, Girls Hostel"
"DYPMC Pune - Dr D Y Patil Medical College Hospital and Research Centre, Pune",https://www.careers360.com/colleges/dr-d-y-patil-medical-college-hospital-and-research-centre-pune,Medical,Pune,Private,MD Psychiatry,3 Years,"Boys Hostel, Girls Hostel"
"DYPMC Pune - Dr D Y Patil Medical College Hospital and Research Centre, Pune",https://www.careers360.com/colleges/dr-d-y-patil-medical-college-hospital-and-research-centre-pune,Medical,Pune,Private,MD Pharmacology,3 Years,"Boys Hostel, Girls Hostel"
"Dr DY Patil School of Allied Health Sciences, Pune",https://www.careers360.com/colleges/dr-dy-patil-school-of-allied-health-sciences-pune,Medical,Pune,Private,B.Sc Radiology and Imaging Technology,4 Years,
"Dr DY Patil School of Allied Health Sciences, Pune",https://www.careers360.com/colleges/dr-dy-patil-school-of-allied-health-sciences-pune,Medical,Pune,Private,B.Sc Medical Laboratory Technology,4 Years,
"Dr DY Patil School of Allied Health Sciences, Pune",https://www.careers360.com/colleges/dr-dy-patil-school-of-allied-health-sciences-pune,Medical,Pune,Private,B.Sc Dialysis Technology,4 Years,
"Dr DY Patil School of Allied Health Sciences, Pune",https://www.careers360.com/colleges/dr-dy-patil-school-of-allied-health-sciences-pune,Medical,Pune,Private,M.Sc Radiology and Imaging Technology,2 Years,
"MIT-WPU Pune - Dr Vishwanath Karad MIT World Peace University, Pune",https://www.careers360.com/university/dr-vishwanath-karad-mit-world-peace-university-pune,Medical,Pune,Private,B.Pharma,4 Years,"Boys Hostel, Girls Hostel"
"Dwarika Sangamnerkar Medical Foundation School of Nursing, Pune",https://www.careers360.com/colleges/dwarika-sangamnerkar-medical-foundation-school-of-nursing-pune,Medical,Pune,Private,GNM,3 Years,
"Dwarika Sangamnerkar Medical Foundation School of Nursing, Pune",https://www.careers360.com/colleges/dwarika-sangamnerkar-medical-foundation-school-of-nursing-pune,Medical,Pune,Private,ANM,2 Years,
"ASAD Pune - Aayojan School of Architecture and Design, Pune",https://www.careers360.com/colleges/aayojan-school-of-architecture-and-design-pune,Architecture,Pune,Private,B.Arch,5 Years,
"ASAD Pune - Aayojan School of Architecture and Design, Pune",https://www.careers360.com/colleges/aayojan-school-of-architecture-and-design-pune,Architecture,Pune,Private,M.Arch Urban Design,2 Years,
"Brick Group of Institutes, Pune",https://www.careers360.com/colleges/brick-group-of-institutes-pune,Architecture,Pune,,B.Arch,5 Years,
"Brick Group of Institutes, Pune",https://www.careers360.com/colleges/brick-group-of-institutes-pune,Architecture,Pune,,M.Arch,2 Years,
"Brick School of Architecture, Pune",https://www.careers360.com/colleges/brick-school-of-architecture-pune,Architecture,Pune,Private,B.Arch,5 Years,
"Dr Bhanuben Nanavati College of Architecture for Women, Pune",https://www.careers360.com/colleges/dr-bhanuben-nanavati-college-of-architecture-for-women-pune,Architecture,Pune,Private,B.Arch,5 Years,Girls Hostel
"Dr Bhanuben Nanavati College of Architecture for Women, Pune",https://www.careers360.com/colleges/dr-bhanuben-nanavati-college-of-architecture-for-women-pune,Architecture,Pune,Private,M.Arch Landscape Architecture,2 Years,Girls Hostel
"Dr Bhanuben Nanavati College of Architecture for Women, Pune",https://www.careers360.com/colleges/dr-bhanuben-nanavati-college-of-architecture-for-women-pune,Architecture,Pune,Private,M.Arch Digital Architecture,2 Years,Girls Hostel
"Dr Bhanuben Nanavati College of Architecture for Women, Pune",https://www.careers360.com/colleges/dr-bhanuben-nanavati-college-of-architecture-for-women-pune,Architecture,Pune,Private,M.Arch Environmental Architecture,2 Years,Girls Hostel
"Dr Bhanuben Nanavati College of Architecture for Women, Pune",https://www.careers360.com/colleges/dr-bhanuben-nanavati-college-of-architecture-for-women-pune,Architecture,Pune,Private,Ph.D Architecture,6 Years,Girls Hostel
"Dr DY Patil College of Architecture, Pune",https://www.careers360.com/colleges/dr-dy-patil-college-of-architecture-pune,Architecture,Pune,Private,B.Arch,5 Years,"Boys Hostel, Girls Hostel"
"Dr DY Patil College of Architecture, Pune",https://www.careers360.com/colleges/dr-dy-patil-college-of-architecture-pune,Architecture,Pune,Private,M.Arch Construction Management,2 Years,"Boys Hostel, Girls Hostel"
"Dr DY Patil School of Architecture, Pune",https://www.careers360.com/colleges/dr-dy-patil-school-of-architecture-pune,Architecture,Pune,Private,B.Arch,5 Years,"Boys Hostel, Girls Hostel"
"Dr DY Patil School of Architecture, Pune",https://www.careers360.com/colleges/dr-dy-patil-school-of-architecture-pune,Architecture,Pune,Private,M.Arch Environmental Architecture,2 Years,"Boys Hostel, Girls Hostel"
"Flora College of Architecture, Pune",https://www.careers360.com/colleges/flora-college-of-architecture-pune,Architecture,Pune,Private,B.Arch,5 Years,"Boys Hostel, Girls Hostel"
"Marathwada Mitra Mandal's College of Architecture, Pune",https://www.careers360.com/colleges/marathwada-mitra-mandals-college-of-architecture-pune,Architecture,Pune,Private,B.Arch,5 Years,
"Marathwada Mitra Mandal's Institute of Environment and Design College of Architecture, Pune",https://www.careers360.com/colleges/marathwada-mitra-mandals-institute-of-environment-and-design-college-of-architecture-pune,Architecture,Pune,Private,B.Arch,5 Years,"Boys Hostel, Girls Hostel"
"MIT ADT University - MIT Art Design and Technology University, Pune",https://www.careers360.com/university/mit-art-design-and-technology-university-pune,Architecture,Pune,Private,B.Arch,5 Years,"Boys Hostel, Girls Hostel"
"NICMAR Pune - NICMAR University, Pune",https://www.careers360.com/university/nicmar-university-pune,Architecture,Pune,Private,MBA Advanced Construction Management,2 Years,"Boys Hostel, Girls Hostel"
"NICMAR Pune - NICMAR University, Pune",https://www.careers360.com/university/nicmar-university-pune,Architecture,Pune,Private,B.Arch,5 Years,"Boys Hostel, Girls Hostel"
"NICMAR Pune - NICMAR University, Pune",https://www.careers360.com/university/nicmar-university-pune,Architecture,Pune,Private,M.Plan Urban Planning,2 Years,"Boys Hostel, Girls Hostel"
"NICMAR Pune - NICMAR University, Pune",https://www.careers360.com/university/nicmar-university-pune,Architecture,Pune,Private,Ph.D Urban Planning and Development,6 Years,"Boys Hostel, Girls Hostel"
"Shri Shivaji Maratha Society's College of Architecture, Pune",https://www.careers360.com/colleges/shri-shivaji-maratha-societys-college-of-architecture-pune,Architecture,Pune,Private,B.Arch,5 Years,
"Siddhant College of Architecture, Pune",https://www.careers360.com/colleges/siddhant-college-of-architecture-pune,Architecture,Pune,Private,B.Arch,5 Years,
"Sinhgad College of Architecture, Pune",https://www.careers360.com/colleges/sinhgad-college-of-architecture-pune,Architecture,Pune,Private,B.Arch,5 Years,"Boys Hostel, Girls Hostel"
"Sinhgad College of Architecture, Pune",https://www.careers360.com/colleges/sinhgad-college-of-architecture-pune,Architecture,Pune,Private,M.Arch Architectural Conservation,2 Years,"Boys Hostel, Girls Hostel"
"Sinhgad College of Architecture, Pune",https://www.careers360.com/colleges/sinhgad-college-of-architecture-pune,Architecture,Pune,Private,M.Arch Computer Application,2 Years,"Boys Hostel, Girls Hostel"
"Sinhgad College of Architecture, Pune",https://www.careers360.com/colleges/sinhgad-college-of-architecture-pune,Architecture,Pune,Private,Ph.D Architecture,6 Years,"Boys Hostel, Girls Hostel"
"Smt Kashibai Navale College of Architecture, Pune",https://www.careers360.com/colleges/smt-kashibai-navale-college-of-architecture-pune,Architecture,Pune,Private,B.Arch,5 Years,"Girls Hostel, Boys Hostel"
"Smt Kashibai Navale College of Architecture, Pune",https://www.careers360.com/colleges/smt-kashibai-navale-college-of-architecture-pune,Architecture,Pune,Private,M.Arch Landscape Architecture,2 Years,"Girls Hostel, Boys Hostel"
"SSPU Pune - Symbiosis Skills and Professional University, Pune",https://www.careers360.com/university/symbiosis-skills-and-professional-university-pune,Architecture,Pune,Private,B.Arch,5 Years,"Boys Hostel, Girls Hostel"
"SSPU Pune - Symbiosis Skills and Professional University, Pune",https://www.careers360.com/university/symbiosis-skills-and-professional-university-pune,Architecture,Pune,Private,B.Tech Construction Engineering and Management,4 Years,"Boys Hostel, Girls Hostel"
"Trinity College of Architecture, Pune",https://www.careers360.com/colleges/trinity-college-of-architecture-pune,Architecture,Pune,Private,B.Arch,5 Years,"Boys Hostel, Girls Hostel"
"Vidya Pratishthan's Indapur College of Architecture, Pune",https://www.careers360.com/colleges/vidya-pratishthans-indapur-college-of-architecture-pune,Architecture,Pune,Private,B.Arch,5 Years,"Boys Hostel, Girls Hostel"
"Vivekanand Institute of Technology's Padmbhushan Dr Vasantdada Patil College of Architecture, Pune",https://www.careers360.com/colleges/vivekanand-institute-of-technologys-padmbhushan-dr-vasantdada-patil-college-of-architecture-pune,Architecture,Pune,Private,B.Arch,5 Years,"Boys Hostel, Girls Hostel"
"Vivekanand Institute of Technology's Padmbhushan Dr Vasantdada Patil College of Architecture, Pune",https://www.careers360.com/colleges/vivekanand-institute-of-technologys-padmbhushan-dr-vasantdada-patil-college-of-architecture-pune,Architecture,Pune,Private,M.Arch Landscape Architecture,2 Years,"Boys Hostel, Girls Hostel"
"Vivekanand Institute of Technology's Padmbhushan Dr Vasantdada Patil College of Architecture, Pune",https://www.careers360.com/colleges/vivekanand-institute-of-technologys-padmbhushan-dr-vasantdada-patil-college-of-architecture-pune,Architecture,Pune,Private,M.Arch Urban Design,2 Years,"Boys Hostel, Girls Hostel"
"ADYPU, Pune - Ajeenkya DY Patil University, Pune",https://www.careers360.com/university/ajeenkya-dy-patil-university-pune,Design,Pune,Private,B.Sc Animation and VFX,3 Years,"Boys Hostel, Girls Hostel"
"ADYPU, Pune - Ajeenkya DY Patil University, Pune",https://www.careers360.com/university/ajeenkya-dy-patil-university-pune,Design,Pune,Private,B.Sc Game Art and Design,3 Years,"Boys Hostel, Girls Hostel"
"ADYPU, Pune - Ajeenkya DY Patil University, Pune",https://www.careers360.com/university/ajeenkya-dy-patil-university-pune,Design,Pune,Private,B.Des UI UX,4 Years,"Boys Hostel, Girls Hostel"
"ADYPU, Pune - Ajeenkya DY Patil University, Pune",https://www.careers360.com/university/ajeenkya-dy-patil-university-pune,Design,Pune,Private,B.Des Fashion Design,4 Years,"Boys Hostel, Girls Hostel"
"ADYPU, Pune - Ajeenkya DY Patil University, Pune",https://www.careers360.com/university/ajeenkya-dy-patil-university-pune,Design,Pune,Private,B.Des Transportation Design,4 Years,"Boys Hostel, Girls Hostel"
"ADYPU, Pune - Ajeenkya DY Patil University, Pune",https://www.careers360.com/university/ajeenkya-dy-patil-university-pune,Design,Pune,Private,B.Des Product Design,4 Years,"Boys Hostel, Girls Hostel"
"ADYPU, Pune - Ajeenkya DY Patil University, Pune",https://www.careers360.com/university/ajeenkya-dy-patil-university-pune,Design,Pune,Private,B.Des Visual Communication Design,4 Years,"Boys Hostel, Girls Hostel"
"Alard School Of Design, Pune",https://www.careers360.com/colleges/alard-school-of-design-pune,Design,Pune,Private,B.Des in Game Design,4 Years,Boys Hostel
"Alard School Of Design, Pune",https://www.careers360.com/colleges/alard-school-of-design-pune,Design,Pune,Private,B.Des in Communication Design,4 Years,Boys Hostel
"Alard School Of Design, Pune",https://www.careers360.com/colleges/alard-school-of-design-pune,Design,Pune,Private,B.Sc Game Design and Motion Graphics,3 Years,Boys Hostel
"Alard School Of Design, Pune",https://www.careers360.com/colleges/alard-school-of-design-pune,Design,Pune,Private,B.Sc Graphics 3D Animation and VFX,3 Years,Boys Hostel
"Alard School Of Design, Pune",https://www.careers360.com/colleges/alard-school-of-design-pune,Design,Pune,Private,B.Des UI UX Design,4 Years,Boys Hostel
"Alard School Of Design, Pune",https://www.careers360.com/colleges/alard-school-of-design-pune,Design,Pune,Private,B.Sc Communication Design,3 Years,Boys Hostel
"Asian College of Science and Commerce, Pune",https://www.careers360.com/colleges/asian-college-of-science-and-commerce-pune,Design,Pune,Private,B.Sc Animation,3 Years,
"BVCA Pune - Bharati Vidyapeeth College of Architecture, Pune",https://www.careers360.com/colleges/bharati-vidyapeeth-college-of-architecture-pune,Design,Pune,Private,B.Sc. Sustainable Interior Design,4 Years,"Boys Hostel, Girls Hostel"
"Bharati Vidyapeeth Deemed University Amplify Department of Information Technology and Management, Pune",https://www.careers360.com/colleges/bharati-vidyapeeth-deemed-university-amplify-department-of-information-technology-and-management-pune,Design,Pune,Private,B.Sc Animation and Gaming,3 Years,"Boys Hostel, Girls Hostel"
"Brick Group of Institutes, Pune",https://www.careers360.com/colleges/brick-group-of-institutes-pune,Design,Pune,Private,Diploma in Interior Design,4 Years,
"BSID Pune - Brick School of Interior Design, Pune",https://www.careers360.com/colleges/brick-school-of-interior-design-pune,Design,Pune,Private,Diploma in Interior Design,4 Years,
"CG Animation Academy, Pune",https://www.careers360.com/colleges/cg-animation-academy-pune,Design,Pune,Private,B.Sc Animation,3 Years,"Girls Hostel, Boys Hostel"
"CG Animation Academy, Pune",https://www.careers360.com/colleges/cg-animation-academy-pune,Design,Pune,Private,UG Diploma in 3D Animation,2 Years,"Girls Hostel, Boys Hostel"
"CG Animation Academy, Pune",https://www.careers360.com/colleges/cg-animation-academy-pune,Design,Pune,Private,PG Diploma in 3D Animation,1 Year,"Girls Hostel, Boys Hostel"
"CG Animation Academy, Pune",https://www.careers360.com/colleges/cg-animation-academy-pune,Design,Pune,Private,MA Animation,2 Years,"Girls Hostel, Boys Hostel"
"CG Animation Academy, Pune",https://www.careers360.com/colleges/cg-animation-academy-pune,Design,Pune,Private,BA Animation,3 Years,"Girls Hostel, Boys Hostel"
"CG Animation Academy, Pune",https://www.careers360.com/colleges/cg-animation-academy-pune,Design,Pune,Private,Diploma in Advance Media Graphics Animation,3 Years,"Girls Hostel, Boys Hostel"
"CG Animation Academy, Pune",https://www.careers360.com/colleges/cg-animation-academy-pune,Design,Pune,Private,PG Diploma in Web Design and Digital Marketing,1 Year,"Girls Hostel, Boys Hostel"
"CG Animation Academy, Pune",https://www.careers360.com/colleges/cg-animation-academy-pune,Design,Pune,Private,PG Diploma in Pre-Production and 2D Animation,1 Year,"Girls Hostel, Boys Hostel"
"Department of Technology, Savitribai Phule Pune University, Pune",https://www.careers360.com/colleges/department-of-technology-savitribai-phule-pune-university-pune,Design,Pune,Government,B.Sc Animation and VFX,3 Years,
"Design Skills Academy, Pune",https://www.careers360.com/colleges/design-skills-academy-pune,Design,Pune,Private,Advance Diploma in Visual Effect Film Design,2 Years,
"Design Skills Academy, Pune",https://www.careers360.com/colleges/design-skills-academy-pune,Design,Pune,Private,Advance Diploma in Communication Design,2 Years,
"Design Skills Academy, Pune",https://www.careers360.com/colleges/design-skills-academy-pune,Design,Pune,Private,"Professional Diploma in Game, AR and VR Design",2 Years 6 Months,
"Design Skills Academy, Pune",https://www.careers360.com/colleges/design-skills-academy-pune,Design,Pune,Private,Advance Diploma in Animation Film Design,2 Years,
"DES Pune University, Pune",https://www.careers360.com/university/des-pune-university-pune,Design,Pune,Private,B.Sc Animation,4 Years,"Boys Hostel, Girls Hostel"
"Dr DY Patil Arts Commerce and Science College, Pune",https://www.careers360.com/colleges/dr-dy-patil-arts-commerce-and-science-college-pune,Design,Pune,Private,B.Sc Animation,3 Years,"Boys Hostel, Girls Hostel"
"Dr DY Patil School of Design, Pune",https://www.careers360.com/colleges/dr-dy-patil-school-of-design-pune,Design,Pune,Private,B.Des Fashion Design and Fashion Communication,4 Years,
"Dr DY Patil School of Design, Pune",https://www.careers360.com/colleges/dr-dy-patil-school-of-design-pune,Design,Pune,Private,B.Des Product Design,4 Years,
"Dr DY Patil School of Design, Pune",https://www.careers360.com/colleges/dr-dy-patil-school-of-design-pune,Design,Pune,Private,B.Des Interior Design,4 Years,
"Dr DY Patil School of Design, Pune",https://www.careers360.com/colleges/dr-dy-patil-school-of-design-pune,Design,Pune,Private,B.Des Visual Communication and Animation Design,4 Years,
"Dr DY Patil School of Design, Pune",https://www.careers360.com/colleges/dr-dy-patil-school-of-design-pune,Design,Pune,Private,"Bachelor of Applied Art and Crafts in Graphics, Animation and VFX Design",4 Years,
"DY Patil International University, Akurdi",https://www.careers360.com/university/dy-patil-international-university-akurdi,Design,Pune,Private,B.Des,4 Years,"Boys Hostel, Girls Hostel"
"DY Patil University, Pune",https://www.careers360.com/university/dy-patil-university-pune,Design,Pune,Private,M.Des,2 Years,"Girls Hostel, Boys Hostel"
"FAD International, Pune",https://www.careers360.com/colleges/fad-international-pune,Design,Pune,Private,"M.Des Fashion Styling, PR and Content Creation",1 Year,
"FAD International, Pune",https://www.careers360.com/colleges/fad-international-pune,Design,Pune,Private,B.Des Fashion Communication and Business,3 Years,
"FAD International, Pune",https://www.careers360.com/colleges/fad-international-pune,Design,Pune,Private,B.Des Fashion Styling,3 Years,
"FAD International, Pune",https://www.careers360.com/colleges/fad-international-pune,Design,Pune,Private,B.Des Fashion Design,3 Years,
"FAD International, Pune",https://www.careers360.com/colleges/fad-international-pune,Design,Pune,Private,Diploma in Fashion Design,1 Year,
"FAD International, Pune",https://www.careers360.com/colleges/fad-international-pune,Design,Pune,Private,M.Des Fashion Design and Management,1 Year,
"Fergusson College, Pune",https://www.careers360.com/colleges/fergusson-college-pune,Design,Pune,Private,B.Sc Animation Self Financed,3 Years,"Boys Hostel, Girls Hostel"
"Fergusson College, Pune",https://www.careers360.com/colleges/fergusson-college-pune,Design,Pune,Private,B.Voc Digital Art and Animation Self Financed,3 Years,"Boys Hostel, Girls Hostel"
"Fergusson College, Pune",https://www.careers360.com/colleges/fergusson-college-pune,Design,Pune,Private,B.Voc Interior Design Self Financed,3 Years,"Boys Hostel, Girls Hostel"
"FTII Pune - Film and Television Institute of India, Pune",https://www.careers360.com/colleges/film-and-television-institute-of-india-pune,Design,Pune,Government,PGD in Art Direction and Production Design,3 Years,"Boys Hostel, Girls Hostel"
"George Institute of Interior Design, Pune",https://www.careers360.com/colleges/george-institute-of-interior-design-pune,Design,Pune,Private,Diploma in Professional Interior Design,1 Year,
"George Institute of Interior Design, Pune",https://www.careers360.com/colleges/george-institute-of-interior-design-pune,Design,Pune,Private,Certificate Course in Expert Professional Interior Design,4 Months,
"George Institute of Interior Design, Pune",https://www.careers360.com/colleges/george-institute-of-interior-design-pune,Design,Pune,Private,Advanced Diploma in Professional Interior Design,2 Years,
"Abhinav Education Society's College of Computer Science and Management, Pune",https://www.careers360.com/colleges/abhinav-education-societys-college-of-computer-science-and-management-pune,Management,Pune,Private,BBA Computer Applications,3 Years,
"Abhinav Education Society's College of Computer Science and Management, Pune",https://www.careers360.com/colleges/abhinav-education-societys-college-of-computer-science-and-management-pune,Management,Pune,Private,BBA,3 Years,
"Abhinav Education Society's Institute of Management and Research, Pune",https://www.careers360.com/colleges/abhinav-education-societys-institute-of-management-and-research-pune,Management,Pune,Private,MBA,2 Years,
"Aditya Institute of Management, Pune",https://www.careers360.com/colleges/aditya-institute-of-management-pune,Management,Pune,Private,MBA,2 Years,
"Aditya Institute of Management, Pune",https://www.careers360.com/colleges/aditya-institute-of-management-pune,Management,Pune,Private,PGDM,2 Years,
"AISSMS Institute of Management, Pune",https://www.careers360.com/colleges/aissms-institute-of-management-pune,Management,Pune,Private,MBA,2 Years,"Girls Hostel, Boys Hostel"
"Akemi Business School, Pune",https://www.careers360.com/colleges/akemi-business-school-pune,Management,Pune,Private,MBA,2 Years,"Boys Hostel, Girls Hostel"
"Akemi Business School, Pune",https://www.careers360.com/colleges/akemi-business-school-pune,Management,Pune,Private,BBA,3 Years,"Boys Hostel, Girls Hostel"
"Al-Ameen Educational and Medical Foundation's College of Engineering and Management Studies, Pune",https://www.careers360.com/colleges/al-ameen-educational-and-medical-foundations-college-of-engineering-and-management-studies-pune,Management,Pune,Private,MBA,2 Years,"Boys Hostel, Girls Hostel"
"Alard School Of Business Management, Pune",https://www.careers360.com/colleges/alard-school-of-business-management-pune,Management,Pune,Private,MBA,2 Years,"Girls Hostel, Boys Hostel"
"Alard School Of Business Management, Pune",https://www.careers360.com/colleges/alard-school-of-business-management-pune,Management,Pune,Private,BBA,4 Years,"Girls Hostel, Boys Hostel"
"Alard School of Interdisciplinary Research, Pune",https://www.careers360.com/colleges/alard-school-of-interdisciplinary-research-pune,Management,Pune,Private,Ph.D Business Management,3 Years,
"Allana College of Architecture, Pune",https://www.careers360.com/colleges/allana-college-of-architecture-pune,Management,Pune,Private,M.Arch Project Management and Entrepreneurship,2 Years,"Boys Hostel, Girls Hostel"
"Allana Institute of Management Science, Pune",https://www.careers360.com/colleges/allana-institute-of-management-science-pune,Management,Pune,Private,MBA,2 Years,"Boys Hostel, Girls Hostel"
"Allana Institute of Management Science, Pune",https://www.careers360.com/colleges/allana-institute-of-management-science-pune,Management,Pune,Private,MBA Sports Business Management,2 Years,"Boys Hostel, Girls Hostel"
"Allana Institute of Management Science, Pune",https://www.careers360.com/colleges/allana-institute-of-management-science-pune,Management,Pune,Private,BBA,3 Years,"Boys Hostel, Girls Hostel"
"Allana Institute of Management Science, Pune",https://www.careers360.com/colleges/allana-institute-of-management-science-pune,Management,Pune,Private,MBA Safety Management,2 Years,"Boys Hostel, Girls Hostel"
"Allana Institute of Management Science, Pune",https://www.careers360.com/colleges/allana-institute-of-management-science-pune,Management,Pune,Private,BBA International Business,3 Years,"Boys Hostel, Girls Hostel"
"Allana Institute of Management Science, Pune",https://www.careers360.com/colleges/allana-institute-of-management-science-pune,Management,Pune,Private,BBA Analytics,3 Years,"Boys Hostel, Girls Hostel"
"Allana Institute of Management Science, Pune",https://www.careers360.com/colleges/allana-institute-of-management-science-pune,Management,Pune,Private,Ph.D Computer Management,6 Years,"Boys Hostel, Girls Hostel"
"Allana Institute of Management Science, Pune",https://www.careers360.com/colleges/allana-institute-of-management-science-pune,Management,Pune,Private,Ph.D Human Resource Management,6 Years,"Boys Hostel, Girls Hostel"
"Allana Institute of Management Science, Pune",https://www.careers360.com/colleges/allana-institute-of-management-science-pune,Management,Pune,Private,Ph.D Marketing Management,6 Years,"Boys Hostel, Girls Hostel"
"Allana Institute of Management Science, Pune",https://www.careers360.com/colleges/allana-institute-of-management-science-pune,Management,Pune,Private,Ph.D Organization Management,6 Years,"Boys Hostel, Girls Hostel"
"Allana Institute of Management Science, Pune",https://www.careers360.com/colleges/allana-institute-of-management-science-pune,Management,Pune,Private,Ph.D Production Management,6 Years,"Boys Hostel, Girls Hostel"
"Allana Institute of Management Science, Pune",https://www.careers360.com/colleges/allana-institute-of-management-science-pune,Management,Pune,Private,MBA Hospital and Healthcare Management,2 Years,"Boys Hostel, Girls Hostel"
"AISSMS College Of Hotel Management and Catering Technology - All India Shri Shivaji Memorial Society's College of Hotel Management and Catering Technology, Pune",https://www.careers360.com/colleges/all-india-shri-shivaji-memorial-societys-college-of-hotel-management-and-catering-technology-pune,Management,Pune,Private,BBA Culinary Management,3 Years,
"AGBS Pune - Amity Global Business School, Pune",https://www.careers360.com/colleges/amity-global-business-school-pune,Management,Pune,Private,GDBA and BBA,3 Years,
"AGBS Pune - Amity Global Business School, Pune",https://www.careers360.com/colleges/amity-global-business-school-pune,Management,Pune,Private,PGPM and MBA,2 Years,
"Annasaheb Magar College, Pune",https://www.careers360.com/colleges/annasaheb-magar-college-pune,Management,Pune,Private,BBA,3 Years,"Boys Hostel, Girls Hostel"
"Annasaheb Magar College, Pune",https://www.careers360.com/colleges/annasaheb-magar-college-pune,Management,Pune,Private,BBA Computer Applications,3 Years,"Boys Hostel, Girls Hostel"
"Arham College of Arts and Commerce, Pune",https://www.careers360.com/colleges/arham-college-of-arts-and-commerce-pune,Management,Pune,Private,BBA Computer Application,3 Years,
"Arham College of Arts and Commerce, Pune",https://www.careers360.com/colleges/arham-college-of-arts-and-commerce-pune,Management,Pune,Private,BBA International Business,3 Years,
"Arham Management Institute, Pune",https://www.careers360.com/colleges/arham-management-institute-pune,Management,Pune,Private,MBA,2 Years,
"Arihant College of Arts, Commerce and Science, Camp, Pune",https://www.careers360.com/colleges/arihant-college-of-arts-commerce-and-science-camp-pune,Management,Pune,Private,BBA,3 Years,
"Arihant College of Arts, Commerce and Science, Camp, Pune",https://www.careers360.com/colleges/arihant-college-of-arts-commerce-and-science-camp-pune,Management,Pune,Private,BBA International Business,3 Years,
"Arihant College of Arts, Commerce and Science, Camp, Pune",https://www.careers360.com/colleges/arihant-college-of-arts-commerce-and-science-camp-pune,Management,Pune,Private,BBA Computer Application,3 Years,
"Arihant College of Arts Commerce and Science, Pune",https://www.careers360.com/colleges/arihant-college-of-arts-commerce-and-science-pune,Management,Pune,Private,BBA,3 Years,
"Arihant College of Arts Commerce and Science, Pune",https://www.careers360.com/colleges/arihant-college-of-arts-commerce-and-science-pune,Management,Pune,Private,BBA Computer Applications,3 Years,
"Arihant College of Arts Commerce and Science, Pune",https://www.careers360.com/colleges/arihant-college-of-arts-commerce-and-science-pune,Management,Pune,Private,BBA International Business,3 Years,
"AIBM Pune - Arihant Institute of Business Management, Pune",https://www.careers360.com/colleges/arihant-institute-of-business-management-pune,Management,Pune,Private,MBA,2 Years,
"Arihant Institute of Management Studies, Pune",https://www.careers360.com/colleges/arihant-institute-of-management-studies-pune,Management,Pune,Private,Master in Personnel Management,2 Years,"Boys Hostel, Girls Hostel"
"Arihant Institute of Management Studies, Pune",https://www.careers360.com/colleges/arihant-institute-of-management-studies-pune,Management,Pune,Private,Post Graduate Diploma in Business Management,2 Years,"Boys Hostel, Girls Hostel"
"Arihant Institute of Management Studies, Pune",https://www.careers360.com/colleges/arihant-institute-of-management-studies-pune,Management,Pune,Private,Post Graduate Diploma in Material and Logistic Management,1 Year,"Boys Hostel, Girls Hostel"
"Arihant Institute of Management Studies, Pune",https://www.careers360.com/colleges/arihant-institute-of-management-studies-pune,Management,Pune,Private,Post Graduate Diploma in Human Resource Management,1 Year,"Boys Hostel, Girls Hostel"
"Arihant Institute of Management Studies, Pune",https://www.careers360.com/colleges/arihant-institute-of-management-studies-pune,Management,Pune,Private,Master in Business Studies,1 Year,"Boys Hostel, Girls Hostel"
"Arihant Institute of Management Studies, Pune",https://www.careers360.com/colleges/arihant-institute-of-management-studies-pune,Management,Pune,Private,Master in Marketing Management,2 Years,"Boys Hostel, Girls Hostel"
"Asian College of Science and Commerce, Pune",https://www.careers360.com/colleges/asian-college-of-science-and-commerce-pune,Management,Pune,Private,BBA International Business,3 Years,
"Asian College of Science and Commerce, Pune",https://www.careers360.com/colleges/asian-college-of-science-and-commerce-pune,Management,Pune,Private,BBA,3 Years,
"Asian College of Science and Commerce, Pune",https://www.careers360.com/colleges/asian-college-of-science-and-commerce-pune,Management,Pune,Private,BBA Computer Applications,3 Years,
"ASMA Institute of Management, Pune",https://www.careers360.com/colleges/asma-institute-of-management-pune,Management,Pune,Private,MBA,2 Years,"Boys Hostel, Girls Hostel"
"ASM IBMR Pune - ASM Institute of Business Management and Research, Pune",https://www.careers360.com/colleges/asm-institute-of-business-management-and-research-pune,Management,Pune,Private,MBA,2 Years,"Boys Hostel, Girls Hostel"
"ASM IBMR Pune - ASM Institute of Business Management and Research, Pune",https://www.careers360.com/colleges/asm-institute-of-business-management-and-research-pune,Management,Pune,Private,PGDM Business Administration,2 Years,"Boys Hostel, Girls Hostel"
"ASM IBMR Pune - ASM Institute of Business Management and Research, Pune",https://www.careers360.com/colleges/asm-institute-of-business-management-and-research-pune,Management,Pune,Private,PGDM Research and Business Analytics,2 Years,"Boys Hostel, Girls Hostel"
"ASM IBMR Pune - ASM Institute of Business Management and Research, Pune",https://www.careers360.com/colleges/asm-institute-of-business-management-and-research-pune,Management,Pune,Private,Ph.D Management,6 Years,"Boys Hostel, Girls Hostel"
"Aureole School of Business Management, Pune",https://www.careers360.com/colleges/aureole-school-of-business-management-pune,Management,Pune,Private,PGDM,2 Years,
"BCACS Pune - Balaji College of Arts Commerce and Science, Pune",https://www.careers360.com/colleges/balaji-college-of-arts-commerce-and-science-pune,Management,Pune,Private,BBA,3 Years,"Boys Hostel, Girls Hostel"
"BIIB Pune - Balaji Institute of International Business, Tathawade",https://www.careers360.com/colleges/balaji-institute-of-international-business-tathawade,Management,Pune,Private,MBA Financial Management,2 Years,"Boys Hostel, Girls Hostel"
"BIIB Pune - Balaji Institute of International Business, Tathawade",https://www.careers360.com/colleges/balaji-institute-of-international-business-tathawade,Management,Pune,Private,MBA Marketing Management,2 Years,"Boys Hostel, Girls Hostel"
"BIIB Pune - Balaji Institute of International Business, Tathawade",https://www.careers360.com/colleges/balaji-institute-of-international-business-tathawade,Management,Pune,Private,MBA International Business,2 Years,"Boys Hostel, Girls Hostel"
"BIMHRD Pune - Balaji Institute of Management and Human Resource Development, Tathawade",https://www.careers360.com/colleges/balaji-institute-of-management-and-human-resource-development-tathawade,Management,Pune,Private,MBA,2 Years,"Boys Hostel, Girls Hostel"
"BIMHRD Pune - Balaji Institute of Management and Human Resource Development, Tathawade",https://www.careers360.com/colleges/balaji-institute-of-management-and-human-resource-development-tathawade,Management,Pune,Private,MBA Marketing Management,2 Years,"Boys Hostel, Girls Hostel"
"BIMHRD Pune - Balaji Institute of Management and Human Resource Development, Tathawade",https://www.careers360.com/colleges/balaji-institute-of-management-and-human-resource-development-tathawade,Management,Pune,Private,MBA Personal Management and Human Resource Management,2 Years,"Boys Hostel, Girls Hostel"
"Abhinav Education Society College of Law, Pune",https://www.careers360.com/colleges/abhinav-education-society-college-of-law-pune,Law,Pune,Private,LLB,3 Years,
"Abhinav Education Society College of Law, Pune",https://www.careers360.com/colleges/abhinav-education-society-college-of-law-pune,Law,Pune,Private,BA LLB,5 Years,
"Abhinav Education Society College of Law, Pune",https://www.careers360.com/colleges/abhinav-education-society-college-of-law-pune,Law,Pune,Private,Diploma in Taxation Law,1 Year,
"ADYPU, Pune - Ajeenkya DY Patil University, Pune",https://www.careers360.com/university/ajeenkya-dy-patil-university-pune,Law,Pune,Private,BA LLB Integrated,5 Years,"Boys Hostel, Girls Hostel"
"ADYPU, Pune - Ajeenkya DY Patil University, Pune",https://www.careers360.com/university/ajeenkya-dy-patil-university-pune,Law,Pune,Private,LLB,3 Years,"Boys Hostel, Girls Hostel"
"ADYPU, Pune - Ajeenkya DY Patil University, Pune",https://www.careers360.com/university/ajeenkya-dy-patil-university-pune,Law,Pune,Private,LLB,3 Years,"Boys Hostel, Girls Hostel"
"ADYPU, Pune - Ajeenkya DY Patil University, Pune",https://www.careers360.com/university/ajeenkya-dy-patil-university-pune,Law,Pune,Private,BA LLB,5 Years,"Boys Hostel, Girls Hostel"
"ADYPU, Pune - Ajeenkya DY Patil University, Pune",https://www.careers360.com/university/ajeenkya-dy-patil-university-pune,Law,Pune,Private,LLM,1 Year,"Boys Hostel, Girls Hostel"
"Ajeenkya DY Patil University School of Law, Pune",https://www.careers360.com/colleges/ajeenkya-dy-patil-university-school-of-law-pune,Law,Pune,Private,LLB,3 Years,
"Ajeenkya DY Patil University School of Law, Pune",https://www.careers360.com/colleges/ajeenkya-dy-patil-university-school-of-law-pune,Law,Pune,Private,BA LLB,5 Years,
"Ajeenkya DY Patil University School of Law, Pune",https://www.careers360.com/colleges/ajeenkya-dy-patil-university-school-of-law-pune,Law,Pune,Private,LLM,1 Year,
"AK Khan New Law Academy, Pune",https://www.careers360.com/colleges/ak-khan-new-law-academy-pune,Law,Pune,Private,LLB,3 Years,"Boys Hostel, Girls Hostel"
"AK Khan New Law Academy, Pune",https://www.careers360.com/colleges/ak-khan-new-law-academy-pune,Law,Pune,Private,BA LLB,5 Years,"Boys Hostel, Girls Hostel"
"AK Khan New Law Academy, Pune",https://www.careers360.com/colleges/ak-khan-new-law-academy-pune,Law,Pune,Private,LLM,2 Years,"Boys Hostel, Girls Hostel"
"AK Khan New Law Academy, Pune",https://www.careers360.com/colleges/ak-khan-new-law-academy-pune,Law,Pune,Private,Diploma in Taxation Law,1 Year,"Boys Hostel, Girls Hostel"
"Alard School Of Law, Pune",https://www.careers360.com/colleges/alard-school-of-law-pune,Law,Pune,Private,LLB,3 Years,
"Alard School Of Law, Pune",https://www.careers360.com/colleges/alard-school-of-law-pune,Law,Pune,Private,BA LLB,5 Years,
"Alard School Of Law, Pune",https://www.careers360.com/colleges/alard-school-of-law-pune,Law,Pune,Private,LLM Corporate Law,2 Years,
"Alard School Of Law, Pune",https://www.careers360.com/colleges/alard-school-of-law-pune,Law,Pune,Private,LLM Criminal Law,2 Years,
"Alard School Of Law, Pune",https://www.careers360.com/colleges/alard-school-of-law-pune,Law,Pune,Private,LLM Constitutional Law,2 Years,
"Arham Law College, Pune",https://www.careers360.com/colleges/arham-law-college-pune,Law,Pune,Private,BA LLB,5 Years,
"Army Law College, Pune",https://www.careers360.com/colleges/army-law-college-pune,Law,Pune,Private,BA LLB,5 Years,"Boys Hostel, Girls Hostel"
"Army Law College, Pune",https://www.careers360.com/colleges/army-law-college-pune,Law,Pune,Private,BBA LLB,5 Years,"Boys Hostel, Girls Hostel"
"New Law College Pune - Bharati Vidyapeeth Deemed University, New Law College, Pune",https://www.careers360.com/colleges/bharati-vidyapeeth-deemed-university-new-law-college-pune,Law,Pune,Private,LLB,3 Years,"Boys Hostel, Girls Hostel"
"New Law College Pune - Bharati Vidyapeeth Deemed University, New Law College, Pune",https://www.careers360.com/colleges/bharati-vidyapeeth-deemed-university-new-law-college-pune,Law,Pune,Private,BBA LLB Self Finance,5 Years,"Boys Hostel, Girls Hostel"
"New Law College Pune - Bharati Vidyapeeth Deemed University, New Law College, Pune",https://www.careers360.com/colleges/bharati-vidyapeeth-deemed-university-new-law-college-pune,Law,Pune,Private,BA LLB,5 Years,"Boys Hostel, Girls Hostel"
"New Law College Pune - Bharati Vidyapeeth Deemed University, New Law College, Pune",https://www.careers360.com/colleges/bharati-vidyapeeth-deemed-university-new-law-college-pune,Law,Pune,Private,LLM Two Year,2 Years,"Boys Hostel, Girls Hostel"
"New Law College Pune - Bharati Vidyapeeth Deemed University, New Law College, Pune",https://www.careers360.com/colleges/bharati-vidyapeeth-deemed-university-new-law-college-pune,Law,Pune,Private,LLM,1 Year,"Boys Hostel, Girls Hostel"
"New Law College Pune - Bharati Vidyapeeth Deemed University, New Law College, Pune",https://www.careers360.com/colleges/bharati-vidyapeeth-deemed-university-new-law-college-pune,Law,Pune,Private,BA LLB Self Finance,5 Years,"Boys Hostel, Girls Hostel"
"New Law College Pune - Bharati Vidyapeeth Deemed University, New Law College, Pune",https://www.careers360.com/colleges/bharati-vidyapeeth-deemed-university-new-law-college-pune,Law,Pune,Private,Diploma in Cyber Law,1 Year,"Boys Hostel, Girls Hostel"
"New Law College Pune - Bharati Vidyapeeth Deemed University, New Law College, Pune",https://www.careers360.com/colleges/bharati-vidyapeeth-deemed-university-new-law-college-pune,Law,Pune,Private,PG Diploma in Air and Space Law,1 Year,"Boys Hostel, Girls Hostel"
"New Law College Pune - Bharati Vidyapeeth Deemed University, New Law College, Pune",https://www.careers360.com/colleges/bharati-vidyapeeth-deemed-university-new-law-college-pune,Law,Pune,Private,Diploma in Corporate Law,1 Year,"Boys Hostel, Girls Hostel"
"New Law College Pune - Bharati Vidyapeeth Deemed University, New Law College, Pune",https://www.careers360.com/colleges/bharati-vidyapeeth-deemed-university-new-law-college-pune,Law,Pune,Private,Diploma in Anti Corruption Law,1 Year,"Boys Hostel, Girls Hostel"
"New Law College Pune - Bharati Vidyapeeth Deemed University, New Law College, Pune",https://www.careers360.com/colleges/bharati-vidyapeeth-deemed-university-new-law-college-pune,Law,Pune,Private,Diploma in Air and Space Law,1 Year,"Boys Hostel, Girls Hostel"
"New Law College Pune - Bharati Vidyapeeth Deemed University, New Law College, Pune",https://www.careers360.com/colleges/bharati-vidyapeeth-deemed-university-new-law-college-pune,Law,Pune,Private,Diploma in Taxation Law,1 Year,"Boys Hostel, Girls Hostel"
"New Law College Pune - Bharati Vidyapeeth Deemed University, New Law College, Pune",https://www.careers360.com/colleges/bharati-vidyapeeth-deemed-university-new-law-college-pune,Law,Pune,Private,Diploma in Labour Law,1 Year,"Boys Hostel, Girls Hostel"
"New Law College Pune - Bharati Vidyapeeth Deemed University, New Law College, Pune",https://www.careers360.com/colleges/bharati-vidyapeeth-deemed-university-new-law-college-pune,Law,Pune,Private,Ph.D Law,6 Years,"Boys Hostel, Girls Hostel"
"New Law College Pune - Bharati Vidyapeeth Deemed University, New Law College, Pune",https://www.careers360.com/colleges/bharati-vidyapeeth-deemed-university-new-law-college-pune,Law,Pune,Private,Diploma in Media and Law,1 Year,"Boys Hostel, Girls Hostel"
"Christ University, Lavasa Campus, Pune",https://www.careers360.com/colleges/christ-university-lavasa-campus-pune,Law,Pune,Private,BA LLB Hons,5 Years,
"Christ University, Lavasa Campus, Pune",https://www.careers360.com/colleges/christ-university-lavasa-campus-pune,Law,Pune,Private,BBA LLB Hons,5 Years,
"DES Law College - DES Shri Navalmal Firodia Law College, Pune",https://www.careers360.com/colleges/des-shri-navalmal-firodia-law-college-pune,Law,Pune,Private,BA LLB,5 Years,"Boys Hostel, Girls Hostel"
"DES Law College - DES Shri Navalmal Firodia Law College, Pune",https://www.careers360.com/colleges/des-shri-navalmal-firodia-law-college-pune,Law,Pune,Private,LLB,3 Years,"Boys Hostel, Girls Hostel"
"DES Law College - DES Shri Navalmal Firodia Law College, Pune",https://www.careers360.com/colleges/des-shri-navalmal-firodia-law-college-pune,Law,Pune,Private,BBA LLB,5 Years,"Boys Hostel, Girls Hostel"
"DES Law College - DES Shri Navalmal Firodia Law College, Pune",https://www.careers360.com/colleges/des-shri-navalmal-firodia-law-college-pune,Law,Pune,Private,LLM,2 Years,"Boys Hostel, Girls Hostel"
"HRSPM's Sarsenapati Hambirrao Mohite Law College, Pune",https://www.careers360.com/colleges/hrspms-sarsenapati-hambirrao-mohite-law-college-pune,Law,Pune,Private,LLB,3 Years,Boys Hostel
"HRSPM's Sarsenapati Hambirrao Mohite Law College, Pune",https://www.careers360.com/colleges/hrspms-sarsenapati-hambirrao-mohite-law-college-pune,Law,Pune,Private,BA LLB,5 Years,Boys Hostel
"ILS Pune - Indian Law Society Law College, Pune",https://www.careers360.com/colleges/indian-law-society-law-college-pune,Law,Pune,Government,BA LLB,5 Years,"Boys Hostel, Girls Hostel"
"ILS Pune - Indian Law Society Law College, Pune",https://www.careers360.com/colleges/indian-law-society-law-college-pune,Law,Pune,Government,LLB,3 Years,"Boys Hostel, Girls Hostel"
"ILS Pune - Indian Law Society Law College, Pune",https://www.careers360.com/colleges/indian-law-society-law-college-pune,Law,Pune,Government,LLM,2 Years,"Boys Hostel, Girls Hostel"
"ILS Pune - Indian Law Society Law College, Pune",https://www.careers360.com/colleges/indian-law-society-law-college-pune,Law,Pune,Government,BBA LLB,5 Years,"Boys Hostel, Girls Hostel"
"Lokmanya Tilak Law College, Tilak Maharashtra Vidyapeeth, Pune",https://www.careers360.com/colleges/lokmanya-tilak-law-college-tilak-maharashtra-vidyapeeth-pune,Law,Pune,Government,BA LLB,5 Years,"Girls Hostel, Boys Hostel"
"Lokmanya Tilak Law College, Tilak Maharashtra Vidyapeeth, Pune",https://www.careers360.com/colleges/lokmanya-tilak-law-college-tilak-maharashtra-vidyapeeth-pune,Law,Pune,Government,LLB,3 Years,"Girls Hostel, Boys Hostel"
"Lokmanya Tilak Law College, Tilak Maharashtra Vidyapeeth, Pune",https://www.careers360.com/colleges/lokmanya-tilak-law-college-tilak-maharashtra-vidyapeeth-pune,Law,Pune,Government,LLM,2 Years,"Girls Hostel, Boys Hostel"
"SCLC Pune - Marathwada Mitra Mandal's Shankarrao Chavan Law College, Pune",https://www.careers360.com/colleges/marathwada-mitra-mandals-shankarrao-chavan-law-college-pune,Law,Pune,Private,BA LLB Integrated,5 Years,Boys Hostel
"SCLC Pune - Marathwada Mitra Mandal's Shankarrao Chavan Law College, Pune",https://www.careers360.com/colleges/marathwada-mitra-mandals-shankarrao-chavan-law-college-pune,Law,Pune,Private,LLB,3 Years,Boys Hostel
"SCLC Pune - Marathwada Mitra Mandal's Shankarrao Chavan Law College, Pune",https://www.careers360.com/colleges/marathwada-mitra-mandals-shankarrao-chavan-law-college-pune,Law,Pune,Private,Diploma in Cyber Law,1 Year,Boys Hostel
"SCLC Pune - Marathwada Mitra Mandal's Shankarrao Chavan Law College, Pune",https://www.careers360.com/colleges/marathwada-mitra-mandals-shankarrao-chavan-law-college-pune,Law,Pune,Private,BBA LLB,5 Years,Boys Hostel
"SCLC Pune - Marathwada Mitra Mandal's Shankarrao Chavan Law College, Pune",https://www.careers360.com/colleges/marathwada-mitra-mandals-shankarrao-chavan-law-college-pune,Law,Pune,Private,LLM,2 Years,Boys Hostel
"SCLC Pune - Marathwada Mitra Mandal's Shankarrao Chavan Law College, Pune",https://www.careers360.com/colleges/marathwada-mitra-mandals-shankarrao-chavan-law-college-pune,Law,Pune,Private,Diploma in Taxation Law,1 Year,Boys Hostel
"SCLC Pune - Marathwada Mitra Mandal's Shankarrao Chavan Law College, Pune",https://www.careers360.com/colleges/marathwada-mitra-mandals-shankarrao-chavan-law-college-pune,Law,Pune,Private,Diploma in Human Rights Law,1 Year,Boys Hostel
"SCLC Pune - Marathwada Mitra Mandal's Shankarrao Chavan Law College, Pune",https://www.careers360.com/colleges/marathwada-mitra-mandals-shankarrao-chavan-law-college-pune,Law,Pune,Private,Diploma in Labour Law and Labour Welfare,1 Year,Boys Hostel
"PDEA's Law College, Pune",https://www.careers360.com/colleges/pdeas-law-college-pune,Law,Pune,Private,LLB,3 Years,Girls Hostel
"PDEA's Law College, Pune",https://www.careers360.com/colleges/pdeas-law-college-pune,Law,Pune,Private,BA LLB Integrated,5 Years,Girls Hostel
"PDEA's Law College, Pune",https://www.careers360.com/colleges/pdeas-law-college-pune,Law,Pune,Private,Diploma in Cyber Law,1 Year,Girls Hostel
"PCU Pune - Pimpri Chinchwad University, Pune",https://www.careers360.com/university/pimpri-chinchwad-university-pune,Law,Pune,Private,LLM Civil Law,1 Year,"Boys Hostel, Girls Hostel"
"PCU Pune - Pimpri Chinchwad University, Pune",https://www.careers360.com/university/pimpri-chinchwad-university-pune,Law,Pune,Private,LLM Business Law,1 Year,"Boys Hostel, Girls Hostel"
"PCU Pune - Pimpri Chinchwad University, Pune",https://www.careers360.com/university/pimpri-chinchwad-university-pune,Law,Pune,Private,BA LLB,5 Years,"Boys Hostel, Girls Hostel"
"P Jog Law College, Pune",https://www.careers360.com/colleges/p-jog-law-college-pune,Law,Pune,Private,BA LLB,5 Years,"Boys Hostel, Girls Hostel"
"Modern Law College Pune - Progressive Education Societys Modern Law College, Pune",https://www.careers360.com/colleges/progressive-education-societys-modern-law-college-pune,Law,Pune,Private,LLB,3 Years,"Boys Hostel, Girls Hostel"
"Modern Law College Pune - Progressive Education Societys Modern Law College, Pune",https://www.careers360.com/colleges/progressive-education-societys-modern-law-college-pune,Law,Pune,Private,BA LLB,5 Years,"Boys Hostel, Girls Hostel"
"Modern Law College Pune - Progressive Education Societys Modern Law College, Pune",https://www.careers360.com/colleges/progressive-education-societys-modern-law-college-pune,Law,Pune,Private,BBA LLB,5 Years,"Boys Hostel, Girls Hostel"
"Modern Law College Pune - Progressive Education Societys Modern Law College, Pune",https://www.careers360.com/colleges/progressive-education-societys-modern-law-college-pune,Law,Pune,Private,Diploma in Cyber Law,1 Year,"Boys Hostel, Girls Hostel"
"Modern Law College Pune - Progressive Education Societys Modern Law College, Pune",https://www.careers360.com/colleges/progressive-education-societys-modern-law-college-pune,Law,Pune,Private,Diploma in Taxation Law,1 Year,"Boys Hostel, Girls Hostel"
"Modern Law College Pune - Progressive Education Societys Modern Law College, Pune",https://www.careers360.com/colleges/progressive-education-societys-modern-law-college-pune,Law,Pune,Private,LLM,2 Years,"Boys Hostel, Girls Hostel"
"Modern Law College Pune - Progressive Education Societys Modern Law College, Pune",https://www.careers360.com/colleges/progressive-education-societys-modern-law-college-pune,Law,Pune,Private,Diploma in Intellectual Property Law,1 Year,"Boys Hostel, Girls Hostel"
"Pune District Education Association's Baburaoji Gholap College, Pune",https://www.careers360.com/colleges/pune-district-education-associations-baburaoji-gholap-college-pune,Law,Pune,Private,Diploma in Taxation Law,1 Year,
"Samarth Law College, Pune",https://www.careers360.com/colleges/samarth-law-college-pune,Law,Pune,Private,BA LLB,5 Years,"Boys Hostel, Girls Hostel"
"Sarhad Law School, Pune",https://www.careers360.com/colleges/sarhad-law-school-pune,Law,Pune,Private,BA LLB,5 Years,"Boys Hostel, Girls Hostel"
"School of Law and Governance, Vishwakarma University, Pune",https://www.careers360.com/colleges/school-of-law-and-governance-vishwakarma-university-pune,Law,Pune,Private,LLB,3 Years,"Boys Hostel, Girls Hostel"
"School of Law and Governance, Vishwakarma University, Pune",https://www.careers360.com/colleges/school-of-law-and-governance-vishwakarma-university-pune,Law,Pune,Private,BBA LLB,5 Years,"Boys Hostel, Girls Hostel"
"School of Law and Governance, Vishwakarma University, Pune",https://www.careers360.com/colleges/school-of-law-and-governance-vishwakarma-university-pune,Law,Pune,Private,Ph.D Law,5 Years,"Boys Hostel, Girls Hostel"
"School of Law and Governance, Vishwakarma University, Pune",https://www.careers360.com/colleges/school-of-law-and-governance-vishwakarma-university-pune,Law,Pune,Private,LLM International Law and Arbitration,1 Year,"Boys Hostel, Girls Hostel"
"School of Law and Governance, Vishwakarma University, Pune",https://www.careers360.com/colleges/school-of-law-and-governance-vishwakarma-university-pune,Law,Pune,Private,LLM Criminal Law,1 Year,"Boys Hostel, Girls Hostel"
"School of Law and Governance, Vishwakarma University, Pune",https://www.careers360.com/colleges/school-of-law-and-governance-vishwakarma-university-pune,Law,Pune,Private,LLM Intellectual Property Rights Law,1 Year,"Boys Hostel, Girls Hostel"
"School of Law and Governance, Vishwakarma University, Pune",https://www.careers360.com/colleges/school-of-law-and-governance-vishwakarma-university-pune,Law,Pune,Private,LLM Business Law,1 Year,"Boys Hostel, Girls Hostel"
"School of Law and Governance, Vishwakarma University, Pune",https://www.careers360.com/colleges/school-of-law-and-governance-vishwakarma-university-pune,Law,Pune,Private,LLM Cyber Law,1 Year,"Boys Hostel, Girls Hostel"
"Shri Shivaji Maratha Society's Law College, Pune",https://www.careers360.com/colleges/shri-shivaji-maratha-societys-law-college-pune,Law,Pune,Private,Diploma in Labour Law and Labour Welfare,1 Year,
"Shri Shivaji Maratha Society's Law College, Pune",https://www.careers360.com/colleges/shri-shivaji-maratha-societys-law-college-pune,Law,Pune,Private,Diploma in Taxation Law,1 Year,
"Shri Shivaji Maratha Society's Law College, Pune",https://www.careers360.com/colleges/shri-shivaji-maratha-societys-law-college-pune,Law,Pune,Private,LLB,3 Years,
"Shri Shivaji Maratha Society's Law College, Pune",https://www.careers360.com/colleges/shri-shivaji-maratha-societys-law-college-pune,Law,Pune,Private,BA LLB,5 Years,
,,,,,,,
"Appasaheb Alias SA RE Patil Institute of Technology, Dattanagar",https://www.careers360.com/colleges/appasaheb-alias-sa-re-patil-institute-of-technology-dattanagar,Engineering,Kolhapur,Private,Diploma in Electrical Engineering,3 Years,
"Appasaheb Alias SA RE Patil Institute of Technology, Dattanagar",https://www.careers360.com/colleges/appasaheb-alias-sa-re-patil-institute-of-technology-dattanagar,Engineering,Kolhapur,Private,Diploma in Computer Engineering,3 Years,
"Appasaheb Alias SA RE Patil Institute of Technology, Dattanagar",https://www.careers360.com/colleges/appasaheb-alias-sa-re-patil-institute-of-technology-dattanagar,Engineering,Kolhapur,Private,Diploma in Mechanical Engineering,3 Years,
"Appasaheb Alias SA RE Patil Institute of Technology, Dattanagar",https://www.careers360.com/colleges/appasaheb-alias-sa-re-patil-institute-of-technology-dattanagar,Engineering,Kolhapur,Private,Diploma in Civil Engineering,3 Years,
"Appasaheb Alias SA RE Patil Institute of Technology, Dattanagar",https://www.careers360.com/colleges/appasaheb-alias-sa-re-patil-institute-of-technology-dattanagar,Engineering,Kolhapur,Private,B.Tech Computer Science and Engineering,4 Years,
"Appasaheb Alias SA RE Patil Institute of Technology, Dattanagar",https://www.careers360.com/colleges/appasaheb-alias-sa-re-patil-institute-of-technology-dattanagar,Engineering,Kolhapur,Private,B.Tech Mechanical Engineering,4 Years,
"Appasaheb Alias SA RE Patil Institute of Technology, Dattanagar",https://www.careers360.com/colleges/appasaheb-alias-sa-re-patil-institute-of-technology-dattanagar,Engineering,Kolhapur,Private,B.Tech Electronics and Telecommunication Engineering,4 Years,
"Appasaheb Alias SA RE Patil Institute of Technology, Dattanagar",https://www.careers360.com/colleges/appasaheb-alias-sa-re-patil-institute-of-technology-dattanagar,Engineering,Kolhapur,Private,B.Tech Electrical Engineering,4 Years,
"Ashokrao Mane Polytechnic, Vadgaon",https://www.careers360.com/colleges/ashokrao-mane-polytechnic-vadgaon,Engineering,Kolhapur,Private,Diploma in Computer Engineering,3 Years,"Boys Hostel, Girls Hostel"
"Ashokrao Mane Polytechnic, Vadgaon",https://www.careers360.com/colleges/ashokrao-mane-polytechnic-vadgaon,Engineering,Kolhapur,Private,Diploma in Automobile Engineering,3 Years,"Boys Hostel, Girls Hostel"
"Ashokrao Mane Polytechnic, Vadgaon",https://www.careers360.com/colleges/ashokrao-mane-polytechnic-vadgaon,Engineering,Kolhapur,Private,Diploma in Electrical Engineering,3 Years,"Boys Hostel, Girls Hostel"
"Ashokrao Mane Polytechnic, Vadgaon",https://www.careers360.com/colleges/ashokrao-mane-polytechnic-vadgaon,Engineering,Kolhapur,Private,Diploma in Mechanical Engineering,3 Years,"Boys Hostel, Girls Hostel"
"Ashokrao Mane Polytechnic, Vadgaon",https://www.careers360.com/colleges/ashokrao-mane-polytechnic-vadgaon,Engineering,Kolhapur,Private,Diploma in Electronics and Computer Engineering,3 Years,"Boys Hostel, Girls Hostel"
"Ashokrao Mane Polytechnic, Vadgaon",https://www.careers360.com/colleges/ashokrao-mane-polytechnic-vadgaon,Engineering,Kolhapur,Private,Diploma in Artificial Intelligence and Machine Learning,3 Years,"Boys Hostel, Girls Hostel"
"Ashokrao Mane Polytechnic, Vadgaon",https://www.careers360.com/colleges/ashokrao-mane-polytechnic-vadgaon,Engineering,Kolhapur,Private,Diploma in Civil Engineering,3 Years,"Boys Hostel, Girls Hostel"
"Ashokrao Mane Polytechnic, Vadgaon",https://www.careers360.com/colleges/ashokrao-mane-polytechnic-vadgaon,Engineering,Kolhapur,Private,Diploma in Electronics and Telecommunication Engineering,3 Years,"Boys Hostel, Girls Hostel"
"Bharati Vidyapeeth's College of Engineering, Kolhapur",https://www.careers360.com/colleges/bharati-vidyapeeths-college-of-engineering-kolhapur,Engineering,Kolhapur,Private,B.Tech Computer Science and Engineering,4 Years,"Boys Hostel, Girls Hostel"
"Bharati Vidyapeeth's College of Engineering, Kolhapur",https://www.careers360.com/colleges/bharati-vidyapeeths-college-of-engineering-kolhapur,Engineering,Kolhapur,Private,Diploma in Computer Engineering,3 Years,"Boys Hostel, Girls Hostel"
"Bharati Vidyapeeth's College of Engineering, Kolhapur",https://www.careers360.com/colleges/bharati-vidyapeeths-college-of-engineering-kolhapur,Engineering,Kolhapur,Private,Diploma in Civil Engineering,3 Years,"Boys Hostel, Girls Hostel"
"Bharati Vidyapeeth's College of Engineering, Kolhapur",https://www.careers360.com/colleges/bharati-vidyapeeths-college-of-engineering-kolhapur,Engineering,Kolhapur,Private,Diploma in Mechanical Engineering,3 Years,"Boys Hostel, Girls Hostel"
"Bharati Vidyapeeth's College of Engineering, Kolhapur",https://www.careers360.com/colleges/bharati-vidyapeeths-college-of-engineering-kolhapur,Engineering,Kolhapur,Private,B.Tech Mechanical Engineering,4 Years,"Boys Hostel, Girls Hostel"
"Bharati Vidyapeeth's College of Engineering, Kolhapur",https://www.careers360.com/colleges/bharati-vidyapeeths-college-of-engineering-kolhapur,Engineering,Kolhapur,Private,B.Tech Artificial Intelligence and Machine Learning,4 Years,"Boys Hostel, Girls Hostel"
"Bharati Vidyapeeth's College of Engineering, Kolhapur",https://www.careers360.com/colleges/bharati-vidyapeeths-college-of-engineering-kolhapur,Engineering,Kolhapur,Private,B.Tech Civil Engineering,4 Years,"Boys Hostel, Girls Hostel"
"Bharati Vidyapeeth's College of Engineering, Kolhapur",https://www.careers360.com/colleges/bharati-vidyapeeths-college-of-engineering-kolhapur,Engineering,Kolhapur,Private,B.Tech Electronics and Telecommunication Engineering,4 Years,"Boys Hostel, Girls Hostel"
"Bharati Vidyapeeth's College of Engineering, Kolhapur",https://www.careers360.com/colleges/bharati-vidyapeeths-college-of-engineering-kolhapur,Engineering,Kolhapur,Private,M.Tech CAD CAM CAE,2 Years,"Boys Hostel, Girls Hostel"
"Bharati Vidyapeeth's College of Engineering, Kolhapur",https://www.careers360.com/colleges/bharati-vidyapeeths-college-of-engineering-kolhapur,Engineering,Kolhapur,Private,M.Tech Electronics and Telecommunication Engineering,2 Years,"Boys Hostel, Girls Hostel"
"Bharati Vidyapeeth's College of Engineering, Kolhapur",https://www.careers360.com/colleges/bharati-vidyapeeths-college-of-engineering-kolhapur,Engineering,Kolhapur,Private,M.Tech Computer Science and Engineering,2 Years,"Boys Hostel, Girls Hostel"
"Department of Technology, Shivaji University, Kolhapur",https://www.careers360.com/colleges/department-of-technology-shivaji-university-kolhapur,Engineering,Kolhapur,Government,B.Tech Computer Science and Technology,4 Years,"Boys Hostel, Girls Hostel"
"Department of Technology, Shivaji University, Kolhapur",https://www.careers360.com/colleges/department-of-technology-shivaji-university-kolhapur,Engineering,Kolhapur,Government,B.Tech Food Technology,4 Years,"Boys Hostel, Girls Hostel"
"Department of Technology, Shivaji University, Kolhapur",https://www.careers360.com/colleges/department-of-technology-shivaji-university-kolhapur,Engineering,Kolhapur,Government,B.Tech Civil Engineering,4 Years,"Boys Hostel, Girls Hostel"
"Department of Technology, Shivaji University, Kolhapur",https://www.careers360.com/colleges/department-of-technology-shivaji-university-kolhapur,Engineering,Kolhapur,Government,B.Tech Mechanical Engineering,4 Years,"Boys Hostel, Girls Hostel"
"Department of Technology, Shivaji University, Kolhapur",https://www.careers360.com/colleges/department-of-technology-shivaji-university-kolhapur,Engineering,Kolhapur,Government,B.Tech Chemical Engineering,4 Years,"Boys Hostel, Girls Hostel"
"Department of Technology, Shivaji University, Kolhapur",https://www.careers360.com/colleges/department-of-technology-shivaji-university-kolhapur,Engineering,Kolhapur,Government,B.Tech Electronics and Telecommunication Engineering,4 Years,"Boys Hostel, Girls Hostel"
"Department of Technology, Shivaji University, Kolhapur",https://www.careers360.com/colleges/department-of-technology-shivaji-university-kolhapur,Engineering,Kolhapur,Government,M.Tech Electronics Technology,2 Years,"Boys Hostel, Girls Hostel"
"Department of Technology, Shivaji University, Kolhapur",https://www.careers360.com/colleges/department-of-technology-shivaji-university-kolhapur,Engineering,Kolhapur,Government,M.Tech Energy Technology,2 Years,"Boys Hostel, Girls Hostel"
"Department of Technology, Shivaji University, Kolhapur",https://www.careers360.com/colleges/department-of-technology-shivaji-university-kolhapur,Engineering,Kolhapur,Government,M.Tech Environmental Science and Technology,2 Years,"Boys Hostel, Girls Hostel"
"Department of Technology, Shivaji University, Kolhapur",https://www.careers360.com/colleges/department-of-technology-shivaji-university-kolhapur,Engineering,Kolhapur,Government,M.Tech Food Technology,2 Years,"Boys Hostel, Girls Hostel"
"Department of Technology, Shivaji University, Kolhapur",https://www.careers360.com/colleges/department-of-technology-shivaji-university-kolhapur,Engineering,Kolhapur,Government,M.Tech Computer Science and Technology,2 Years,"Boys Hostel, Girls Hostel"
"Department of Technology, Shivaji University, Kolhapur",https://www.careers360.com/colleges/department-of-technology-shivaji-university-kolhapur,Engineering,Kolhapur,Government,B.Tech Electronics and Communication Engineering,4 Years,"Boys Hostel, Girls Hostel"
"Dhananjay Mahadik Group of Institutions, Kolhapur",https://www.careers360.com/colleges/dhananjay-mahadik-group-of-institutions-kolhapur,Engineering,Kolhapur,Private,BE Civil Engineering,4 Years,
"Dhananjay Mahadik Group of Institutions, Kolhapur",https://www.careers360.com/colleges/dhananjay-mahadik-group-of-institutions-kolhapur,Engineering,Kolhapur,Private,BE Electronics and Telecommunication Engineering,4 Years,
"Dhananjay Mahadik Group of Institutions, Kolhapur",https://www.careers360.com/colleges/dhananjay-mahadik-group-of-institutions-kolhapur,Engineering,Kolhapur,Private,BE Mechanical Engineering,4 Years,
"Dhananjay Mahadik Group of Institutions, Kolhapur",https://www.careers360.com/colleges/dhananjay-mahadik-group-of-institutions-kolhapur,Engineering,Kolhapur,Private,BE Computer Science and Engineering,4 Years,
"DKTE Ichalkaranji - DKTE Society's Textile and Engineering Institute, Ichalkaranji",https://www.careers360.com/colleges/dkte-societys-textile-and-engineering-institute-ichalkaranji,Engineering,Kolhapur,Private,M.Tech Computer Science and Engineering,2 Years,"Boys Hostel, Girls Hostel"
"DKTE Ichalkaranji - DKTE Society's Textile and Engineering Institute, Ichalkaranji",https://www.careers360.com/colleges/dkte-societys-textile-and-engineering-institute-ichalkaranji,Engineering,Kolhapur,Private,Ph.D Mechanical Engineering,6 Years,"Boys Hostel, Girls Hostel"
"DKTE Ichalkaranji - DKTE Society's Textile and Engineering Institute, Ichalkaranji",https://www.careers360.com/colleges/dkte-societys-textile-and-engineering-institute-ichalkaranji,Engineering,Kolhapur,Private,B.Tech Textile Plant Engineering,4 Years,"Boys Hostel, Girls Hostel"
"DKTE Ichalkaranji - DKTE Society's Textile and Engineering Institute, Ichalkaranji",https://www.careers360.com/colleges/dkte-societys-textile-and-engineering-institute-ichalkaranji,Engineering,Kolhapur,Private,B.Tech Computer Science and Engineering Artificial Intelligence and Machine Learning,4 Years,"Boys Hostel, Girls Hostel"
"DKTE Ichalkaranji - DKTE Society's Textile and Engineering Institute, Ichalkaranji",https://www.careers360.com/colleges/dkte-societys-textile-and-engineering-institute-ichalkaranji,Engineering,Kolhapur,Private,B.Tech Textile Chemistry,4 Years,"Boys Hostel, Girls Hostel"
"DKTE Ichalkaranji - DKTE Society's Textile and Engineering Institute, Ichalkaranji",https://www.careers360.com/colleges/dkte-societys-textile-and-engineering-institute-ichalkaranji,Engineering,Kolhapur,Private,B.Tech Technical Textiles,4 Years,"Boys Hostel, Girls Hostel"
"DKTE Ichalkaranji - DKTE Society's Textile and Engineering Institute, Ichalkaranji",https://www.careers360.com/colleges/dkte-societys-textile-and-engineering-institute-ichalkaranji,Engineering,Kolhapur,Private,M.Tech Defence Technology,2 Years,"Boys Hostel, Girls Hostel"
"DKTE Ichalkaranji - DKTE Society's Textile and Engineering Institute, Ichalkaranji",https://www.careers360.com/colleges/dkte-societys-textile-and-engineering-institute-ichalkaranji,Engineering,Kolhapur,Private,M.Tech Textile Engineering,2 Years,"Boys Hostel, Girls Hostel"
"DKTE Ichalkaranji - DKTE Society's Textile and Engineering Institute, Ichalkaranji",https://www.careers360.com/colleges/dkte-societys-textile-and-engineering-institute-ichalkaranji,Engineering,Kolhapur,Private,M.Tech Mechanical Engineering,2 Years,"Boys Hostel, Girls Hostel"
"DKTE Ichalkaranji - DKTE Society's Textile and Engineering Institute, Ichalkaranji",https://www.careers360.com/colleges/dkte-societys-textile-and-engineering-institute-ichalkaranji,Engineering,Kolhapur,Private,Ph.D Electronics Engineering,6 Years,"Boys Hostel, Girls Hostel"
"DKTE Ichalkaranji - DKTE Society's Textile and Engineering Institute, Ichalkaranji",https://www.careers360.com/colleges/dkte-societys-textile-and-engineering-institute-ichalkaranji,Engineering,Kolhapur,Private,B.Tech Mechanical Engineering,4 Years,"Boys Hostel, Girls Hostel"
"DKTE Ichalkaranji - DKTE Society's Textile and Engineering Institute, Ichalkaranji",https://www.careers360.com/colleges/dkte-societys-textile-and-engineering-institute-ichalkaranji,Engineering,Kolhapur,Private,B.Tech Textile Technology,4 Years,"Boys Hostel, Girls Hostel"
"Dr AD Shinde Institute of Technology, Kolhapur",https://www.careers360.com/colleges/dr-ad-shinde-institute-of-technology-kolhapur,Engineering,Kolhapur,Private,Diploma in Computer Engineering,3 Years,
"Dr AD Shinde Institute of Technology, Kolhapur",https://www.careers360.com/colleges/dr-ad-shinde-institute-of-technology-kolhapur,Engineering,Kolhapur,Private,Diploma in Electrical Engineering,3 Years,
"Dr AD Shinde Institute of Technology, Kolhapur",https://www.careers360.com/colleges/dr-ad-shinde-institute-of-technology-kolhapur,Engineering,Kolhapur,Private,Diploma in Mechanical Engineering,3 Years,
"Dr AD Shinde Institute of Technology, Kolhapur",https://www.careers360.com/colleges/dr-ad-shinde-institute-of-technology-kolhapur,Engineering,Kolhapur,Private,Diploma in Electronics and Computer Engineering,3 Years,
"Dr AD Shinde Institute of Technology, Kolhapur",https://www.careers360.com/colleges/dr-ad-shinde-institute-of-technology-kolhapur,Engineering,Kolhapur,Private,Diploma Artificial Intelligence and Machine Learning,3 Years,
"Dr AD Shinde Institute of Technology, Kolhapur",https://www.careers360.com/colleges/dr-ad-shinde-institute-of-technology-kolhapur,Engineering,Kolhapur,Private,Diploma in Civil Engineering,3 Years,
"Dr AD Shinde Institute of Technology, Kolhapur",https://www.careers360.com/colleges/dr-ad-shinde-institute-of-technology-kolhapur,Engineering,Kolhapur,Private,Diploma in Civil Engineering Marathi Medium,3 Years,
"Dr AD Shinde Institute of Technology, Kolhapur",https://www.careers360.com/colleges/dr-ad-shinde-institute-of-technology-kolhapur,Engineering,Kolhapur,Private,Diploma in Electronics and Telecommunication Engineering,3 Years,
"Dr Bapuji Salunkhe Institute of Engineering and Technology, Kolhapur",https://www.careers360.com/colleges/dr-bapuji-salunkhe-institute-of-engineering-and-technology-kolhapur,Engineering,Kolhapur,Private,B.Tech in Computer Science and Engineering,4 Years,Girls Hostel
"Dr Bapuji Salunkhe Institute of Engineering and Technology, Kolhapur",https://www.careers360.com/colleges/dr-bapuji-salunkhe-institute-of-engineering-and-technology-kolhapur,Engineering,Kolhapur,Private,Diploma in Computer Engineering,3 Years,Girls Hostel
"Dr Bapuji Salunkhe Institute of Engineering and Technology, Kolhapur",https://www.careers360.com/colleges/dr-bapuji-salunkhe-institute-of-engineering-and-technology-kolhapur,Engineering,Kolhapur,Private,Diploma in Mechanical Engineering,3 Years,Girls Hostel
"Dr Bapuji Salunkhe Institute of Engineering and Technology, Kolhapur",https://www.careers360.com/colleges/dr-bapuji-salunkhe-institute-of-engineering-and-technology-kolhapur,Engineering,Kolhapur,Private,Diploma in Artificial Intelligence and Machine Learning,3 Years,Girls Hostel
"Dr Bapuji Salunkhe Institute of Engineering and Technology, Kolhapur",https://www.careers360.com/colleges/dr-bapuji-salunkhe-institute-of-engineering-and-technology-kolhapur,Engineering,Kolhapur,Private,Diploma in Electrical Engineering,3 Years,Girls Hostel
"Dr Bapuji Salunkhe Institute of Engineering and Technology, Kolhapur",https://www.careers360.com/colleges/dr-bapuji-salunkhe-institute-of-engineering-and-technology-kolhapur,Engineering,Kolhapur,Private,B.Tech in Electrical Enginering,4 Years,Girls Hostel
"Dr Bapuji Salunkhe Institute of Engineering and Technology, Kolhapur",https://www.careers360.com/colleges/dr-bapuji-salunkhe-institute-of-engineering-and-technology-kolhapur,Engineering,Kolhapur,Private,B.Tech Electronics and Computer Engineering,4 Years,Girls Hostel
"Dr Bapuji Salunkhe Institute of Engineering and Technology, Kolhapur",https://www.careers360.com/colleges/dr-bapuji-salunkhe-institute-of-engineering-and-technology-kolhapur,Engineering,Kolhapur,Private,B.Tech in Electronics and Telecommunication Engineering,4 Years,Girls Hostel
"Dr Bapuji Salunkhe Institute of Engineering and Technology, Kolhapur",https://www.careers360.com/colleges/dr-bapuji-salunkhe-institute-of-engineering-and-technology-kolhapur,Engineering,Kolhapur,Private,B.Tech Artificial Intelligence and Machine Learning,4 Years,Girls Hostel
"Dr Bapuji Salunkhe Institute of Engineering and Technology, Kolhapur",https://www.careers360.com/colleges/dr-bapuji-salunkhe-institute-of-engineering-and-technology-kolhapur,Engineering,Kolhapur,Private,Diploma in Civil Engineering,3 Years,Girls Hostel
"Dr DY Patil College of Agricultural Engineering and Technology, Kolhapur",https://www.careers360.com/colleges/dr-dy-patil-college-of-agricultural-engineering-and-technology-kolhapur,Engineering,Kolhapur,Private,B.Tech Agricultural Engineering,4 Years,"Girls Hostel, Boys Hostel"
"Dr DY Patil College of Polytechnic, Kolhapur",https://www.careers360.com/colleges/dr-dy-patil-college-of-polytechnic-kolhapur,Engineering,Kolhapur,Private,Diploma in Computer Engineering,3 Years,
"Dr DY Patil College of Polytechnic, Kolhapur",https://www.careers360.com/colleges/dr-dy-patil-college-of-polytechnic-kolhapur,Engineering,Kolhapur,Private,Diploma in Civil Engineering,3 Years,
"Dr DY Patil College of Polytechnic, Kolhapur",https://www.careers360.com/colleges/dr-dy-patil-college-of-polytechnic-kolhapur,Engineering,Kolhapur,Private,Diploma in Computer Science and Engineering,3 Years,
"Dr DY Patil College of Polytechnic, Kolhapur",https://www.careers360.com/colleges/dr-dy-patil-college-of-polytechnic-kolhapur,Engineering,Kolhapur,Private,Diploma in Mechanical Engineering,3 Years,
"DY Patil Agriculture and Technical University, Talsande",https://www.careers360.com/university/dy-patil-agriculture-and-technical-university-talsande,Engineering,Kolhapur,Private,Ph.D Computer Science and Engineering,6 Years,"Boys Hostel, Girls Hostel"
"DY Patil Agriculture and Technical University, Talsande",https://www.careers360.com/university/dy-patil-agriculture-and-technical-university-talsande,Engineering,Kolhapur,Private,Ph.D IT Application in Business,6 Years,"Boys Hostel, Girls Hostel"
"DY Patil Agriculture and Technical University, Talsande",https://www.careers360.com/university/dy-patil-agriculture-and-technical-university-talsande,Engineering,Kolhapur,Private,M.Tech Computer Science Engineering,2 Years,"Boys Hostel, Girls Hostel"
"DY Patil Agriculture and Technical University, Talsande",https://www.careers360.com/university/dy-patil-agriculture-and-technical-university-talsande,Engineering,Kolhapur,Private,M.Tech Agricultural Engineering,2 Years,"Boys Hostel, Girls Hostel"
"DY Patil Agriculture and Technical University, Talsande",https://www.careers360.com/university/dy-patil-agriculture-and-technical-university-talsande,Engineering,Kolhapur,Private,B.Tech Artificial Intelligence and Machine Learning,4 Years,"Boys Hostel, Girls Hostel"
"DYPCET Kolhapur - DY Patil College of Engineering and Technology, Kolhapur",https://www.careers360.com/colleges/dy-patil-college-of-engineering-and-technology-kolhapur,Engineering,Kolhapur,Private,B.Tech Computer Science and Engineering,4 Years,"Boys Hostel, Girls Hostel"
"DYPCET Kolhapur - DY Patil College of Engineering and Technology, Kolhapur",https://www.careers360.com/colleges/dy-patil-college-of-engineering-and-technology-kolhapur,Engineering,Kolhapur,Private,B.Tech Data Science,4 Years,"Boys Hostel, Girls Hostel"
"DYPCET Kolhapur - DY Patil College of Engineering and Technology, Kolhapur",https://www.careers360.com/colleges/dy-patil-college-of-engineering-and-technology-kolhapur,Engineering,Kolhapur,Private,B.Tech Artificial Intelligence and Machine Learning,4 Years,"Boys Hostel, Girls Hostel"
"DYPCET Kolhapur - DY Patil College of Engineering and Technology, Kolhapur",https://www.careers360.com/colleges/dy-patil-college-of-engineering-and-technology-kolhapur,Engineering,Kolhapur,Private,B.Tech Electronics and Telecommunication Engineering,4 Years,"Boys Hostel, Girls Hostel"
"DYPCET Kolhapur - DY Patil College of Engineering and Technology, Kolhapur",https://www.careers360.com/colleges/dy-patil-college-of-engineering-and-technology-kolhapur,Engineering,Kolhapur,Private,B.Tech Civil Engineering,4 Years,"Boys Hostel, Girls Hostel"
"DYPCET Kolhapur - DY Patil College of Engineering and Technology, Kolhapur",https://www.careers360.com/colleges/dy-patil-college-of-engineering-and-technology-kolhapur,Engineering,Kolhapur,Private,B.Tech Mechanical Engineering,4 Years,"Boys Hostel, Girls Hostel"
"DYPCET Kolhapur - DY Patil College of Engineering and Technology, Kolhapur",https://www.careers360.com/colleges/dy-patil-college-of-engineering-and-technology-kolhapur,Engineering,Kolhapur,Private,B.Tech Chemical Engineering,4 Years,"Boys Hostel, Girls Hostel"
"DYPCET Kolhapur - DY Patil College of Engineering and Technology, Kolhapur",https://www.careers360.com/colleges/dy-patil-college-of-engineering-and-technology-kolhapur,Engineering,Kolhapur,Private,M.Tech Computer Science and Engineering,2 Years,"Boys Hostel, Girls Hostel"
"DYPCET Kolhapur - DY Patil College of Engineering and Technology, Kolhapur",https://www.careers360.com/colleges/dy-patil-college-of-engineering-and-technology-kolhapur,Engineering,Kolhapur,Private,"M,Tech Electronics and Telecommunication Engineering",2 Years,"Boys Hostel, Girls Hostel"
"DY Patil Education Society, Kolhapur",https://www.careers360.com/university/dy-patil-education-society-kolhapur,Engineering,Kolhapur,Private,B. Tech Computer Science Engineering,4 Years,"Boys Hostel, Girls Hostel"
"DY Patil Education Society, Kolhapur",https://www.careers360.com/university/dy-patil-education-society-kolhapur,Engineering,Kolhapur,Private,B. Tech Data Science Engineering,4 Years,"Boys Hostel, Girls Hostel"
"DY Patil Education Society, Kolhapur",https://www.careers360.com/university/dy-patil-education-society-kolhapur,Engineering,Kolhapur,Private,B. Tech Electronics and Telecommunication Engineering,4 Years,"Boys Hostel, Girls Hostel"
"DY Patil Education Society, Kolhapur",https://www.careers360.com/university/dy-patil-education-society-kolhapur,Engineering,Kolhapur,Private,B. Tech. Electrical Engineering,4 Years,"Boys Hostel, Girls Hostel"
"DY Patil Education Society's DY Patil Technical Campus, Kolhapur",https://www.careers360.com/colleges/dy-patil-education-societys-dy-patil-technical-campus-kolhapur,Engineering,Kolhapur,Private,Diploma in Computer Engineering,3 Years,"Boys Hostel, Girls Hostel"
"DY Patil Education Society's DY Patil Technical Campus, Kolhapur",https://www.careers360.com/colleges/dy-patil-education-societys-dy-patil-technical-campus-kolhapur,Engineering,Kolhapur,Private,B.Tech Computer Science Engineering,4 Years,"Boys Hostel, Girls Hostel"
"DY Patil Education Society's DY Patil Technical Campus, Kolhapur",https://www.careers360.com/colleges/dy-patil-education-societys-dy-patil-technical-campus-kolhapur,Engineering,Kolhapur,Private,Diploma in Electronics and Telecommunications Engineering,3 Years,"Boys Hostel, Girls Hostel"
"DY Patil Education Society's DY Patil Technical Campus, Kolhapur",https://www.careers360.com/colleges/dy-patil-education-societys-dy-patil-technical-campus-kolhapur,Engineering,Kolhapur,Private,B.Tech Data Science,4 Years,"Boys Hostel, Girls Hostel"
"DY Patil Education Society's DY Patil Technical Campus, Kolhapur",https://www.careers360.com/colleges/dy-patil-education-societys-dy-patil-technical-campus-kolhapur,Engineering,Kolhapur,Private,B.Tech Electrical Engineering,4 Years,"Boys Hostel, Girls Hostel"
"DY Patil Education Society's DY Patil Technical Campus, Kolhapur",https://www.careers360.com/colleges/dy-patil-education-societys-dy-patil-technical-campus-kolhapur,Engineering,Kolhapur,Private,Diploma in Electrical Engineering,3 Years,"Boys Hostel, Girls Hostel"
"DY Patil Education Society's DY Patil Technical Campus, Kolhapur",https://www.careers360.com/colleges/dy-patil-education-societys-dy-patil-technical-campus-kolhapur,Engineering,Kolhapur,Private,B.Tech Mechanical Engineering,4 Years,"Boys Hostel, Girls Hostel"
"DY Patil Education Society's DY Patil Technical Campus, Kolhapur",https://www.careers360.com/colleges/dy-patil-education-societys-dy-patil-technical-campus-kolhapur,Engineering,Kolhapur,Private,Diploma in Mechanical Engineering,3 Years,"Boys Hostel, Girls Hostel"
"DY Patil Education Society's DY Patil Technical Campus, Kolhapur",https://www.careers360.com/colleges/dy-patil-education-societys-dy-patil-technical-campus-kolhapur,Engineering,Kolhapur,Private,B.Tech Civil Engineering,4 Years,"Boys Hostel, Girls Hostel"
"DY Patil Education Society's DY Patil Technical Campus, Kolhapur",https://www.careers360.com/colleges/dy-patil-education-societys-dy-patil-technical-campus-kolhapur,Engineering,Kolhapur,Private,Diploma in Civil Engineering,3 Years,"Boys Hostel, Girls Hostel"
"Government College of Engineering, Kolhapur",https://www.careers360.com/colleges/government-college-of-engineering-kolhapur,Engineering,Kolhapur,Government,B.Tech Mechanical and Automation Engineering,4 Years,
"Government College of Engineering, Kolhapur",https://www.careers360.com/colleges/government-college-of-engineering-kolhapur,Engineering,Kolhapur,Government,B.Tech Electronics and Telecommunication Engineering,4 Years,
"Government College of Engineering, Kolhapur",https://www.careers360.com/colleges/government-college-of-engineering-kolhapur,Engineering,Kolhapur,Government,B.Tech Computer Science and Engineering,4 Years,
"Government College of Engineering, Kolhapur",https://www.careers360.com/colleges/government-college-of-engineering-kolhapur,Engineering,Kolhapur,Government,B.Tech Artificial Intelligence and Data Science,4 Years,
"Government College of Engineering, Kolhapur",https://www.careers360.com/colleges/government-college-of-engineering-kolhapur,Engineering,Kolhapur,Government,B.Tech Electrical Engineering,4 Years,
"Government Polytechnic, Kolhapur",https://www.careers360.com/colleges/government-polytechnic-kolhapur,Engineering,Kolhapur,Government,Diploma in Mechanical Engineering,3 Years,"Boys Hostel, Girls Hostel"
"Government Polytechnic, Kolhapur",https://www.careers360.com/colleges/government-polytechnic-kolhapur,Engineering,Kolhapur,Government,Diploma in Civil Engineering,3 Years,"Boys Hostel, Girls Hostel"
"Government Polytechnic, Kolhapur",https://www.careers360.com/colleges/government-polytechnic-kolhapur,Engineering,Kolhapur,Government,Diploma in Electronics and Telecommunication Engineering,3 Years,"Boys Hostel, Girls Hostel"
"Government Polytechnic, Kolhapur",https://www.careers360.com/colleges/government-polytechnic-kolhapur,Engineering,Kolhapur,Government,Diploma in Information Technology,3 Years,"Boys Hostel, Girls Hostel"
"Government Polytechnic, Kolhapur",https://www.careers360.com/colleges/government-polytechnic-kolhapur,Engineering,Kolhapur,Government,Diploma in Electrical Engineering,3 Years,"Boys Hostel, Girls Hostel"
"Government Polytechnic, Kolhapur",https://www.careers360.com/colleges/government-polytechnic-kolhapur,Engineering,Kolhapur,Government,Diploma in Metallurgical Engineering,3 Years,"Boys Hostel, Girls Hostel"
"Institute of Civil and Rural Engineering, Kolhapur",https://www.careers360.com/colleges/institute-of-civil-and-rural-engineering-kolhapur,Engineering,Kolhapur,Private,Diploma in Mechanical Engineering,3 Years,"Boys Hostel, Girls Hostel"
"Institute of Civil and Rural Engineering, Kolhapur",https://www.careers360.com/colleges/institute-of-civil-and-rural-engineering-kolhapur,Engineering,Kolhapur,Private,Diploma in Computer Engineering,3 Years,"Boys Hostel, Girls Hostel"
"Institute of Civil and Rural Engineering, Kolhapur",https://www.careers360.com/colleges/institute-of-civil-and-rural-engineering-kolhapur,Engineering,Kolhapur,Private,Diploma in Civil and Rural Engineering,3 Years,"Boys Hostel, Girls Hostel"
"Institute of Civil and Rural Engineering, Kolhapur",https://www.careers360.com/colleges/institute-of-civil-and-rural-engineering-kolhapur,Engineering,Kolhapur,Private,Diploma in Electrical Engineering,3 Years,"Boys Hostel, Girls Hostel"
"Institute of Civil and Rural Engineering, Kolhapur",https://www.careers360.com/colleges/institute-of-civil-and-rural-engineering-kolhapur,Engineering,Kolhapur,Private,Diploma in Electronics and Telecommunications Engineering,3 Years,"Boys Hostel, Girls Hostel"
"KIT's College of Engineering, Kolhapur",https://www.careers360.com/colleges/kits-college-of-engineering-kolhapur,Engineering,Kolhapur,Private,B.Tech Artificial Intelligence and Machine Learning,4 Years,"Boys Hostel, Girls Hostel"
"KIT's College of Engineering, Kolhapur",https://www.careers360.com/colleges/kits-college-of-engineering-kolhapur,Engineering,Kolhapur,Private,B.Tech Mechanical Engineering,4 Years,"Boys Hostel, Girls Hostel"
"KIT's College of Engineering, Kolhapur",https://www.careers360.com/colleges/kits-college-of-engineering-kolhapur,Engineering,Kolhapur,Private,B.Tech Computer Science and Engineering,4 Years,"Boys Hostel, Girls Hostel"
"KIT's College of Engineering, Kolhapur",https://www.careers360.com/colleges/kits-college-of-engineering-kolhapur,Engineering,Kolhapur,Private,B.Tech Computer Science and Business Systems,4 Years,"Boys Hostel, Girls Hostel"
"KIT's College of Engineering, Kolhapur",https://www.careers360.com/colleges/kits-college-of-engineering-kolhapur,Engineering,Kolhapur,Private,B.Tech Electronics and Telecommunication Engineering,4 Years,"Boys Hostel, Girls Hostel"
"KIT's College of Engineering, Kolhapur",https://www.careers360.com/colleges/kits-college-of-engineering-kolhapur,Engineering,Kolhapur,Private,B.Tech Civil Engineering,4 Years,"Boys Hostel, Girls Hostel"
"KIT's College of Engineering, Kolhapur",https://www.careers360.com/colleges/kits-college-of-engineering-kolhapur,Engineering,Kolhapur,Private,B.Tech Civil and Environmental Engineering,4 Years,"Boys Hostel, Girls Hostel"
"KIT's College of Engineering, Kolhapur",https://www.careers360.com/colleges/kits-college-of-engineering-kolhapur,Engineering,Kolhapur,Private,B.Tech Electrical Engineering,4 Years,"Boys Hostel, Girls Hostel"
"KIT's College of Engineering, Kolhapur",https://www.careers360.com/colleges/kits-college-of-engineering-kolhapur,Engineering,Kolhapur,Private,B.Tech Biotechnology,4 Years,"Boys Hostel, Girls Hostel"
"KIT's College of Engineering, Kolhapur",https://www.careers360.com/colleges/kits-college-of-engineering-kolhapur,Engineering,Kolhapur,Private,M.Tech Data Science,2 Years,"Boys Hostel, Girls Hostel"
"KIT's College of Engineering, Kolhapur",https://www.careers360.com/colleges/kits-college-of-engineering-kolhapur,Engineering,Kolhapur,Private,M.Tech Biochemical Engineering and Biotechnology,2 Years,"Boys Hostel, Girls Hostel"
"KIT's College of Engineering, Kolhapur",https://www.careers360.com/colleges/kits-college-of-engineering-kolhapur,Engineering,Kolhapur,Private,M.Tech Environmental Engineering,2 Years,"Boys Hostel, Girls Hostel"
"KIT's College of Engineering, Kolhapur",https://www.careers360.com/colleges/kits-college-of-engineering-kolhapur,Engineering,Kolhapur,Private,M.Tech Mechanical Engineering,2 Years,"Boys Hostel, Girls Hostel"
"KIT's College of Engineering, Kolhapur",https://www.careers360.com/colleges/kits-college-of-engineering-kolhapur,Engineering,Kolhapur,Private,M.Tech Civil and Structural Engineering,2 Years,"Boys Hostel, Girls Hostel"
"KIT's College of Engineering, Kolhapur",https://www.careers360.com/colleges/kits-college-of-engineering-kolhapur,Engineering,Kolhapur,Private,M.Tech Electronics and Telecommunication Engineering,2 Years,"Boys Hostel, Girls Hostel"
"KIT's College of Engineering, Kolhapur",https://www.careers360.com/colleges/kits-college-of-engineering-kolhapur,Engineering,Kolhapur,Private,Ph.D in Civil Engineering,6 Years,"Boys Hostel, Girls Hostel"
"KIT's College of Engineering, Kolhapur",https://www.careers360.com/colleges/kits-college-of-engineering-kolhapur,Engineering,Kolhapur,Private,Ph.D in Electronics Engineering,6 Years,"Boys Hostel, Girls Hostel"
"KIT's College of Engineering, Kolhapur",https://www.careers360.com/colleges/kits-college-of-engineering-kolhapur,Engineering,Kolhapur,Private,B.Tech Data Science,4 Years,"Boys Hostel, Girls Hostel"
"KIT's College of Engineering, Kolhapur",https://www.careers360.com/colleges/kits-college-of-engineering-kolhapur,Engineering,Kolhapur,Private,Ph.D in Mechanical Engineering,6 Years,"Boys Hostel, Girls Hostel"
"KP Patil Institute of Technology, Mudal",https://www.careers360.com/colleges/kp-patil-institute-of-technology-mudal,Engineering,Kolhapur,Private,Diploma in Mechanical Engineering,3 Years,"Boys Hostel, Girls Hostel"
"KP Patil Institute of Technology, Mudal",https://www.careers360.com/colleges/kp-patil-institute-of-technology-mudal,Engineering,Kolhapur,Private,Diploma in Electrical Engineering,3 Years,"Boys Hostel, Girls Hostel"
"KP Patil Institute of Technology, Mudal",https://www.careers360.com/colleges/kp-patil-institute-of-technology-mudal,Engineering,Kolhapur,Private,Diploma in Computer Engineering,3 Years,"Boys Hostel, Girls Hostel"
"KP Patil Institute of Technology, Mudal",https://www.careers360.com/colleges/kp-patil-institute-of-technology-mudal,Engineering,Kolhapur,Private,Diploma in Civil Engineering,3 Years,"Boys Hostel, Girls Hostel"
"KP Patil Institute of Technology, Mudal",https://www.careers360.com/colleges/kp-patil-institute-of-technology-mudal,Engineering,Kolhapur,Private,Diploma in Artificial Intelligence and Machine Learning,3 Years,"Boys Hostel, Girls Hostel"
"Mahadevrao Wandre Institute of Technology, Kolhapur",https://www.careers360.com/colleges/mahadevrao-wandre-institute-of-technology-kolhapur,Engineering,Kolhapur,Private,Diploma in Mechanical Engineering,3 Years,"Boys Hostel, Girls Hostel"
"Mahadevrao Wandre Institute of Technology, Kolhapur",https://www.careers360.com/colleges/mahadevrao-wandre-institute-of-technology-kolhapur,Engineering,Kolhapur,Private,Diploma in Computer Engineering,3 Years,"Boys Hostel, Girls Hostel"
"Mahadevrao Wandre Institute of Technology, Kolhapur",https://www.careers360.com/colleges/mahadevrao-wandre-institute-of-technology-kolhapur,Engineering,Kolhapur,Private,Diploma in Civil Engineering,3 Years,"Boys Hostel, Girls Hostel"
"Mahavir Mahavidyalaya, Kolhapur",https://www.careers360.com/colleges/mahavir-mahavidyalaya-kolhapur,Engineering,Kolhapur,Private,B.Voc Automobile,3 Years,Girls Hostel
"MD Jadhav Institute of Technology, Bhose",https://www.careers360.com/colleges/md-jadhav-institute-of-technology-bhose,Engineering,Kolhapur,Private,Diploma in Mechanical Engineering,3 Years,
"MD Jadhav Institute of Technology, Bhose",https://www.careers360.com/colleges/md-jadhav-institute-of-technology-bhose,Engineering,Kolhapur,Private,Diploma in Civil Engineering,3 Years,
"MD Jadhav Institute of Technology, Bhose",https://www.careers360.com/colleges/md-jadhav-institute-of-technology-bhose,Engineering,Kolhapur,Private,Diploma in Electrical Engineering,3 Years,
"MD Jadhav Institute of Technology, Bhose",https://www.careers360.com/colleges/md-jadhav-institute-of-technology-bhose,Engineering,Kolhapur,Private,Diploma in Electronics and Telecommunication Engineering,3 Years,
"MD Jadhav Institute of Technology, Bhose",https://www.careers360.com/colleges/md-jadhav-institute-of-technology-bhose,Engineering,Kolhapur,Private,Diploma in Computer Engineering,3 Years,
"New Institute of Technology, Kolhapur",https://www.careers360.com/colleges/new-institute-of-technology-kolhapur,Engineering,Kolhapur,Private,Diploma in Artificial Intelligence and Machine Learning,3 Years,"Boys Hostel, Girls Hostel"
"New Institute of Technology, Kolhapur",https://www.careers360.com/colleges/new-institute-of-technology-kolhapur,Engineering,Kolhapur,Private,Diploma in Electronics and Computer Engineering,3 Years,"Boys Hostel, Girls Hostel"
"New Institute of Technology, Kolhapur",https://www.careers360.com/colleges/new-institute-of-technology-kolhapur,Engineering,Kolhapur,Private,Diploma in Mechanical Engineering,3 Years,"Boys Hostel, Girls Hostel"
"New Institute of Technology, Kolhapur",https://www.careers360.com/colleges/new-institute-of-technology-kolhapur,Engineering,Kolhapur,Private,Diploma in Electrical Engineering,3 Years,"Boys Hostel, Girls Hostel"
"New Institute of Technology, Kolhapur",https://www.careers360.com/colleges/new-institute-of-technology-kolhapur,Engineering,Kolhapur,Private,Diploma in Civil Engineering,3 Years,"Boys Hostel, Girls Hostel"
"New Institute of Technology, Kolhapur",https://www.careers360.com/colleges/new-institute-of-technology-kolhapur,Engineering,Kolhapur,Private,B.Tech Electrical Electronics and Power Engineering,4 Years,"Boys Hostel, Girls Hostel"
"New Institute of Technology, Kolhapur",https://www.careers360.com/colleges/new-institute-of-technology-kolhapur,Engineering,Kolhapur,Private,B.Tech Computer Science and Engineering,4 Years,"Boys Hostel, Girls Hostel"
"New Institute of Technology, Kolhapur",https://www.careers360.com/colleges/new-institute-of-technology-kolhapur,Engineering,Kolhapur,Private,Diploma in Automobile Engineering,3 Years,"Boys Hostel, Girls Hostel"
"New Institute of Technology, Kolhapur",https://www.careers360.com/colleges/new-institute-of-technology-kolhapur,Engineering,Kolhapur,Private,B.Tech Artificial Intelligence and Machine Learning,4 Years,"Boys Hostel, Girls Hostel"
"New Institute of Technology, Kolhapur",https://www.careers360.com/colleges/new-institute-of-technology-kolhapur,Engineering,Kolhapur,Private,B.Tech Mechanical and Mechatronics Engineering Additive Manufacturing,4 Years,"Boys Hostel, Girls Hostel"
"New Institute of Technology, Kolhapur",https://www.careers360.com/colleges/new-institute-of-technology-kolhapur,Engineering,Kolhapur,Private,Diploma in Electronics and Telecommunication Engineering,3 Years,"Boys Hostel, Girls Hostel"
"Sanjay Ghodawat Institute, Kolhapur",https://www.careers360.com/colleges/sanjay-ghodawat-institute-kolhapur,Engineering,Kolhapur,Private,Diploma in Mechanical Engineering,3 Years,
"Sanjay Ghodawat Institute, Kolhapur",https://www.careers360.com/colleges/sanjay-ghodawat-institute-kolhapur,Engineering,Kolhapur,Private,Diploma in Civil Engineering,3 Years,
"Sanjay Ghodawat Institute, Kolhapur",https://www.careers360.com/colleges/sanjay-ghodawat-institute-kolhapur,Engineering,Kolhapur,Private,Diploma in Electrical Engineering,3 Years,
"Sanjay Ghodawat Institute, Kolhapur",https://www.careers360.com/colleges/sanjay-ghodawat-institute-kolhapur,Engineering,Kolhapur,Private,B.Tech Electronics and Telecommunications Engineering,4 Years,
"Sanjay Ghodawat Institute, Kolhapur",https://www.careers360.com/colleges/sanjay-ghodawat-institute-kolhapur,Engineering,Kolhapur,Private,B.Tech Electrical Engineering,4 Years,
"Sanjay Ghodawat Institute, Kolhapur",https://www.careers360.com/colleges/sanjay-ghodawat-institute-kolhapur,Engineering,Kolhapur,Private,Diploma in Computer Science and Engineering,3 Years,
"Sanjay Ghodawat Institute, Kolhapur",https://www.careers360.com/colleges/sanjay-ghodawat-institute-kolhapur,Engineering,Kolhapur,Private,B.Tech Mechanical Engineering,4 Years,
"Sanjay Ghodawat Institute, Kolhapur",https://www.careers360.com/colleges/sanjay-ghodawat-institute-kolhapur,Engineering,Kolhapur,Private,Diploma in Electronics and Telecommunications Engineering,3 Years,
"Sanjay Ghodawat Institute, Kolhapur",https://www.careers360.com/colleges/sanjay-ghodawat-institute-kolhapur,Engineering,Kolhapur,Private,B.Tech Computer Science and Engineering,4 Years,
"Sanjay Ghodawat Institute, Kolhapur",https://www.careers360.com/colleges/sanjay-ghodawat-institute-kolhapur,Engineering,Kolhapur,Private,B.Tech Civil Engineering,4 Years,
"Sanjay Ghodawat Polytechnic, Kolhapur",https://www.careers360.com/colleges/sanjay-ghodawat-polytechnic-kolhapur,Engineering,Kolhapur,Private,Diploma in Electronics and Telecommunications Engineering,3 Years,"Boys Hostel, Girls Hostel"
"Sanjay Ghodawat Polytechnic, Kolhapur",https://www.careers360.com/colleges/sanjay-ghodawat-polytechnic-kolhapur,Engineering,Kolhapur,Private,Diploma in Computer Science and Engineering,3 Years,"Boys Hostel, Girls Hostel"
"Sanjay Ghodawat Polytechnic, Kolhapur",https://www.careers360.com/colleges/sanjay-ghodawat-polytechnic-kolhapur,Engineering,Kolhapur,Private,Diploma in Civil Engineering,3 Years,"Boys Hostel, Girls Hostel"
"Sanjay Ghodawat Polytechnic, Kolhapur",https://www.careers360.com/colleges/sanjay-ghodawat-polytechnic-kolhapur,Engineering,Kolhapur,Private,Diploma in Mechanical Engineering,3 Years,"Boys Hostel, Girls Hostel"
"Sanjay Ghodawat Polytechnic, Kolhapur",https://www.careers360.com/colleges/sanjay-ghodawat-polytechnic-kolhapur,Engineering,Kolhapur,Private,Diploma in Electrical Engineering,3 Years,"Boys Hostel, Girls Hostel"
"Sanjeevan Engineering and Technology Institute, Kolhapur",https://www.careers360.com/colleges/sanjeevan-engineering-and-technology-institute-kolhapur,Engineering,Kolhapur,Private,Diploma in Computer Science and Engineering,3 Years,"Boys Hostel, Girls Hostel"
"Sanjeevan Engineering and Technology Institute, Kolhapur",https://www.careers360.com/colleges/sanjeevan-engineering-and-technology-institute-kolhapur,Engineering,Kolhapur,Private,BE Computer Science and Engineering,4 Years,"Boys Hostel, Girls Hostel"
"Sanjeevan Engineering and Technology Institute, Kolhapur",https://www.careers360.com/colleges/sanjeevan-engineering-and-technology-institute-kolhapur,Engineering,Kolhapur,Private,MBA Information Technology and Systems Management,4 Years,"Boys Hostel, Girls Hostel"
"Sanjeevan Engineering and Technology Institute, Kolhapur",https://www.careers360.com/colleges/sanjeevan-engineering-and-technology-institute-kolhapur,Engineering,Kolhapur,Private,Diploma in Electrical Engineering,3 Years,"Boys Hostel, Girls Hostel"
"Sanjeevan Engineering and Technology Institute, Kolhapur",https://www.careers360.com/colleges/sanjeevan-engineering-and-technology-institute-kolhapur,Engineering,Kolhapur,Private,BE Civil Engineering,4 Years,"Boys Hostel, Girls Hostel"
"Sanjeevan Engineering and Technology Institute, Kolhapur",https://www.careers360.com/colleges/sanjeevan-engineering-and-technology-institute-kolhapur,Engineering,Kolhapur,Private,Diploma in Mechanical Engineering,3 Years,"Boys Hostel, Girls Hostel"
"Sanjeevan Engineering and Technology Institute, Kolhapur",https://www.careers360.com/colleges/sanjeevan-engineering-and-technology-institute-kolhapur,Engineering,Kolhapur,Private,Diploma in Civil Engineering,3 Years,"Boys Hostel, Girls Hostel"
"Sanjeevan Engineering and Technology Institute, Kolhapur",https://www.careers360.com/colleges/sanjeevan-engineering-and-technology-institute-kolhapur,Engineering,Kolhapur,Private,BE Electrical Engineering,4 Years,"Boys Hostel, Girls Hostel"
"Sanjeevan Engineering and Technology Institute, Kolhapur",https://www.careers360.com/colleges/sanjeevan-engineering-and-technology-institute-kolhapur,Engineering,Kolhapur,Private,BE Mechanical Engineering,4 Years,"Boys Hostel, Girls Hostel"
"Sanjeevan Engineering and Technology Institute, Kolhapur",https://www.careers360.com/colleges/sanjeevan-engineering-and-technology-institute-kolhapur,Engineering,Kolhapur,Private,BE Artificial Intelligence and Machine Learning,4 Years,"Boys Hostel, Girls Hostel"
"Sanjeevan Engineering and Technology Institute, Kolhapur",https://www.careers360.com/colleges/sanjeevan-engineering-and-technology-institute-kolhapur,Engineering,Kolhapur,Private,BE Electronics and Computer Engineering,4 Years,"Boys Hostel, Girls Hostel"
"Sanjeevan Engineering and Technology Institute, Kolhapur",https://www.careers360.com/colleges/sanjeevan-engineering-and-technology-institute-kolhapur,Engineering,Kolhapur,Private,BE Automobile Engineering,4 Years,"Boys Hostel, Girls Hostel"
"Shivaji University - Shivaji University, Kolhapur",https://www.careers360.com/university/shivaji-university-kolhapur,Engineering,Kolhapur,Government,B.Tech Computer Science and Engineering,4 Years,"Boys Hostel, Girls Hostel"
"Shivaji University - Shivaji University, Kolhapur",https://www.careers360.com/university/shivaji-university-kolhapur,Engineering,Kolhapur,Government,B.Com Information Technology,3 Years,"Boys Hostel, Girls Hostel"
"Shri Balasaheb Mane Shikshan Prasarak Mandal Ambap's Group of Institutions Integrated Campus, Ambap",https://www.careers360.com/colleges/shri-balasaheb-mane-shikshan-prasarak-mandal-ambaps-group-of-institutions-integrated-campus-ambap,Engineering,Kolhapur,Private,B.Tech Mechanical Engineering,4 Years,"Boys Hostel, Girls Hostel"
"Shri Balasaheb Mane Shikshan Prasarak Mandal Ambap's Group of Institutions Integrated Campus, Ambap",https://www.careers360.com/colleges/shri-balasaheb-mane-shikshan-prasarak-mandal-ambaps-group-of-institutions-integrated-campus-ambap,Engineering,Kolhapur,Private,B.Tech Electrical Engineering,4 Years,"Boys Hostel, Girls Hostel"
"Shri Balasaheb Mane Shikshan Prasarak Mandal Ambap's Group of Institutions Integrated Campus, Ambap",https://www.careers360.com/colleges/shri-balasaheb-mane-shikshan-prasarak-mandal-ambaps-group-of-institutions-integrated-campus-ambap,Engineering,Kolhapur,Private,B.Tech Computer Science and Engineering,4 Years,"Boys Hostel, Girls Hostel"
"Shri Balasaheb Mane Shikshan Prasarak Mandal Ambap's Group of Institutions Integrated Campus, Ambap",https://www.careers360.com/colleges/shri-balasaheb-mane-shikshan-prasarak-mandal-ambaps-group-of-institutions-integrated-campus-ambap,Engineering,Kolhapur,Private,B.Tech Civil Engineering,4 Years,"Boys Hostel, Girls Hostel"
"Shri Balasaheb Mane Shikshan Prasarak Mandal Ambap's Group of Institutions Integrated Campus, Ambap",https://www.careers360.com/colleges/shri-balasaheb-mane-shikshan-prasarak-mandal-ambaps-group-of-institutions-integrated-campus-ambap,Engineering,Kolhapur,Private,B.Tech Electronics and Telecommunication Engineering,4 Years,"Boys Hostel, Girls Hostel"
"Shri Balasaheb Mane Shikshan Prasarak Mandal Ambap's Group of Institutions Integrated Campus, Ambap",https://www.careers360.com/colleges/shri-balasaheb-mane-shikshan-prasarak-mandal-ambaps-group-of-institutions-integrated-campus-ambap,Engineering,Kolhapur,Private,M.Tech.Computer Science and Engineering,2 Years,"Boys Hostel, Girls Hostel"
"Shri Balasaheb Mane Shikshan Prasarak Mandal Ambap's Group of Institutions Integrated Campus, Ambap",https://www.careers360.com/colleges/shri-balasaheb-mane-shikshan-prasarak-mandal-ambaps-group-of-institutions-integrated-campus-ambap,Engineering,Kolhapur,Private,M.Tech.Electronic and Telecommunication Engineering,2 Years,"Boys Hostel, Girls Hostel"
"Shri Balasaheb Mane Shikshan Prasarak Mandal Ambap's Group of Institutions Integrated Campus, Ambap",https://www.careers360.com/colleges/shri-balasaheb-mane-shikshan-prasarak-mandal-ambaps-group-of-institutions-integrated-campus-ambap,Engineering,Kolhapur,Private,M.Tech.Design Engineering,2 Years,"Boys Hostel, Girls Hostel"
"Shri Balasaheb Mane Shikshan Prasarak Mandal Ambap's Group of Institutions Integrated Campus, Ambap",https://www.careers360.com/colleges/shri-balasaheb-mane-shikshan-prasarak-mandal-ambaps-group-of-institutions-integrated-campus-ambap,Engineering,Kolhapur,Private,M.Tech.Construction Management,2 Years,"Boys Hostel, Girls Hostel"
"Shri Balasaheb Mane Shikshan Prasarak Mandal Ambap's Group of Institutions Integrated Campus, Ambap",https://www.careers360.com/colleges/shri-balasaheb-mane-shikshan-prasarak-mandal-ambaps-group-of-institutions-integrated-campus-ambap,Engineering,Kolhapur,Private,M.Tech. Production Engineering,2 Years,"Boys Hostel, Girls Hostel"
"Shri Balasaheb Mane Shikshan Prasarak Mandal Ambap's Group of Institutions Integrated Campus, Ambap",https://www.careers360.com/colleges/shri-balasaheb-mane-shikshan-prasarak-mandal-ambaps-group-of-institutions-integrated-campus-ambap,Engineering,Kolhapur,Private,B.Tech Electrical Engineering Lateral Entry,3 Years,"Boys Hostel, Girls Hostel"
"Shri Balasaheb Mane Shikshan Prasarak Mandal Ambap's Group of Institutions Integrated Campus, Ambap",https://www.careers360.com/colleges/shri-balasaheb-mane-shikshan-prasarak-mandal-ambaps-group-of-institutions-integrated-campus-ambap,Engineering,Kolhapur,Private,B.Tech Mechanical Engineering Lateral Entry,3 Years,"Boys Hostel, Girls Hostel"
"Anandi Pharmacy College, Kolhapur",https://www.careers360.com/colleges/anandi-pharmacy-college-kolhapur,Pharmacy,Kolhapur,Private,B.Pharma,4 Years,
"Anandi Pharmacy College, Kolhapur",https://www.careers360.com/colleges/anandi-pharmacy-college-kolhapur,Pharmacy,Kolhapur,Private,D.Pharma,2 Years,
"Anil Alias Pintu Magdum Memorial Pharmacy College, Kolhapur",https://www.careers360.com/colleges/anil-alias-pintu-magdum-memorial-pharmacy-college-kolhapur,Pharmacy,Kolhapur,Private,D.Pharma,2 Years,
"Ashokrao Mane Institute of Pharmaceutical Sciences and Research, Kolhapur",https://www.careers360.com/colleges/ashokrao-mane-institute-of-pharmaceutical-sciences-and-research-kolhapur,Pharmacy,Kolhapur,Private,B.Pharma,4 Years,
"Ashokrao Mane Institute of Pharmaceutical Sciences and Research, Kolhapur",https://www.careers360.com/colleges/ashokrao-mane-institute-of-pharmaceutical-sciences-and-research-kolhapur,Pharmacy,Kolhapur,Private,D.Pharma,2 Years,
"Ashokrao Mane Institute of Pharmacy, Ambap",https://www.careers360.com/colleges/ashokrao-mane-institute-of-pharmacy-ambap,Pharmacy,Kolhapur,Private,B.Pharma,4 Years,"Boys Hostel, Girls Hostel"
"Ashokrao Mane Institute of Pharmacy, Ambap",https://www.careers360.com/colleges/ashokrao-mane-institute-of-pharmacy-ambap,Pharmacy,Kolhapur,Private,D.Pharma,2 Years,"Boys Hostel, Girls Hostel"
"Bharati Vidyapeeth College of Pharmacy, Kolhapur",https://www.careers360.com/colleges/bharati-vidyapeeth-college-of-pharmacy-kolhapur,Pharmacy,Kolhapur,Private,B.Pharma,4 Years,Boys Hostel
"Bharati Vidyapeeth College of Pharmacy, Kolhapur",https://www.careers360.com/colleges/bharati-vidyapeeth-college-of-pharmacy-kolhapur,Pharmacy,Kolhapur,Private,Diploma in Pharmacy,2 Years,Boys Hostel
"Bharati Vidyapeeth College of Pharmacy, Kolhapur",https://www.careers360.com/colleges/bharati-vidyapeeth-college-of-pharmacy-kolhapur,Pharmacy,Kolhapur,Private,M.Pharma Quality Assurance,2 Years,Boys Hostel
"Bharati Vidyapeeth College of Pharmacy, Kolhapur",https://www.careers360.com/colleges/bharati-vidyapeeth-college-of-pharmacy-kolhapur,Pharmacy,Kolhapur,Private,M.Pharma Pharmaceutics,2 Years,Boys Hostel
"Bharati Vidyapeeth College of Pharmacy, Kolhapur",https://www.careers360.com/colleges/bharati-vidyapeeth-college-of-pharmacy-kolhapur,Pharmacy,Kolhapur,Private,M.Pharma Pharmaceutical Chemistry,2 Years,Boys Hostel
"Dr D Y Patil Medical College, Kolhapur",https://www.careers360.com/colleges/dr-d-y-patil-medical-college-kolhapur,Pharmacy,Kolhapur,Private,MD Pharmacology,3 Years,"Boys Hostel, Girls Hostel"
"DY Patil College of Pharmacy, Kolhapur",https://www.careers360.com/colleges/dy-patil-college-of-pharmacy-kolhapur,Pharmacy,Kolhapur,Private,B.Pharma,4 Years,
"DY Patil College of Pharmacy, Kolhapur",https://www.careers360.com/colleges/dy-patil-college-of-pharmacy-kolhapur,Pharmacy,Kolhapur,Private,D.Pharma,2 Years,
"Genesis Institute of Pharmacy, Kolhapur",https://www.careers360.com/colleges/genesis-institute-of-pharmacy-kolhapur,Pharmacy,Kolhapur,Private,B.Pharma,4 Years,"Boys Hostel, Girls Hostel"
"Genesis Institute of Pharmacy, Kolhapur",https://www.careers360.com/colleges/genesis-institute-of-pharmacy-kolhapur,Pharmacy,Kolhapur,Private,D.Pharma,2 Years,"Boys Hostel, Girls Hostel"
"Kolhapur District Chemist Association's Institute of Pharmacy, Kolhapur",https://www.careers360.com/colleges/kolhapur-district-chemist-associations-institute-of-pharmacy-kolhapur,Pharmacy,Kolhapur,Private,D.Pharma,2 Years,
"Rajarshee Chhatrapati Shahu Maharaj Government Medical College and CPR Hospital, Kolhapur",https://www.careers360.com/colleges/rajarshee-chhatrapati-shahu-maharaj-government-medical-college-and-cpr-hospital-kolhapur,Pharmacy,Kolhapur,Government,MD Pharmacology,3 Years,"Girls Hostel, Boys Hostel"
"Rajarshi Shahu Chhatrapati Institute of Pharmacy, Kolhapur",https://www.careers360.com/colleges/rajarshi-shahu-chhatrapati-institute-of-pharmacy-kolhapur,Pharmacy,Kolhapur,Private,D.Pharma,2 Years,"Boys Hostel, Girls Hostel"
"Sarojini College of Pharmacy, Kolhapur",https://www.careers360.com/colleges/sarojini-college-of-pharmacy-kolhapur,Pharmacy,Kolhapur,Private,B.Pharma,4 Years,
"Sarojini College of Pharmacy, Kolhapur",https://www.careers360.com/colleges/sarojini-college-of-pharmacy-kolhapur,Pharmacy,Kolhapur,Private,D.Pharma,2 Years,
"Yeshwant Redekar College of Pharmacy, Kolhapur",https://www.careers360.com/colleges/yeshwant-redekar-college-of-pharmacy-kolhapur,Pharmacy,Kolhapur,Private,B.Pharma,4 Years,
"Yeshwant Redekar College of Pharmacy, Kolhapur",https://www.careers360.com/colleges/yeshwant-redekar-college-of-pharmacy-kolhapur,Pharmacy,Kolhapur,Private,D.Pharma,2 Years,
"AAEMF's Delight College of Pharmacy, Pune",https://www.careers360.com/colleges/aaemfs-delight-college-of-pharmacy-pune,Pharmacy,Kolhapur,Private,D.Pharma,2 Years,"Boys Hostel, Girls Hostel"
"AAEMF's Delight College of Pharmacy, Pune",https://www.careers360.com/colleges/aaemfs-delight-college-of-pharmacy-pune,Pharmacy,Kolhapur,Private,B.Pharma,4 Years,"Boys Hostel, Girls Hostel"
"AAEMF'S Delight Institute of Pharmacy, Pune",https://www.careers360.com/colleges/aaemfs-delight-institute-of-pharmacy-pune,Pharmacy,Kolhapur,Private,D.Pharma,2 Years,"Boys Hostel, Girls Hostel"
"AAEMF'S Delight Institute of Pharmacy, Pune",https://www.careers360.com/colleges/aaemfs-delight-institute-of-pharmacy-pune,Pharmacy,Kolhapur,Private,B.Pharma,4 Years,"Boys Hostel, Girls Hostel"
"Abasaheb Kakade College of B Pharmacy, Shevgaon",https://www.careers360.com/colleges/abasaheb-kakade-college-of-b-pharmacy-shevgaon,Pharmacy,Kolhapur,Private,D.Pharma,2 Years,
"Abasaheb Kakade College of B Pharmacy, Shevgaon",https://www.careers360.com/colleges/abasaheb-kakade-college-of-b-pharmacy-shevgaon,Pharmacy,Kolhapur,Private,B.Pharma,4 Years,
"Abhinav Education Societys College of Pharmacy B Pharm, Haveli",https://www.careers360.com/colleges/abhinav-education-societys-college-of-pharmacy-b-pharm-haveli,Pharmacy,Kolhapur,Private,B.Pharma,4 Years,"Boys Hostel, Girls Hostel"
"Abhinav Education Societys College of Pharmacy B Pharm, Haveli",https://www.careers360.com/colleges/abhinav-education-societys-college-of-pharmacy-b-pharm-haveli,Pharmacy,Kolhapur,Private,B.Pharma Practice,2 Years,"Boys Hostel, Girls Hostel"
"Abhinav Education Society's College of Pharmacy D Pharm, Pune",https://www.careers360.com/colleges/abhinav-education-societys-college-of-pharmacy-d-pharm-pune,Pharmacy,Kolhapur,Private,D.Pharma,2 Years,
"Abhinav Institute of Pharmacy, Kalyan",https://www.careers360.com/colleges/abhinav-institute-of-pharmacy-kalyan,Pharmacy,Kolhapur,Private,D.Pharma,2 Years,
"AC Patil Institute of Pharmacy, Navi Mumbai",https://www.careers360.com/colleges/ac-patil-institute-of-pharmacy-navi-mumbai,Pharmacy,Kolhapur,Private,D.Pharma,2 Years,
"VITA Sangli - Adarsh College of Pharmacy, Vita",https://www.careers360.com/colleges/adarsh-college-of-pharmacy-vita,Pharmacy,Kolhapur,Private,B.Pharma,4 Years,
"VITA Sangli - Adarsh College of Pharmacy, Vita",https://www.careers360.com/colleges/adarsh-college-of-pharmacy-vita,Pharmacy,Kolhapur,Private,D.Pharma,2 Years,
"VITA Sangli - Adarsh College of Pharmacy, Vita",https://www.careers360.com/colleges/adarsh-college-of-pharmacy-vita,Pharmacy,Kolhapur,Private,M.Pharma Pharmacology,2 Years,
"VITA Sangli - Adarsh College of Pharmacy, Vita",https://www.careers360.com/colleges/adarsh-college-of-pharmacy-vita,Pharmacy,Kolhapur,Private,M.Pharma Pharmaceutics,2 Years,
"Adarsh Institute of Pharmacy D Pharm, Vita",https://www.careers360.com/colleges/adarsh-institute-of-pharmacy-d-pharm-vita,Pharmacy,Kolhapur,Private,D.Pharma,2 Years,"Boys Hostel, Girls Hostel"
"Adarsh Shikshan Prasarak Mandal's D Pharmacy Institute, Osmanabad",https://www.careers360.com/colleges/adarsh-shikshan-prasarak-mandals-d-pharmacy-institute-osmanabad,Pharmacy,Kolhapur,Private,D.Pharma,2 Years,"Girls Hostel, Boys Hostel"
"Adarsh Shikshan Sanstha's College of Pharmacy, Beed",https://www.careers360.com/colleges/adarsh-shikshan-sansthas-college-of-pharmacy-beed,Pharmacy,Kolhapur,Private,D.Pharma,2 Years,
"Aditya Diploma Institute of Pharmacy, Beed",https://www.careers360.com/colleges/aditya-diploma-institute-of-pharmacy-beed,Pharmacy,Kolhapur,Private,D.Pharma,2 Years,"Boys Hostel, Girls Hostel"
"Aditya Pharmacy College, Beed",https://www.careers360.com/colleges/aditya-pharmacy-college-beed,Pharmacy,Kolhapur,Private,B.Pharma,4 Years,"Boys Hostel, Girls Hostel"
"Aditya Pharmacy College, Beed",https://www.careers360.com/colleges/aditya-pharmacy-college-beed,Pharmacy,Kolhapur,Private,D.Pharma,2 Years,"Boys Hostel, Girls Hostel"
"Aditya Pharmacy College, Beed",https://www.careers360.com/colleges/aditya-pharmacy-college-beed,Pharmacy,Kolhapur,Private,M. Pharma Pharmaceutics,2 Years,"Boys Hostel, Girls Hostel"
"Aditya Pharmacy College, Beed",https://www.careers360.com/colleges/aditya-pharmacy-college-beed,Pharmacy,Kolhapur,Private,M.Pharma Pharmaceutical Chemistry,2 Years,"Boys Hostel, Girls Hostel"
"Agnihotri College of Pharmacy, Wardha",https://www.careers360.com/colleges/agnihotri-college-of-pharmacy-wardha,Pharmacy,Kolhapur,Private,D.Pharma,2 Years,"Boys Hostel, Girls Hostel"
"Agnihotri College of Pharmacy, Wardha",https://www.careers360.com/colleges/agnihotri-college-of-pharmacy-wardha,Pharmacy,Kolhapur,Private,B.Pharma,4 Years,"Boys Hostel, Girls Hostel"
"Agnihotri College of Pharmacy, Wardha",https://www.careers360.com/colleges/agnihotri-college-of-pharmacy-wardha,Pharmacy,Kolhapur,Private,M.Pharma Quality Assurance,2 Years,"Boys Hostel, Girls Hostel"
"Agnihotri College of Pharmacy, Wardha",https://www.careers360.com/colleges/agnihotri-college-of-pharmacy-wardha,Pharmacy,Kolhapur,Private,M.Pharma Pharmaceutics,2 Years,"Boys Hostel, Girls Hostel"
"Agnihotri Institute of Pharmacy, Wardha",https://www.careers360.com/colleges/agnihotri-institute-of-pharmacy-wardha,Pharmacy,Kolhapur,Private,B.Pharma,4 Years,"Boys Hostel, Girls Hostel"
"Agnihotri Institute of Pharmacy, Wardha",https://www.careers360.com/colleges/agnihotri-institute-of-pharmacy-wardha,Pharmacy,Kolhapur,Private,D.Pharma,2 Years,"Boys Hostel, Girls Hostel"
"Agnihotri Institute of Pharmacy, Wardha",https://www.careers360.com/colleges/agnihotri-institute-of-pharmacy-wardha,Pharmacy,Kolhapur,Private,M.Pharma in Pharmaceutics,2 Years,"Boys Hostel, Girls Hostel"
"Agnihotri Institute of Pharmacy, Wardha",https://www.careers360.com/colleges/agnihotri-institute-of-pharmacy-wardha,Pharmacy,Kolhapur,Private,M.Pharma in Quality Assurance,2 Years,"Boys Hostel, Girls Hostel"
"Ahinsa Institute of Pharmacy, Dhule",https://www.careers360.com/colleges/ahinsa-institute-of-pharmacy-dhule,Pharmacy,Kolhapur,Private,B.Pharma,4 Years,
"Ahinsa Institute of Pharmacy, Dhule",https://www.careers360.com/colleges/ahinsa-institute-of-pharmacy-dhule,Pharmacy,Kolhapur,Private,D.Pharma,2 Years,
"Ashokrao Mane Ayurvedic Medical College Hospital and Research Centre, Kolhapur",https://www.careers360.com/colleges/ashokrao-mane-ayurvedic-medical-college-hospital-and-research-centre-kolhapur,Medical,Kolhapur,Private,BAMS,5 Years 6 Months,"Boys Hostel, Girls Hostel"
"Dr Deepak Patil Ayurvedic Medical College and Research Center, Kolhapur",https://www.careers360.com/colleges/dr-deepak-patil-ayurvedic-medical-college-and-research-center-kolhapur,Medical,Kolhapur,Private,BAMS,5 Years 6 Months,
"Dr D Y Patil Medical College, Kolhapur",https://www.careers360.com/colleges/dr-d-y-patil-medical-college-kolhapur,Medical,Kolhapur,Private,MBBS,5 Years 6 Months,"Boys Hostel, Girls Hostel"
"Dr D Y Patil Medical College, Kolhapur",https://www.careers360.com/colleges/dr-d-y-patil-medical-college-kolhapur,Medical,Kolhapur,Private,MD General Medicine,3 Years,"Boys Hostel, Girls Hostel"
"Dr D Y Patil Medical College, Kolhapur",https://www.careers360.com/colleges/dr-d-y-patil-medical-college-kolhapur,Medical,Kolhapur,Private,MS General Surgery,3 Years,"Boys Hostel, Girls Hostel"
"Dr D Y Patil Medical College, Kolhapur",https://www.careers360.com/colleges/dr-d-y-patil-medical-college-kolhapur,Medical,Kolhapur,Private,MS Orthopaedics,3 Years,"Boys Hostel, Girls Hostel"
"Dr D Y Patil Medical College, Kolhapur",https://www.careers360.com/colleges/dr-d-y-patil-medical-college-kolhapur,Medical,Kolhapur,Private,MD Paediatrics,3 Years,"Boys Hostel, Girls Hostel"
"Dr D Y Patil Medical College, Kolhapur",https://www.careers360.com/colleges/dr-d-y-patil-medical-college-kolhapur,Medical,Kolhapur,Private,MD Radiodiagnosis,3 Years,"Boys Hostel, Girls Hostel"
"Dr D Y Patil Medical College, Kolhapur",https://www.careers360.com/colleges/dr-d-y-patil-medical-college-kolhapur,Medical,Kolhapur,Private,MS Obstetrtics and Gynaecology,3 Years,"Boys Hostel, Girls Hostel"
"Dr D Y Patil Medical College, Kolhapur",https://www.careers360.com/colleges/dr-d-y-patil-medical-college-kolhapur,Medical,Kolhapur,Private,MD Anesthesiology,3 Years,"Boys Hostel, Girls Hostel"
"Dr D Y Patil Medical College, Kolhapur",https://www.careers360.com/colleges/dr-d-y-patil-medical-college-kolhapur,Medical,Kolhapur,Private,MD Pathology,3 Years,"Boys Hostel, Girls Hostel"
"Dr D Y Patil Medical College, Kolhapur",https://www.careers360.com/colleges/dr-d-y-patil-medical-college-kolhapur,Medical,Kolhapur,Private,MS Ophthalmology,3 Years,"Boys Hostel, Girls Hostel"
"Dr D Y Patil Medical College, Kolhapur",https://www.careers360.com/colleges/dr-d-y-patil-medical-college-kolhapur,Medical,Kolhapur,Private,MD Anatomy,3 Years,"Boys Hostel, Girls Hostel"
"Dr D Y Patil Medical College, Kolhapur",https://www.careers360.com/colleges/dr-d-y-patil-medical-college-kolhapur,Medical,Kolhapur,Private,MD Psychiatry,3 Years,"Boys Hostel, Girls Hostel"
"Dr D Y Patil Medical College, Kolhapur",https://www.careers360.com/colleges/dr-d-y-patil-medical-college-kolhapur,Medical,Kolhapur,Private,MD Microbiology,3 Years,"Boys Hostel, Girls Hostel"
"Dr D Y Patil Medical College, Kolhapur",https://www.careers360.com/colleges/dr-d-y-patil-medical-college-kolhapur,Medical,Kolhapur,Private,MD Pharmacology,3 Years,"Boys Hostel, Girls Hostel"
"Dr D Y Patil Medical College, Kolhapur",https://www.careers360.com/colleges/dr-d-y-patil-medical-college-kolhapur,Medical,Kolhapur,Private,MS ENT,3 Years,"Boys Hostel, Girls Hostel"
"Dr D Y Patil Medical College, Kolhapur",https://www.careers360.com/colleges/dr-d-y-patil-medical-college-kolhapur,Medical,Kolhapur,Private,MD Physiology,3 Years,"Boys Hostel, Girls Hostel"
"Dr D Y Patil Medical College, Kolhapur",https://www.careers360.com/colleges/dr-d-y-patil-medical-college-kolhapur,Medical,Kolhapur,Private,MD Immuno Haematology and Blood Transfusion,3 Years,"Boys Hostel, Girls Hostel"
"Dr D Y Patil Medical College, Kolhapur",https://www.careers360.com/colleges/dr-d-y-patil-medical-college-kolhapur,Medical,Kolhapur,Private,MD Dermatology Venereology and Leprosy,3 Years,"Boys Hostel, Girls Hostel"
"Dr D Y Patil Medical College, Kolhapur",https://www.careers360.com/colleges/dr-d-y-patil-medical-college-kolhapur,Medical,Kolhapur,Private,M.Sc Medical Biochemistry,3 Years,"Boys Hostel, Girls Hostel"
"Dr D Y Patil Medical College, Kolhapur",https://www.careers360.com/colleges/dr-d-y-patil-medical-college-kolhapur,Medical,Kolhapur,Private,M.Sc Medical Anatomy,3 Years,"Boys Hostel, Girls Hostel"
"Dr JJ Magdum Ayurved Medical College, Kolhapur",https://www.careers360.com/colleges/dr-jj-magdum-ayurved-medical-college-kolhapur,Medical,Kolhapur,Private,BAMS,5 Years 6 Months,"Boys Hostel, Girls Hostel"
"Dr JJ Magdum Homoeopathic Medical College, Jaysingpur",https://www.careers360.com/colleges/dr-jj-magdum-homoeopathic-medical-college-jaysingpur,Medical,Kolhapur,Private,BHMS,5 Years 6 Months,"Boys Hostel, Girls Hostel"
"Dr JJ Magdum Homoeopathic Medical College, Jaysingpur",https://www.careers360.com/colleges/dr-jj-magdum-homoeopathic-medical-college-jaysingpur,Medical,Kolhapur,Private,MD Organon of Medicine and Philosophy,3 Years,"Boys Hostel, Girls Hostel"
"Dr JJ Magdum Homoeopathic Medical College, Jaysingpur",https://www.careers360.com/colleges/dr-jj-magdum-homoeopathic-medical-college-jaysingpur,Medical,Kolhapur,Private,MD Repertory,3 Years,"Boys Hostel, Girls Hostel"
"Dr JJ Magdum Homoeopathic Medical College, Jaysingpur",https://www.careers360.com/colleges/dr-jj-magdum-homoeopathic-medical-college-jaysingpur,Medical,Kolhapur,Private,MD Homoeopathic Materia Medica,3 Years,"Boys Hostel, Girls Hostel"
"Dr Shubhangi Pradeep Patil Ayurvedic Medical College, Korochi, Ichalkaranji",https://www.careers360.com/colleges/dr-shubhangi-pradeep-patil-ayurvedic-medical-college-korochi-ichalkaranji,Medical,Kolhapur,Private,BAMS,5 Years 6 Months,"Girls Hostel, Boys Hostel"
"DY Patil College of Nursing, Kolhapur",https://www.careers360.com/colleges/dy-patil-college-of-nursing-kolhapur,Medical,Kolhapur,Private,B.Sc Nursing,4 Years,"Boys Hostel, Girls Hostel"
"DY Patil College of Nursing, Kolhapur",https://www.careers360.com/colleges/dy-patil-college-of-nursing-kolhapur,Medical,Kolhapur,Private,Post Basic B.Sc Nursing,2 Years,"Boys Hostel, Girls Hostel"
"DY Patil College of Nursing, Kolhapur",https://www.careers360.com/colleges/dy-patil-college-of-nursing-kolhapur,Medical,Kolhapur,Private,M.Sc Mental Health Nursing,2 Years,"Boys Hostel, Girls Hostel"
"DY Patil College of Nursing, Kolhapur",https://www.careers360.com/colleges/dy-patil-college-of-nursing-kolhapur,Medical,Kolhapur,Private,M.Sc Child Health Nursing,2 Years,"Boys Hostel, Girls Hostel"
"DY Patil College of Nursing, Kolhapur",https://www.careers360.com/colleges/dy-patil-college-of-nursing-kolhapur,Medical,Kolhapur,Private,M.Sc Medical Surgical Nursing,2 Years,"Boys Hostel, Girls Hostel"
"DY Patil College of Nursing, Kolhapur",https://www.careers360.com/colleges/dy-patil-college-of-nursing-kolhapur,Medical,Kolhapur,Private,M.Sc Community Health Nursing,2 Years,"Boys Hostel, Girls Hostel"
"DY Patil College of Nursing, Kolhapur",https://www.careers360.com/colleges/dy-patil-college-of-nursing-kolhapur,Medical,Kolhapur,Private,M.Sc Obstetrics and Gynaecology Nursing,2 Years,"Boys Hostel, Girls Hostel"
"DY Patil College of Physiotherapy, Kolhapur",https://www.careers360.com/colleges/dy-patil-college-of-physiotherapy-kolhapur,Medical,Kolhapur,Private,BPT,4 Years 6 Months,"Boys Hostel, Girls Hostel"
"DY Patil College of Physiotherapy, Kolhapur",https://www.careers360.com/colleges/dy-patil-college-of-physiotherapy-kolhapur,Medical,Kolhapur,Private,MPT Sports,2 Years,"Boys Hostel, Girls Hostel"
"DY Patil College of Physiotherapy, Kolhapur",https://www.careers360.com/colleges/dy-patil-college-of-physiotherapy-kolhapur,Medical,Kolhapur,Private,MPT Cardio Pulmonary Sciences,2 Years,"Boys Hostel, Girls Hostel"
"DY Patil College of Physiotherapy, Kolhapur",https://www.careers360.com/colleges/dy-patil-college-of-physiotherapy-kolhapur,Medical,Kolhapur,Private,MPT Community Health Sciences,2 Years,"Boys Hostel, Girls Hostel"
"DY Patil College of Physiotherapy, Kolhapur",https://www.careers360.com/colleges/dy-patil-college-of-physiotherapy-kolhapur,Medical,Kolhapur,Private,MPT Orthopedic Manual Therapy,2 Years,"Boys Hostel, Girls Hostel"
"DY Patil College of Physiotherapy, Kolhapur",https://www.careers360.com/colleges/dy-patil-college-of-physiotherapy-kolhapur,Medical,Kolhapur,Private,MPT Musculoskeletal Sciences,2 Years,"Boys Hostel, Girls Hostel"
"DY Patil College of Physiotherapy, Kolhapur",https://www.careers360.com/colleges/dy-patil-college-of-physiotherapy-kolhapur,Medical,Kolhapur,Private,MPT Neuro Sciences,2 Years,"Boys Hostel, Girls Hostel"
"DY Patil Education Society, Kolhapur",https://www.careers360.com/university/dy-patil-education-society-kolhapur,Medical,Kolhapur,Private,MBBS,5 Years 6 Months,"Boys Hostel, Girls Hostel"
"DY Patil Education Society, Kolhapur",https://www.careers360.com/university/dy-patil-education-society-kolhapur,Medical,Kolhapur,Private,B.Sc Nursing,4 Years,"Boys Hostel, Girls Hostel"
"DY Patil Education Society, Kolhapur",https://www.careers360.com/university/dy-patil-education-society-kolhapur,Medical,Kolhapur,Private,BPT,4 Years 6 Months,"Boys Hostel, Girls Hostel"
"DY Patil Education Society, Kolhapur",https://www.careers360.com/university/dy-patil-education-society-kolhapur,Medical,Kolhapur,Private,BPT,4 Years,"Boys Hostel, Girls Hostel"
"DY Patil Education Society, Kolhapur",https://www.careers360.com/university/dy-patil-education-society-kolhapur,Medical,Kolhapur,Private,B.Pharma,4 Years,"Boys Hostel, Girls Hostel"
"DY Patil Education Society, Kolhapur",https://www.careers360.com/university/dy-patil-education-society-kolhapur,Medical,Kolhapur,Private,D.Pharma,2 Years,"Boys Hostel, Girls Hostel"
"DY Patil Education Society, Kolhapur",https://www.careers360.com/university/dy-patil-education-society-kolhapur,Medical,Kolhapur,Private,B.Sc. Medical Radiography & Imaging Technology,3 Years,"Boys Hostel, Girls Hostel"
"DY Patil Education Society, Kolhapur",https://www.careers360.com/university/dy-patil-education-society-kolhapur,Medical,Kolhapur,Private,B.Sc. Medical Laboratory Technology,3 Years,"Boys Hostel, Girls Hostel"
"DY Patil Education Society, Kolhapur",https://www.careers360.com/university/dy-patil-education-society-kolhapur,Medical,Kolhapur,Private,Post Basic B.Sc Nursing,2 Years,"Boys Hostel, Girls Hostel"
"DY Patil Education Society, Kolhapur",https://www.careers360.com/university/dy-patil-education-society-kolhapur,Medical,Kolhapur,Private,M.Sc Medical Physics,2 Years,"Boys Hostel, Girls Hostel"
"EB Gadkari Homoeopathic Medical College and Hospital, Gadhinglaj",https://www.careers360.com/colleges/eb-gadkari-homoeopathic-medical-college-and-hospital-gadhinglaj,Medical,Kolhapur,Private,BHMS,5 Years 6 Months,"Girls Hostel, Boys Hostel"
"Gopal Krishna Gokhale College, Kolhapur",https://www.careers360.com/colleges/gopal-krishna-gokhale-college-kolhapur,Medical,Kolhapur,Private,B.Voc Medical Lab Technology,3 Years,Girls Hostel
"Late Mrs Housabai Homoeopathic Medical College and Hospital, Kolhapur",https://www.careers360.com/colleges/late-mrs-housabai-homoeopathic-medical-college-and-hospital-kolhapur,Medical,Kolhapur,Private,BHMS,5 Years 6 Months,
"Pradip Patil Ayurvedic Medical College, Khutalwadi",https://www.careers360.com/colleges/pradip-patil-ayurvedic-medical-college-khutalwadi,Medical,Kolhapur,Private,BAMS,5 Years 6 Months,
"Rajarshee Chhatrapati Shahu Maharaj Government Medical College and CPR Hospital, Kolhapur",https://www.careers360.com/colleges/rajarshee-chhatrapati-shahu-maharaj-government-medical-college-and-cpr-hospital-kolhapur,Medical,Kolhapur,Government,MBBS,5 Years 6 Months,"Girls Hostel, Boys Hostel"
"Rajarshee Chhatrapati Shahu Maharaj Government Medical College and CPR Hospital, Kolhapur",https://www.careers360.com/colleges/rajarshee-chhatrapati-shahu-maharaj-government-medical-college-and-cpr-hospital-kolhapur,Medical,Kolhapur,Government,MD General Medicine,3 Years,"Girls Hostel, Boys Hostel"
"Rajarshee Chhatrapati Shahu Maharaj Government Medical College and CPR Hospital, Kolhapur",https://www.careers360.com/colleges/rajarshee-chhatrapati-shahu-maharaj-government-medical-college-and-cpr-hospital-kolhapur,Medical,Kolhapur,Government,MD Paediatrics,3 Years,"Girls Hostel, Boys Hostel"
"Rajarshee Chhatrapati Shahu Maharaj Government Medical College and CPR Hospital, Kolhapur",https://www.careers360.com/colleges/rajarshee-chhatrapati-shahu-maharaj-government-medical-college-and-cpr-hospital-kolhapur,Medical,Kolhapur,Government,MD Community Medicine,3 Years,"Girls Hostel, Boys Hostel"
"Rajarshee Chhatrapati Shahu Maharaj Government Medical College and CPR Hospital, Kolhapur",https://www.careers360.com/colleges/rajarshee-chhatrapati-shahu-maharaj-government-medical-college-and-cpr-hospital-kolhapur,Medical,Kolhapur,Government,MS Orthopaedics,3 Years,"Girls Hostel, Boys Hostel"
"Rajarshee Chhatrapati Shahu Maharaj Government Medical College and CPR Hospital, Kolhapur",https://www.careers360.com/colleges/rajarshee-chhatrapati-shahu-maharaj-government-medical-college-and-cpr-hospital-kolhapur,Medical,Kolhapur,Government,M.Ch Cardio Thoracic and Vascular Surgery,3 Years,"Girls Hostel, Boys Hostel"
"Rajarshee Chhatrapati Shahu Maharaj Government Medical College and CPR Hospital, Kolhapur",https://www.careers360.com/colleges/rajarshee-chhatrapati-shahu-maharaj-government-medical-college-and-cpr-hospital-kolhapur,Medical,Kolhapur,Government,MD Physiology,3 Years,"Girls Hostel, Boys Hostel"
"Rajarshee Chhatrapati Shahu Maharaj Government Medical College and CPR Hospital, Kolhapur",https://www.careers360.com/colleges/rajarshee-chhatrapati-shahu-maharaj-government-medical-college-and-cpr-hospital-kolhapur,Medical,Kolhapur,Government,MD Anatomy,3 Years,"Girls Hostel, Boys Hostel"
"Rajarshee Chhatrapati Shahu Maharaj Government Medical College and CPR Hospital, Kolhapur",https://www.careers360.com/colleges/rajarshee-chhatrapati-shahu-maharaj-government-medical-college-and-cpr-hospital-kolhapur,Medical,Kolhapur,Government,MD Biochemistry,3 Years,"Girls Hostel, Boys Hostel"
"Rajarshee Chhatrapati Shahu Maharaj Government Medical College and CPR Hospital, Kolhapur",https://www.careers360.com/colleges/rajarshee-chhatrapati-shahu-maharaj-government-medical-college-and-cpr-hospital-kolhapur,Medical,Kolhapur,Government,MD Pathology,3 Years,"Girls Hostel, Boys Hostel"
"Rajarshee Chhatrapati Shahu Maharaj Government Medical College and CPR Hospital, Kolhapur",https://www.careers360.com/colleges/rajarshee-chhatrapati-shahu-maharaj-government-medical-college-and-cpr-hospital-kolhapur,Medical,Kolhapur,Government,MD Anaesthesiology,3 Years,"Girls Hostel, Boys Hostel"
"Rajarshee Chhatrapati Shahu Maharaj Government Medical College and CPR Hospital, Kolhapur",https://www.careers360.com/colleges/rajarshee-chhatrapati-shahu-maharaj-government-medical-college-and-cpr-hospital-kolhapur,Medical,Kolhapur,Government,MS General Surgery,3 Years,"Girls Hostel, Boys Hostel"
"Rajarshee Chhatrapati Shahu Maharaj Government Medical College and CPR Hospital, Kolhapur",https://www.careers360.com/colleges/rajarshee-chhatrapati-shahu-maharaj-government-medical-college-and-cpr-hospital-kolhapur,Medical,Kolhapur,Government,MD Pharmacology,3 Years,"Girls Hostel, Boys Hostel"
"Rajarshee Chhatrapati Shahu Maharaj Government Medical College and CPR Hospital, Kolhapur",https://www.careers360.com/colleges/rajarshee-chhatrapati-shahu-maharaj-government-medical-college-and-cpr-hospital-kolhapur,Medical,Kolhapur,Government,DM Cardiology,3 Years,"Girls Hostel, Boys Hostel"
"Rajarshee Chhatrapati Shahu Maharaj Government Medical College and CPR Hospital, Kolhapur",https://www.careers360.com/colleges/rajarshee-chhatrapati-shahu-maharaj-government-medical-college-and-cpr-hospital-kolhapur,Medical,Kolhapur,Government,MS Obstetrics and Gynaecology,3 Years,"Girls Hostel, Boys Hostel"
"Rajarshee Chhatrapati Shahu Maharaj Government Medical College and CPR Hospital, Kolhapur",https://www.careers360.com/colleges/rajarshee-chhatrapati-shahu-maharaj-government-medical-college-and-cpr-hospital-kolhapur,Medical,Kolhapur,Government,MS Otorhinolaryngology,3 Years,"Girls Hostel, Boys Hostel"
"Rajarshee Chhatrapati Shahu Maharaj Government Medical College and CPR Hospital, Kolhapur",https://www.careers360.com/colleges/rajarshee-chhatrapati-shahu-maharaj-government-medical-college-and-cpr-hospital-kolhapur,Medical,Kolhapur,Government,MD Forensic Medicine,3 Years,"Girls Hostel, Boys Hostel"
"Rajarshee Chhatrapati Shahu Maharaj Government Medical College and CPR Hospital, Kolhapur",https://www.careers360.com/colleges/rajarshee-chhatrapati-shahu-maharaj-government-medical-college-and-cpr-hospital-kolhapur,Medical,Kolhapur,Government,MD Microbiology,3 Years,"Girls Hostel, Boys Hostel"
"Rajarshee Chhatrapati Shahu Maharaj Government Medical College and CPR Hospital, Kolhapur",https://www.careers360.com/colleges/rajarshee-chhatrapati-shahu-maharaj-government-medical-college-and-cpr-hospital-kolhapur,Medical,Kolhapur,Government,MD Radio Diagnosis,3 Years,"Girls Hostel, Boys Hostel"
"Rajarshee Chhatrapati Shahu Maharaj Government Medical College and CPR Hospital, Kolhapur",https://www.careers360.com/colleges/rajarshee-chhatrapati-shahu-maharaj-government-medical-college-and-cpr-hospital-kolhapur,Medical,Kolhapur,Government,MD Psychiatry,3 Years,"Girls Hostel, Boys Hostel"
"Shahid Virpatni Laxmi Mahavidyalaya, Kolhapur",https://www.careers360.com/colleges/shahid-virpatni-laxmi-mahavidyalaya-kolhapur,Medical,Kolhapur,Private,DMLT,2 Years,Girls Hostel
"SJPES Homoeopathy Medical College, Kolhapur",https://www.careers360.com/colleges/sjpes-homoeopathy-medical-college-kolhapur,Medical,Kolhapur,Private,BHMS,5 Years 6 Months,"Boys Hostel, Girls Hostel"
"SJPES Homoeopathy Medical College, Kolhapur",https://www.careers360.com/colleges/sjpes-homoeopathy-medical-college-kolhapur,Medical,Kolhapur,Private,MD Homeopathic Paediatrics,3 Years,"Boys Hostel, Girls Hostel"
"SJPES Homoeopathy Medical College, Kolhapur",https://www.careers360.com/colleges/sjpes-homoeopathy-medical-college-kolhapur,Medical,Kolhapur,Private,MD Homeopathic Practice of Medicine,3 Years,"Boys Hostel, Girls Hostel"
"Venutai Yashwantrao Chavan Homeopathic Medical College and Hospital, Kolhapur",https://www.careers360.com/colleges/venutai-yashwantrao-chavan-homeopathic-medical-college-and-hospital-kolhapur,Medical,Kolhapur,Private,BHMS,4 Years 6 Months,"Boys Hostel, Girls Hostel"
"Yashwant College of Nursing, Kolhapur",https://www.careers360.com/colleges/yashwant-college-of-nursing-kolhapur,Medical,Kolhapur,Private,B.Sc Nursing,4 Years,"Boys Hostel, Girls Hostel"
"Yashwant College of Nursing, Kolhapur",https://www.careers360.com/colleges/yashwant-college-of-nursing-kolhapur,Medical,Kolhapur,Private,GNM,3 Years,"Boys Hostel, Girls Hostel"
"Ashokrao Mane Ayurvedic Medical College Hospital and Research Centre, Kolhapur",https://www.careers360.com/colleges/ashokrao-mane-ayurvedic-medical-college-hospital-and-research-centre-kolhapur,Medical,Kolhapur,Private,BAMS,5 Years 6 Months,"Boys Hostel, Girls Hostel"
"Dr Deepak Patil Ayurvedic Medical College and Research Center, Kolhapur",https://www.careers360.com/colleges/dr-deepak-patil-ayurvedic-medical-college-and-research-center-kolhapur,Medical,Kolhapur,Private,BAMS,5 Years 6 Months,
"Dr D Y Patil Medical College, Kolhapur",https://www.careers360.com/colleges/dr-d-y-patil-medical-college-kolhapur,Medical,Kolhapur,Private,MBBS,5 Years 6 Months,"Boys Hostel, Girls Hostel"
"Dr D Y Patil Medical College, Kolhapur",https://www.careers360.com/colleges/dr-d-y-patil-medical-college-kolhapur,Medical,Kolhapur,Private,MD General Medicine,3 Years,"Boys Hostel, Girls Hostel"
"Dr D Y Patil Medical College, Kolhapur",https://www.careers360.com/colleges/dr-d-y-patil-medical-college-kolhapur,Medical,Kolhapur,Private,MS General Surgery,3 Years,"Boys Hostel, Girls Hostel"
"Dr D Y Patil Medical College, Kolhapur",https://www.careers360.com/colleges/dr-d-y-patil-medical-college-kolhapur,Medical,Kolhapur,Private,MS Orthopaedics,3 Years,"Boys Hostel, Girls Hostel"
"Dr D Y Patil Medical College, Kolhapur",https://www.careers360.com/colleges/dr-d-y-patil-medical-college-kolhapur,Medical,Kolhapur,Private,MD Paediatrics,3 Years,"Boys Hostel, Girls Hostel"
"Dr D Y Patil Medical College, Kolhapur",https://www.careers360.com/colleges/dr-d-y-patil-medical-college-kolhapur,Medical,Kolhapur,Private,MD Radiodiagnosis,3 Years,"Boys Hostel, Girls Hostel"
"Dr D Y Patil Medical College, Kolhapur",https://www.careers360.com/colleges/dr-d-y-patil-medical-college-kolhapur,Medical,Kolhapur,Private,MS Obstetrtics and Gynaecology,3 Years,"Boys Hostel, Girls Hostel"
"Dr D Y Patil Medical College, Kolhapur",https://www.careers360.com/colleges/dr-d-y-patil-medical-college-kolhapur,Medical,Kolhapur,Private,MD Anesthesiology,3 Years,"Boys Hostel, Girls Hostel"
"Dr D Y Patil Medical College, Kolhapur",https://www.careers360.com/colleges/dr-d-y-patil-medical-college-kolhapur,Medical,Kolhapur,Private,MD Pathology,3 Years,"Boys Hostel, Girls Hostel"
"Dr D Y Patil Medical College, Kolhapur",https://www.careers360.com/colleges/dr-d-y-patil-medical-college-kolhapur,Medical,Kolhapur,Private,MS Ophthalmology,3 Years,"Boys Hostel, Girls Hostel"
"Dr D Y Patil Medical College, Kolhapur",https://www.careers360.com/colleges/dr-d-y-patil-medical-college-kolhapur,Medical,Kolhapur,Private,MD Anatomy,3 Years,"Boys Hostel, Girls Hostel"
"Dr D Y Patil Medical College, Kolhapur",https://www.careers360.com/colleges/dr-d-y-patil-medical-college-kolhapur,Medical,Kolhapur,Private,MD Psychiatry,3 Years,"Boys Hostel, Girls Hostel"
"Dr D Y Patil Medical College, Kolhapur",https://www.careers360.com/colleges/dr-d-y-patil-medical-college-kolhapur,Medical,Kolhapur,Private,MD Microbiology,3 Years,"Boys Hostel, Girls Hostel"
"Dr D Y Patil Medical College, Kolhapur",https://www.careers360.com/colleges/dr-d-y-patil-medical-college-kolhapur,Medical,Kolhapur,Private,MD Pharmacology,3 Years,"Boys Hostel, Girls Hostel"
"Dr D Y Patil Medical College, Kolhapur",https://www.careers360.com/colleges/dr-d-y-patil-medical-college-kolhapur,Medical,Kolhapur,Private,MS ENT,3 Years,"Boys Hostel, Girls Hostel"
"Dr D Y Patil Medical College, Kolhapur",https://www.careers360.com/colleges/dr-d-y-patil-medical-college-kolhapur,Medical,Kolhapur,Private,MD Physiology,3 Years,"Boys Hostel, Girls Hostel"
"Dr D Y Patil Medical College, Kolhapur",https://www.careers360.com/colleges/dr-d-y-patil-medical-college-kolhapur,Medical,Kolhapur,Private,MD Immuno Haematology and Blood Transfusion,3 Years,"Boys Hostel, Girls Hostel"
"Dr D Y Patil Medical College, Kolhapur",https://www.careers360.com/colleges/dr-d-y-patil-medical-college-kolhapur,Medical,Kolhapur,Private,MD Dermatology Venereology and Leprosy,3 Years,"Boys Hostel, Girls Hostel"
"Dr D Y Patil Medical College, Kolhapur",https://www.careers360.com/colleges/dr-d-y-patil-medical-college-kolhapur,Medical,Kolhapur,Private,M.Sc Medical Biochemistry,3 Years,"Boys Hostel, Girls Hostel"
"Dr D Y Patil Medical College, Kolhapur",https://www.careers360.com/colleges/dr-d-y-patil-medical-college-kolhapur,Medical,Kolhapur,Private,M.Sc Medical Anatomy,3 Years,"Boys Hostel, Girls Hostel"
"Dr JJ Magdum Ayurved Medical College, Kolhapur",https://www.careers360.com/colleges/dr-jj-magdum-ayurved-medical-college-kolhapur,Medical,Kolhapur,Private,BAMS,5 Years 6 Months,"Boys Hostel, Girls Hostel"
"Dr JJ Magdum Homoeopathic Medical College, Jaysingpur",https://www.careers360.com/colleges/dr-jj-magdum-homoeopathic-medical-college-jaysingpur,Medical,Kolhapur,Private,BHMS,5 Years 6 Months,"Boys Hostel, Girls Hostel"
"Dr JJ Magdum Homoeopathic Medical College, Jaysingpur",https://www.careers360.com/colleges/dr-jj-magdum-homoeopathic-medical-college-jaysingpur,Medical,Kolhapur,Private,MD Organon of Medicine and Philosophy,3 Years,"Boys Hostel, Girls Hostel"
"Dr JJ Magdum Homoeopathic Medical College, Jaysingpur",https://www.careers360.com/colleges/dr-jj-magdum-homoeopathic-medical-college-jaysingpur,Medical,Kolhapur,Private,MD Repertory,3 Years,"Boys Hostel, Girls Hostel"
"Dr JJ Magdum Homoeopathic Medical College, Jaysingpur",https://www.careers360.com/colleges/dr-jj-magdum-homoeopathic-medical-college-jaysingpur,Medical,Kolhapur,Private,MD Homoeopathic Materia Medica,3 Years,"Boys Hostel, Girls Hostel"
"Dr Shubhangi Pradeep Patil Ayurvedic Medical College, Korochi, Ichalkaranji",https://www.careers360.com/colleges/dr-shubhangi-pradeep-patil-ayurvedic-medical-college-korochi-ichalkaranji,Medical,Kolhapur,Private,BAMS,5 Years 6 Months,"Girls Hostel, Boys Hostel"
"DY Patil College of Nursing, Kolhapur",https://www.careers360.com/colleges/dy-patil-college-of-nursing-kolhapur,Medical,Kolhapur,Private,B.Sc Nursing,4 Years,"Boys Hostel, Girls Hostel"
"DY Patil College of Nursing, Kolhapur",https://www.careers360.com/colleges/dy-patil-college-of-nursing-kolhapur,Medical,Kolhapur,Private,Post Basic B.Sc Nursing,2 Years,"Boys Hostel, Girls Hostel"
"DY Patil College of Nursing, Kolhapur",https://www.careers360.com/colleges/dy-patil-college-of-nursing-kolhapur,Medical,Kolhapur,Private,M.Sc Mental Health Nursing,2 Years,"Boys Hostel, Girls Hostel"
"DY Patil College of Nursing, Kolhapur",https://www.careers360.com/colleges/dy-patil-college-of-nursing-kolhapur,Medical,Kolhapur,Private,M.Sc Child Health Nursing,2 Years,"Boys Hostel, Girls Hostel"
"DY Patil College of Nursing, Kolhapur",https://www.careers360.com/colleges/dy-patil-college-of-nursing-kolhapur,Medical,Kolhapur,Private,M.Sc Medical Surgical Nursing,2 Years,"Boys Hostel, Girls Hostel"
"DY Patil College of Nursing, Kolhapur",https://www.careers360.com/colleges/dy-patil-college-of-nursing-kolhapur,Medical,Kolhapur,Private,M.Sc Community Health Nursing,2 Years,"Boys Hostel, Girls Hostel"
"DY Patil College of Nursing, Kolhapur",https://www.careers360.com/colleges/dy-patil-college-of-nursing-kolhapur,Medical,Kolhapur,Private,M.Sc Obstetrics and Gynaecology Nursing,2 Years,"Boys Hostel, Girls Hostel"
"DY Patil College of Physiotherapy, Kolhapur",https://www.careers360.com/colleges/dy-patil-college-of-physiotherapy-kolhapur,Medical,Kolhapur,Private,BPT,4 Years 6 Months,"Boys Hostel, Girls Hostel"
"DY Patil College of Physiotherapy, Kolhapur",https://www.careers360.com/colleges/dy-patil-college-of-physiotherapy-kolhapur,Medical,Kolhapur,Private,MPT Sports,2 Years,"Boys Hostel, Girls Hostel"
"DY Patil College of Physiotherapy, Kolhapur",https://www.careers360.com/colleges/dy-patil-college-of-physiotherapy-kolhapur,Medical,Kolhapur,Private,MPT Cardio Pulmonary Sciences,2 Years,"Boys Hostel, Girls Hostel"
"DY Patil College of Physiotherapy, Kolhapur",https://www.careers360.com/colleges/dy-patil-college-of-physiotherapy-kolhapur,Medical,Kolhapur,Private,MPT Community Health Sciences,2 Years,"Boys Hostel, Girls Hostel"
"DY Patil College of Physiotherapy, Kolhapur",https://www.careers360.com/colleges/dy-patil-college-of-physiotherapy-kolhapur,Medical,Kolhapur,Private,MPT Orthopedic Manual Therapy,2 Years,"Boys Hostel, Girls Hostel"
"DY Patil College of Physiotherapy, Kolhapur",https://www.careers360.com/colleges/dy-patil-college-of-physiotherapy-kolhapur,Medical,Kolhapur,Private,MPT Musculoskeletal Sciences,2 Years,"Boys Hostel, Girls Hostel"
"DY Patil College of Physiotherapy, Kolhapur",https://www.careers360.com/colleges/dy-patil-college-of-physiotherapy-kolhapur,Medical,Kolhapur,Private,MPT Neuro Sciences,2 Years,"Boys Hostel, Girls Hostel"
"DY Patil Education Society, Kolhapur",https://www.careers360.com/university/dy-patil-education-society-kolhapur,Medical,Kolhapur,Private,MBBS,5 Years 6 Months,"Boys Hostel, Girls Hostel"
"DY Patil Education Society, Kolhapur",https://www.careers360.com/university/dy-patil-education-society-kolhapur,Medical,Kolhapur,Private,B.Sc Nursing,4 Years,"Boys Hostel, Girls Hostel"
"DY Patil Education Society, Kolhapur",https://www.careers360.com/university/dy-patil-education-society-kolhapur,Medical,Kolhapur,Private,BPT,4 Years 6 Months,"Boys Hostel, Girls Hostel"
"DY Patil Education Society, Kolhapur",https://www.careers360.com/university/dy-patil-education-society-kolhapur,Medical,Kolhapur,Private,BPT,4 Years,"Boys Hostel, Girls Hostel"
"DY Patil Education Society, Kolhapur",https://www.careers360.com/university/dy-patil-education-society-kolhapur,Medical,Kolhapur,Private,B.Pharma,4 Years,"Boys Hostel, Girls Hostel"
"DY Patil Education Society, Kolhapur",https://www.careers360.com/university/dy-patil-education-society-kolhapur,Medical,Kolhapur,Private,D.Pharma,2 Years,"Boys Hostel, Girls Hostel"
"DY Patil Education Society, Kolhapur",https://www.careers360.com/university/dy-patil-education-society-kolhapur,Medical,Kolhapur,Private,B.Sc. Medical Radiography & Imaging Technology,3 Years,"Boys Hostel, Girls Hostel"
"DY Patil Education Society, Kolhapur",https://www.careers360.com/university/dy-patil-education-society-kolhapur,Medical,Kolhapur,Private,B.Sc. Medical Laboratory Technology,3 Years,"Boys Hostel, Girls Hostel"
"DY Patil Education Society, Kolhapur",https://www.careers360.com/university/dy-patil-education-society-kolhapur,Medical,Kolhapur,Private,Post Basic B.Sc Nursing,2 Years,"Boys Hostel, Girls Hostel"
"DY Patil Education Society, Kolhapur",https://www.careers360.com/university/dy-patil-education-society-kolhapur,Medical,Kolhapur,Private,M.Sc Medical Physics,2 Years,"Boys Hostel, Girls Hostel"
"Department of Architecture, DY Patil College of Engineering and Technology, Kolhapur",https://www.careers360.com/colleges/department-of-architecture-dy-patil-college-of-engineering-and-technology-kolhapur,Architecture,Kolhapur,Private,B.Arch,5 Years,
"Shri Balasaheb Mane Shikshan Prasarak Mandal Ambap's Group of Institutions Integrated Campus, Ambap",https://www.careers360.com/colleges/shri-balasaheb-mane-shikshan-prasarak-mandal-ambaps-group-of-institutions-integrated-campus-ambap,Architecture,Kolhapur,Private,M.Tech.Construction Management,2 Years,"Boys Hostel, Girls Hostel"
"Shri Prince Shivaji Maratha Boarding House's College of Architecture, Kolhapur",https://www.careers360.com/colleges/shri-prince-shivaji-maratha-boarding-houses-college-of-architecture-kolhapur,Architecture,Kolhapur,Private,B.Arch,5 Years,"Boys Hostel, Girls Hostel"
"Shri Prince Shivaji Maratha Boarding House's College of Architecture, Kolhapur",https://www.careers360.com/colleges/shri-prince-shivaji-maratha-boarding-houses-college-of-architecture-kolhapur,Architecture,Kolhapur,Private,M.Arch,2 Years,"Boys Hostel, Girls Hostel"
"Deccan Institute of Technology, Kolhapur",https://www.careers360.com/colleges/deccan-institute-of-technology-kolhapur,Design,Kolhapur,Private,Diploma in Interior Designing and Decoration,2 Years,"Girls Hostel, Boys Hostel"
"Deccan Institute of Technology, Kolhapur",https://www.careers360.com/colleges/deccan-institute-of-technology-kolhapur,Design,Kolhapur,Private,B.Des Interior Design,4 Years,"Girls Hostel, Boys Hostel"
"DKTE Ichalkaranji - DKTE Society's Textile and Engineering Institute, Ichalkaranji",https://www.careers360.com/colleges/dkte-societys-textile-and-engineering-institute-ichalkaranji,Design,Kolhapur,Private,B.Voc. Web Design And Mobile Application Development,3 Years,"Boys Hostel, Girls Hostel"
"Kalaprabodhini's Institute of Design, Kolhapur",https://www.careers360.com/colleges/kalaprabodhinis-institute-of-design-kolhapur,Design,Kolhapur,Private,Diploma In Interior Design and Decoration,1 Year,
"Kalaprabodhini's Institute of Design, Kolhapur",https://www.careers360.com/colleges/kalaprabodhinis-institute-of-design-kolhapur,Design,Kolhapur,Private,B.Des Interior Design,4 Years,
"Vivekanand College, Kolhapur",https://www.careers360.com/colleges/vivekanand-college-kolhapur,Design,Kolhapur,Private,B.Voc Animation and Film Making,3 Years,"Girls Hostel, Boys Hostel"
"Vivekanand College, Kolhapur",https://www.careers360.com/colleges/vivekanand-college-kolhapur,Design,Kolhapur,Private,M.Voc Graphic Design,2 Years,"Girls Hostel, Boys Hostel"
"Vivekanand College, Kolhapur",https://www.careers360.com/colleges/vivekanand-college-kolhapur,Design,Kolhapur,Private,B.Voc Graphic Design,3 Years,"Girls Hostel, Boys Hostel"
"Aakar College of Management for Women, Nagpur",https://www.careers360.com/colleges/aakar-college-of-management-for-women-nagpur,Design,Kolhapur,Private,B.Des,4 Years,
"Aditya College of Architecture, Mumbai",https://www.careers360.com/colleges/aditya-college-of-architecture-mumbai,Design,Kolhapur,Private,B.Voc Interior Design,3 Years,
"Aditya College of Design Studies, Mumbai",https://www.careers360.com/colleges/aditya-college-of-design-studies-mumbai,Design,Kolhapur,Private,B.Voc Interior Design,3 Years,
"Aditya College of Design Studies, Mumbai",https://www.careers360.com/colleges/aditya-college-of-design-studies-mumbai,Design,Kolhapur,Private,B.Sc Fashion Design,3 Years,
"ADYPU, Pune - Ajeenkya DY Patil University, Pune",https://www.careers360.com/university/ajeenkya-dy-patil-university-pune,Design,Kolhapur,Private,B.Sc Animation and VFX,3 Years,"Boys Hostel, Girls Hostel"
"ADYPU, Pune - Ajeenkya DY Patil University, Pune",https://www.careers360.com/university/ajeenkya-dy-patil-university-pune,Design,Kolhapur,Private,B.Sc Game Art and Design,3 Years,"Boys Hostel, Girls Hostel"
"ADYPU, Pune - Ajeenkya DY Patil University, Pune",https://www.careers360.com/university/ajeenkya-dy-patil-university-pune,Design,Kolhapur,Private,B.Des UI UX,4 Years,"Boys Hostel, Girls Hostel"
"ADYPU, Pune - Ajeenkya DY Patil University, Pune",https://www.careers360.com/university/ajeenkya-dy-patil-university-pune,Design,Kolhapur,Private,B.Des Fashion Design,4 Years,"Boys Hostel, Girls Hostel"
"ADYPU, Pune - Ajeenkya DY Patil University, Pune",https://www.careers360.com/university/ajeenkya-dy-patil-university-pune,Design,Kolhapur,Private,B.Des Transportation Design,4 Years,"Boys Hostel, Girls Hostel"
"ADYPU, Pune - Ajeenkya DY Patil University, Pune",https://www.careers360.com/university/ajeenkya-dy-patil-university-pune,Design,Kolhapur,Private,B.Des Product Design,4 Years,"Boys Hostel, Girls Hostel"
"ADYPU, Pune - Ajeenkya DY Patil University, Pune",https://www.careers360.com/university/ajeenkya-dy-patil-university-pune,Design,Kolhapur,Private,B.Des Visual Communication Design,4 Years,"Boys Hostel, Girls Hostel"
"Alard School Of Design, Pune",https://www.careers360.com/colleges/alard-school-of-design-pune,Design,Kolhapur,Private,B.Des in Game Design,4 Years,Boys Hostel
"Alard School Of Design, Pune",https://www.careers360.com/colleges/alard-school-of-design-pune,Design,Kolhapur,Private,B.Des in Communication Design,4 Years,Boys Hostel
"Alard School Of Design, Pune",https://www.careers360.com/colleges/alard-school-of-design-pune,Design,Kolhapur,Private,B.Sc Game Design and Motion Graphics,3 Years,Boys Hostel
"Alard School Of Design, Pune",https://www.careers360.com/colleges/alard-school-of-design-pune,Design,Kolhapur,Private,B.Sc Graphics 3D Animation and VFX,3 Years,Boys Hostel
"Alard School Of Design, Pune",https://www.careers360.com/colleges/alard-school-of-design-pune,Design,Kolhapur,Private,B.Des UI UX Design,4 Years,Boys Hostel
"Alard School Of Design, Pune",https://www.careers360.com/colleges/alard-school-of-design-pune,Design,Kolhapur,Private,B.Sc Communication Design,3 Years,Boys Hostel
"Asian College of Science and Commerce, Pune",https://www.careers360.com/colleges/asian-college-of-science-and-commerce-pune,Design,Kolhapur,Private,B.Sc Animation,3 Years,
"Atharva School of Fashion and Arts, Malad",https://www.careers360.com/colleges/atharva-school-of-fashion-and-arts-malad,Design,Kolhapur,Private,BA Fashion Design,3 Years,
"Atharva School of Fashion and Arts, Malad",https://www.careers360.com/colleges/atharva-school-of-fashion-and-arts-malad,Design,Kolhapur,Private,Advanced Diploma in Fashion Designing,2 Years,
"ATLAS SkillTech University, Mumbai",https://www.careers360.com/university/atlas-skilltech-university-mumbai,Design,Kolhapur,Private,MBA Design Management and Strategic Thinking,2 Years,
"ATLAS SkillTech University, Mumbai",https://www.careers360.com/university/atlas-skilltech-university-mumbai,Design,Kolhapur,Private,M.Des Design Futures,2 Years,
"ATLAS SkillTech University, Mumbai",https://www.careers360.com/university/atlas-skilltech-university-mumbai,Design,Kolhapur,Private,B.Des Product Design,4 Years,
"ATLAS SkillTech University, Mumbai",https://www.careers360.com/university/atlas-skilltech-university-mumbai,Design,Kolhapur,Private,B.Des Fashion Communication and Styling,4 Years,
"ATLAS SkillTech University, Mumbai",https://www.careers360.com/university/atlas-skilltech-university-mumbai,Design,Kolhapur,Private,B.Des Communication Design,4 Years,
"ATLAS SkillTech University, Mumbai",https://www.careers360.com/university/atlas-skilltech-university-mumbai,Design,Kolhapur,Private,Ph.D Design,3 Years,
"ATLAS SkillTech University, Mumbai",https://www.careers360.com/university/atlas-skilltech-university-mumbai,Design,Kolhapur,Private,B.Des Strategic Design Management,4 Years,
"ATLAS SkillTech University, Mumbai",https://www.careers360.com/university/atlas-skilltech-university-mumbai,Design,Kolhapur,Private,B.Des Fashion Design,4 Years,
"ATLAS SkillTech University, Mumbai",https://www.careers360.com/university/atlas-skilltech-university-mumbai,Design,Kolhapur,Private,B.Des Animation and VFX,4 Years,
"ATLAS SkillTech University, Mumbai",https://www.careers360.com/university/atlas-skilltech-university-mumbai,Design,Kolhapur,Private,B.Des Interior Design,4 Years,
"Bharati Vidyapeeth College of Architecture, Navi Mumbai",https://www.careers360.com/colleges/bharati-vidyapeeth-college-of-architecture-navi-mumbai,Design,Kolhapur,Private,B.Voc Interior Design,3 Years,"Boys Hostel, Girls Hostel"
"BVCA Pune - Bharati Vidyapeeth College of Architecture, Pune",https://www.careers360.com/colleges/bharati-vidyapeeth-college-of-architecture-pune,Design,Kolhapur,Private,B.Sc. Sustainable Interior Design,4 Years,"Boys Hostel, Girls Hostel"
"Bharati Vidyapeeth Deemed University Amplify Department of Information Technology and Management, Pune",https://www.careers360.com/colleges/bharati-vidyapeeth-deemed-university-amplify-department-of-information-technology-and-management-pune,Design,Kolhapur,Private,B.Sc Animation and Gaming,3 Years,"Boys Hostel, Girls Hostel"
"Bharati Vidyapeeth Institute of Management, Kolhapur",https://www.careers360.com/colleges/bharati-vidyapeeth-institute-of-management-kolhapur,Management,Kolhapur,Private,MBA,2 Years,
"Bharati Vidyapeeth Institute of Management, Kolhapur",https://www.careers360.com/colleges/bharati-vidyapeeth-institute-of-management-kolhapur,Management,Kolhapur,Private,BBA,3 Years,
"Chhatrapati Shahu Institute of Business Education and Research, Kolhapur",https://www.careers360.com/colleges/chhatrapati-shahu-institute-of-business-education-and-research-kolhapur,Management,Kolhapur,Private,MBA,2 Years,"Boys Hostel, Girls Hostel"
"Chhatrapati Shahu Institute of Business Education and Research, Kolhapur",https://www.careers360.com/colleges/chhatrapati-shahu-institute-of-business-education-and-research-kolhapur,Management,Kolhapur,Private,MBA Environment Management,2 Years,"Boys Hostel, Girls Hostel"
"Chhatrapati Shahu Institute of Business Education and Research, Kolhapur",https://www.careers360.com/colleges/chhatrapati-shahu-institute-of-business-education-and-research-kolhapur,Management,Kolhapur,Private,BBA,3 Years,"Boys Hostel, Girls Hostel"
"Department of Commerce and Management, Shivaji University, Kolhapur",https://www.careers360.com/colleges/department-of-commerce-and-management-shivaji-university-kolhapur,Management,Kolhapur,Government,MBA,2 Years,"Boys Hostel, Girls Hostel"
"Department of Commerce and Management, Shivaji University, Kolhapur",https://www.careers360.com/colleges/department-of-commerce-and-management-shivaji-university-kolhapur,Management,Kolhapur,Government,BBA and MBA Integrated,5 Years,"Boys Hostel, Girls Hostel"
"Deshbhakta Ratnappa Kumbhar College of Commerce, Kolhapur",https://www.careers360.com/colleges/deshbhakta-ratnappa-kumbhar-college-of-commerce-kolhapur,Management,Kolhapur,Private,BBA Self Finance,3 Years,Boys Hostel
"Deshbhakta Ratnappa Kumbhar College of Commerce, Kolhapur",https://www.careers360.com/colleges/deshbhakta-ratnappa-kumbhar-college-of-commerce-kolhapur,Management,Kolhapur,Private,MBA,2 Years,Boys Hostel
"Dhananjay Mahadik Group of Institutions, Kolhapur",https://www.careers360.com/colleges/dhananjay-mahadik-group-of-institutions-kolhapur,Management,Kolhapur,Private,MBA,2 Years,
"DKTE Ichalkaranji - DKTE Society's Textile and Engineering Institute, Ichalkaranji",https://www.careers360.com/colleges/dkte-societys-textile-and-engineering-institute-ichalkaranji,Management,Kolhapur,Private,MBA,2 Years,"Boys Hostel, Girls Hostel"
"Dr Ghali College, Kolhapur",https://www.careers360.com/colleges/dr-ghali-college-kolhapur,Management,Kolhapur,Private,BBA,3 Years,Girls Hostel
"DY Patil Agriculture and Technical University, Talsande",https://www.careers360.com/university/dy-patil-agriculture-and-technical-university-talsande,Management,Kolhapur,Private,MBA,2 Years,"Boys Hostel, Girls Hostel"
"DY Patil Agriculture and Technical University, Talsande",https://www.careers360.com/university/dy-patil-agriculture-and-technical-university-talsande,Management,Kolhapur,Private,MBA International Finance,2 Years,"Boys Hostel, Girls Hostel"
"DY Patil Agriculture and Technical University, Talsande",https://www.careers360.com/university/dy-patil-agriculture-and-technical-university-talsande,Management,Kolhapur,Private,BBA Finance and Accounting,3 Years,"Boys Hostel, Girls Hostel"
"DY Patil Agriculture and Technical University, Talsande",https://www.careers360.com/university/dy-patil-agriculture-and-technical-university-talsande,Management,Kolhapur,Private,BBA Hons,3 Years,"Boys Hostel, Girls Hostel"
"DY Patil Agriculture and Technical University, Talsande",https://www.careers360.com/university/dy-patil-agriculture-and-technical-university-talsande,Management,Kolhapur,Private,BBA Agro Business Management,3 Years,"Boys Hostel, Girls Hostel"
"DY Patil Agriculture and Technical University, Talsande",https://www.careers360.com/university/dy-patil-agriculture-and-technical-university-talsande,Management,Kolhapur,Private,Ph.D Management,6 Years,"Boys Hostel, Girls Hostel"
"DY Patil Agriculture and Technical University, Talsande",https://www.careers360.com/university/dy-patil-agriculture-and-technical-university-talsande,Management,Kolhapur,Private,MBA Agri Business Management,2 Years,"Boys Hostel, Girls Hostel"
"DY Patil Education Society, Kolhapur",https://www.careers360.com/university/dy-patil-education-society-kolhapur,Management,Kolhapur,Private,MBA,2 Years,"Boys Hostel, Girls Hostel"
"DY Patil Education Society, Kolhapur",https://www.careers360.com/university/dy-patil-education-society-kolhapur,Management,Kolhapur,Private,BBA,3 Years,"Boys Hostel, Girls Hostel"
"DY Patil Education Society's DY Patil Technical Campus, Kolhapur",https://www.careers360.com/colleges/dy-patil-education-societys-dy-patil-technical-campus-kolhapur,Management,Kolhapur,Private,MBA,2 Years,"Boys Hostel, Girls Hostel"
"Gopal Krishna Gokhale College, Kolhapur",https://www.careers360.com/colleges/gopal-krishna-gokhale-college-kolhapur,Management,Kolhapur,Private,B.Voc Catering and Hospitality Management,3 Years,Girls Hostel
"Gopal Krishna Gokhale College, Kolhapur",https://www.careers360.com/colleges/gopal-krishna-gokhale-college-kolhapur,Management,Kolhapur,Private,B.Voc Sustainable Agriculture Management,3 Years,Girls Hostel
"Gopal Krishna Gokhale College, Kolhapur",https://www.careers360.com/colleges/gopal-krishna-gokhale-college-kolhapur,Management,Kolhapur,Private,B.Voc Nursing and Hospital Management,3 Years,Girls Hostel
"Ideal Institute of Management, Kondigre",https://www.careers360.com/colleges/ideal-institute-of-management-kondigre,Management,Kolhapur,Private,MBA,2 Years,Boys Hostel
"Kamala College, Kolhapur",https://www.careers360.com/colleges/kamala-college-kolhapur,Management,Kolhapur,Private,B.Voc Food Processing and Management,3 Years,Girls Hostel
"Kamala College, Kolhapur",https://www.careers360.com/colleges/kamala-college-kolhapur,Management,Kolhapur,Private,B.Voc Retail Management and Information Technology,3 Years,Girls Hostel
"KIT's Institute of Management Education and Research, Kolhapur",https://www.careers360.com/colleges/kits-institute-of-management-education-and-research-kolhapur,Management,Kolhapur,Private,MBA,2 Years,"Boys Hostel, Girls Hostel"
"Sanjeevan Engineering and Technology Institute, Kolhapur",https://www.careers360.com/colleges/sanjeevan-engineering-and-technology-institute-kolhapur,Management,Kolhapur,Private,MBA Information Technology and Systems Management,4 Years,"Boys Hostel, Girls Hostel"
"Sanjeevan Engineering and Technology Institute, Kolhapur",https://www.careers360.com/colleges/sanjeevan-engineering-and-technology-institute-kolhapur,Management,Kolhapur,Private,MBA Business Analytics,4 Years,"Boys Hostel, Girls Hostel"
"Sanjeevan Engineering and Technology Institute, Kolhapur",https://www.careers360.com/colleges/sanjeevan-engineering-and-technology-institute-kolhapur,Management,Kolhapur,Private,MBA Marketing and Finance,4 Years,"Boys Hostel, Girls Hostel"
"Shri Balasaheb Mane Shikshan Prasarak Mandal Ambap's Group of Institutions Integrated Campus, Ambap",https://www.careers360.com/colleges/shri-balasaheb-mane-shikshan-prasarak-mandal-ambaps-group-of-institutions-integrated-campus-ambap,Management,Kolhapur,Private,MBA,2 Years,"Boys Hostel, Girls Hostel"
"Shri Balasaheb Mane Shikshan Prasarak Mandal Ambap's Group of Institutions Integrated Campus, Ambap",https://www.careers360.com/colleges/shri-balasaheb-mane-shikshan-prasarak-mandal-ambaps-group-of-institutions-integrated-campus-ambap,Management,Kolhapur,Private,M.Tech.Construction Management,2 Years,"Boys Hostel, Girls Hostel"
"The New College, Kolhapur",https://www.careers360.com/colleges/the-new-college-kolhapur,Management,Kolhapur,Private,BBA,3 Years,"Boys Hostel, Girls Hostel"
"Vivekanand College, Kolhapur",https://www.careers360.com/colleges/vivekanand-college-kolhapur,Management,Kolhapur,Private,M.Com Business Administration,2 Years,"Girls Hostel, Boys Hostel"
"Vivekanand College, Kolhapur",https://www.careers360.com/colleges/vivekanand-college-kolhapur,Management,Kolhapur,Private,BBA Self Finance,3 Years,"Girls Hostel, Boys Hostel"
"Yashwantrao Chavan School of Rural Development, Shivaji University, Kolhapur",https://www.careers360.com/colleges/yashwantrao-chavan-school-of-rural-development-shivaji-university-kolhapur,Management,Kolhapur,Government,MBA Rural Management,2 Years,"Girls Hostel, Boys Hostel"
"Bharati Vidyapeeth Institute of Management, Kolhapur",https://www.careers360.com/colleges/bharati-vidyapeeth-institute-of-management-kolhapur,Management,Kolhapur,Private,MBA,2 Years,
"Bharati Vidyapeeth Institute of Management, Kolhapur",https://www.careers360.com/colleges/bharati-vidyapeeth-institute-of-management-kolhapur,Management,Kolhapur,Private,BBA,3 Years,
"Chhatrapati Shahu Institute of Business Education and Research, Kolhapur",https://www.careers360.com/colleges/chhatrapati-shahu-institute-of-business-education-and-research-kolhapur,Management,Kolhapur,Private,MBA,2 Years,"Boys Hostel, Girls Hostel"
"Chhatrapati Shahu Institute of Business Education and Research, Kolhapur",https://www.careers360.com/colleges/chhatrapati-shahu-institute-of-business-education-and-research-kolhapur,Management,Kolhapur,Private,MBA Environment Management,2 Years,"Boys Hostel, Girls Hostel"
"Chhatrapati Shahu Institute of Business Education and Research, Kolhapur",https://www.careers360.com/colleges/chhatrapati-shahu-institute-of-business-education-and-research-kolhapur,Management,Kolhapur,Private,BBA,3 Years,"Boys Hostel, Girls Hostel"
"Department of Commerce and Management, Shivaji University, Kolhapur",https://www.careers360.com/colleges/department-of-commerce-and-management-shivaji-university-kolhapur,Management,Kolhapur,Government,MBA,2 Years,"Boys Hostel, Girls Hostel"
"Department of Commerce and Management, Shivaji University, Kolhapur",https://www.careers360.com/colleges/department-of-commerce-and-management-shivaji-university-kolhapur,Management,Kolhapur,Government,BBA and MBA Integrated,5 Years,"Boys Hostel, Girls Hostel"
"Deshbhakta Ratnappa Kumbhar College of Commerce, Kolhapur",https://www.careers360.com/colleges/deshbhakta-ratnappa-kumbhar-college-of-commerce-kolhapur,Management,Kolhapur,Private,BBA Self Finance,3 Years,Boys Hostel
"Deshbhakta Ratnappa Kumbhar College of Commerce, Kolhapur",https://www.careers360.com/colleges/deshbhakta-ratnappa-kumbhar-college-of-commerce-kolhapur,Management,Kolhapur,Private,MBA,2 Years,Boys Hostel
"Dhananjay Mahadik Group of Institutions, Kolhapur",https://www.careers360.com/colleges/dhananjay-mahadik-group-of-institutions-kolhapur,Management,Kolhapur,Private,MBA,2 Years,
"DKTE Ichalkaranji - DKTE Society's Textile and Engineering Institute, Ichalkaranji",https://www.careers360.com/colleges/dkte-societys-textile-and-engineering-institute-ichalkaranji,Management,Kolhapur,Private,MBA,2 Years,"Boys Hostel, Girls Hostel"
"Dr Ghali College, Kolhapur",https://www.careers360.com/colleges/dr-ghali-college-kolhapur,Management,Kolhapur,Private,BBA,3 Years,Girls Hostel
"DY Patil Agriculture and Technical University, Talsande",https://www.careers360.com/university/dy-patil-agriculture-and-technical-university-talsande,Management,Kolhapur,Private,MBA,2 Years,"Boys Hostel, Girls Hostel"
"DY Patil Agriculture and Technical University, Talsande",https://www.careers360.com/university/dy-patil-agriculture-and-technical-university-talsande,Management,Kolhapur,Private,MBA International Finance,2 Years,"Boys Hostel, Girls Hostel"
"DY Patil Agriculture and Technical University, Talsande",https://www.careers360.com/university/dy-patil-agriculture-and-technical-university-talsande,Management,Kolhapur,Private,BBA Finance and Accounting,3 Years,"Boys Hostel, Girls Hostel"
"DY Patil Agriculture and Technical University, Talsande",https://www.careers360.com/university/dy-patil-agriculture-and-technical-university-talsande,Management,Kolhapur,Private,BBA Hons,3 Years,"Boys Hostel, Girls Hostel"
"DY Patil Agriculture and Technical University, Talsande",https://www.careers360.com/university/dy-patil-agriculture-and-technical-university-talsande,Management,Kolhapur,Private,BBA Agro Business Management,3 Years,"Boys Hostel, Girls Hostel"
"DY Patil Agriculture and Technical University, Talsande",https://www.careers360.com/university/dy-patil-agriculture-and-technical-university-talsande,Management,Kolhapur,Private,Ph.D Management,6 Years,"Boys Hostel, Girls Hostel"
"DY Patil Agriculture and Technical University, Talsande",https://www.careers360.com/university/dy-patil-agriculture-and-technical-university-talsande,Management,Kolhapur,Private,MBA Agri Business Management,2 Years,"Boys Hostel, Girls Hostel"
"DY Patil Education Society, Kolhapur",https://www.careers360.com/university/dy-patil-education-society-kolhapur,Management,Kolhapur,Private,MBA,2 Years,"Boys Hostel, Girls Hostel"
"DY Patil Education Society, Kolhapur",https://www.careers360.com/university/dy-patil-education-society-kolhapur,Management,Kolhapur,Private,BBA,3 Years,"Boys Hostel, Girls Hostel"
"New Law College Kolhapur - Bharati Vidyapeeth's New Law College, Kolhapur",https://www.careers360.com/colleges/bharati-vidyapeeths-new-law-college-kolhapur,Law,Kolhapur,Private,LLB,3 Years,"Boys Hostel, Girls Hostel"
"New Law College Kolhapur - Bharati Vidyapeeth's New Law College, Kolhapur",https://www.careers360.com/colleges/bharati-vidyapeeths-new-law-college-kolhapur,Law,Kolhapur,Private,LLB Five Year,5 Years,"Boys Hostel, Girls Hostel"
"New Law College Kolhapur - Bharati Vidyapeeth's New Law College, Kolhapur",https://www.careers360.com/colleges/bharati-vidyapeeths-new-law-college-kolhapur,Law,Kolhapur,Private,Diploma in Labour Law,1 Year,"Boys Hostel, Girls Hostel"
"Shahaji Law College, Kolhapur",https://www.careers360.com/colleges/shahaji-law-college-kolhapur,Law,Kolhapur,Private,LLB,3 Years,Boys Hostel
"Shahaji Law College, Kolhapur",https://www.careers360.com/colleges/shahaji-law-college-kolhapur,Law,Kolhapur,Private,BSL LLB,5 Years,Boys Hostel
"Shahaji Law College, Kolhapur",https://www.careers360.com/colleges/shahaji-law-college-kolhapur,Law,Kolhapur,Private,Diploma in Labour Law,1 Year,Boys Hostel
"Abhinav Education Society College of Law, Pune",https://www.careers360.com/colleges/abhinav-education-society-college-of-law-pune,Law,Kolhapur,Private,LLB,3 Years,
"Abhinav Education Society College of Law, Pune",https://www.careers360.com/colleges/abhinav-education-society-college-of-law-pune,Law,Kolhapur,Private,BA LLB,5 Years,
"Abhinav Education Society College of Law, Pune",https://www.careers360.com/colleges/abhinav-education-society-college-of-law-pune,Law,Kolhapur,Private,Diploma in Taxation Law,1 Year,
"Adsul Law College, Ahmednagar",https://www.careers360.com/colleges/adsul-law-college-ahmednagar,Law,Kolhapur,Private,LLB,3 Years,"Boys Hostel, Girls Hostel"
"Adv Balasahab Apte College of Law, Mumbai",https://www.careers360.com/colleges/adv-balasahab-apte-college-of-law-mumbai,Law,Kolhapur,Private,BA LLB,5 Years,
"Adv Balasahab Apte College of Law, Mumbai",https://www.careers360.com/colleges/adv-balasahab-apte-college-of-law-mumbai,Law,Kolhapur,Private,LLB,3 Years,
"Adv Balasahab Apte College of Law, Mumbai",https://www.careers360.com/colleges/adv-balasahab-apte-college-of-law-mumbai,Law,Kolhapur,Private,BLS LLB,5 Years,
"Adv Balasaheb Apte College of Law, Mumbai",https://www.careers360.com/colleges/adv-balasaheb-apte-college-of-law-mumbai,Law,Kolhapur,Private,BLS LLB,5 Years,
"Adv Balasaheb Apte College of Law, Mumbai",https://www.careers360.com/colleges/adv-balasaheb-apte-college-of-law-mumbai,Law,Kolhapur,Private,LLB,3 Years,
"Adv Balasaheb Apte College of Law, Mumbai",https://www.careers360.com/colleges/adv-balasaheb-apte-college-of-law-mumbai,Law,Kolhapur,Private,BA LLB,5 Years,
"Adv BD Hambarde Mahavidyalaya, Ashti",https://www.careers360.com/colleges/adv-bd-hambarde-mahavidyalaya-ashti,Law,Kolhapur,Private,LLB,3 Years,Girls Hostel
"Advocate Ramkrishnaji Rathi Law College, Washim",https://www.careers360.com/colleges/advocate-ramkrishnaji-rathi-law-college-washim,Law,Kolhapur,Private,LLB,3 Years,
"Advocate Ramkrishnaji Rathi Law College, Washim",https://www.careers360.com/colleges/advocate-ramkrishnaji-rathi-law-college-washim,Law,Kolhapur,Private,LLM Criminal Law,2 Years,
"Advocate Ramkrishnaji Rathi Law College, Washim",https://www.careers360.com/colleges/advocate-ramkrishnaji-rathi-law-college-washim,Law,Kolhapur,Private,LLM Business Law,2 Years,
"Adv PC Patil Law College, Navi Mumbai",https://www.careers360.com/colleges/adv-pc-patil-law-college-navi-mumbai,Law,Kolhapur,Private,BA LLB,5 Years,
"Adv PC Patil Law College, Navi Mumbai",https://www.careers360.com/colleges/adv-pc-patil-law-college-navi-mumbai,Law,Kolhapur,Private,LLB,3 Years,
"Agnel School of Law, Navi Mumbai",https://www.careers360.com/colleges/agnel-school-of-law-navi-mumbai,Law,Kolhapur,Private,LLB,3 Years,"Boys Hostel, Girls Hostel"
"Agnel School of Law, Navi Mumbai",https://www.careers360.com/colleges/agnel-school-of-law-navi-mumbai,Law,Kolhapur,Private,BA LLB,5 Years,"Boys Hostel, Girls Hostel"
"Agnel School of Law, Navi Mumbai",https://www.careers360.com/colleges/agnel-school-of-law-navi-mumbai,Law,Kolhapur,Private,BLS LLB Integrated,5 Years,"Boys Hostel, Girls Hostel"
"Agnihotri College of Law, Wardha",https://www.careers360.com/colleges/agnihotri-college-of-law-wardha,Law,Kolhapur,Private,L.L.B,3 Years,
"Agnihotri College of Law, Wardha",https://www.careers360.com/colleges/agnihotri-college-of-law-wardha,Law,Kolhapur,Private,BA LLB,5 Years,
"New Law College Ahmednagar - Ahmednagar Jilha Maratha Vidya Prasarak Samajs New Law College, Ahmednagar",https://www.careers360.com/colleges/ahmednagar-jilha-maratha-vidya-prasarak-samajs-new-law-college-ahmednagar,Law,Kolhapur,Private,LLB,3 Years,"Boys Hostel, Girls Hostel"
"New Law College Ahmednagar - Ahmednagar Jilha Maratha Vidya Prasarak Samajs New Law College, Ahmednagar",https://www.careers360.com/colleges/ahmednagar-jilha-maratha-vidya-prasarak-samajs-new-law-college-ahmednagar,Law,Kolhapur,Private,BA LLB,5 Years,"Boys Hostel, Girls Hostel"
"New Law College Ahmednagar - Ahmednagar Jilha Maratha Vidya Prasarak Samajs New Law College, Ahmednagar",https://www.careers360.com/colleges/ahmednagar-jilha-maratha-vidya-prasarak-samajs-new-law-college-ahmednagar,Law,Kolhapur,Private,Diploma in Taxation Law,1 Year,"Boys Hostel, Girls Hostel"
"New Law College Ahmednagar - Ahmednagar Jilha Maratha Vidya Prasarak Samajs New Law College, Ahmednagar",https://www.careers360.com/colleges/ahmednagar-jilha-maratha-vidya-prasarak-samajs-new-law-college-ahmednagar,Law,Kolhapur,Private,LLM,2 Years,"Boys Hostel, Girls Hostel"
"ADYPU, Pune - Ajeenkya DY Patil University, Pune",https://www.careers360.com/university/ajeenkya-dy-patil-university-pune,Law,Kolhapur,Private,BA LLB Integrated,5 Years,"Boys Hostel, Girls Hostel"
"ADYPU, Pune - Ajeenkya DY Patil University, Pune",https://www.careers360.com/university/ajeenkya-dy-patil-university-pune,Law,Kolhapur,Private,LLB,3 Years,"Boys Hostel, Girls Hostel"
"ADYPU, Pune - Ajeenkya DY Patil University, Pune",https://www.careers360.com/university/ajeenkya-dy-patil-university-pune,Law,Kolhapur,Private,LLB,3 Years,"Boys Hostel, Girls Hostel"
"ADYPU, Pune - Ajeenkya DY Patil University, Pune",https://www.careers360.com/university/ajeenkya-dy-patil-university-pune,Law,Kolhapur,Private,BA LLB,5 Years,"Boys Hostel, Girls Hostel"
"ADYPU, Pune - Ajeenkya DY Patil University, Pune",https://www.careers360.com/university/ajeenkya-dy-patil-university-pune,Law,Kolhapur,Private,LLM,1 Year,"Boys Hostel, Girls Hostel"
"Ajeenkya DY Patil University School of Law, Pune",https://www.careers360.com/colleges/ajeenkya-dy-patil-university-school-of-law-pune,Law,Kolhapur,Private,LLB,3 Years,
"Ajeenkya DY Patil University School of Law, Pune",https://www.careers360.com/colleges/ajeenkya-dy-patil-university-school-of-law-pune,Law,Kolhapur,Private,BA LLB,5 Years,
"Ajeenkya DY Patil University School of Law, Pune",https://www.careers360.com/colleges/ajeenkya-dy-patil-university-school-of-law-pune,Law,Kolhapur,Private,LLM,1 Year,
"AK Khan New Law Academy, Pune",https://www.careers360.com/colleges/ak-khan-new-law-academy-pune,Law,Kolhapur,Private,LLB,3 Years,"Boys Hostel, Girls Hostel"
"AK Khan New Law Academy, Pune",https://www.careers360.com/colleges/ak-khan-new-law-academy-pune,Law,Kolhapur,Private,BA LLB,5 Years,"Boys Hostel, Girls Hostel"
"AK Khan New Law Academy, Pune",https://www.careers360.com/colleges/ak-khan-new-law-academy-pune,Law,Kolhapur,Private,LLM,2 Years,"Boys Hostel, Girls Hostel"
"AK Khan New Law Academy, Pune",https://www.careers360.com/colleges/ak-khan-new-law-academy-pune,Law,Kolhapur,Private,Diploma in Taxation Law,1 Year,"Boys Hostel, Girls Hostel"
"Akola Law College, Akola",https://www.careers360.com/colleges/akola-law-college-akola,Law,Kolhapur,Private,BA LLB,5 Years,
"Akola Law College, Akola",https://www.careers360.com/colleges/akola-law-college-akola,Law,Kolhapur,Private,LLB,3 Years,
"Alard School Of Law, Pune",https://www.careers360.com/colleges/alard-school-of-law-pune,Law,Kolhapur,Private,LLB,3 Years,
"Alard School Of Law, Pune",https://www.careers360.com/colleges/alard-school-of-law-pune,Law,Kolhapur,Private,BA LLB,5 Years,
"Alard School Of Law, Pune",https://www.careers360.com/colleges/alard-school-of-law-pune,Law,Kolhapur,Private,LLM Corporate Law,2 Years,
"Alard School Of Law, Pune",https://www.careers360.com/colleges/alard-school-of-law-pune,Law,Kolhapur,Private,LLM Criminal Law,2 Years,
"Alard School Of Law, Pune",https://www.careers360.com/colleges/alard-school-of-law-pune,Law,Kolhapur,Private,LLM Constitutional Law,2 Years,
"Amity Law School, Mumbai",https://www.careers360.com/colleges/amity-law-school-mumbai,Law,Kolhapur,Private,BA LLB Hons,5 Years,"Boys Hostel, Girls Hostel"
"Amity Law School, Mumbai",https://www.careers360.com/colleges/amity-law-school-mumbai,Law,Kolhapur,Private,B.Sc LLB Hons,5 Years,"Boys Hostel, Girls Hostel"
"Amity Law School, Mumbai",https://www.careers360.com/colleges/amity-law-school-mumbai,Law,Kolhapur,Private,BBA LLB Hons,5 Years,"Boys Hostel, Girls Hostel"
"Amity Law School, Mumbai",https://www.careers360.com/colleges/amity-law-school-mumbai,Law,Kolhapur,Private,LLB,3 Years,"Boys Hostel, Girls Hostel"
"Amity Law School, Mumbai",https://www.careers360.com/colleges/amity-law-school-mumbai,Law,Kolhapur,Private,B.Com LLB Hons,5 Years,"Boys Hostel, Girls Hostel"
"Amity Law School, Mumbai",https://www.careers360.com/colleges/amity-law-school-mumbai,Law,Kolhapur,Private,LLM,1 Year,"Boys Hostel, Girls Hostel"
"Amolakchand Law College, Yavatmal",https://www.careers360.com/colleges/amolakchand-law-college-yavatmal,Law,Kolhapur,Private,BA LLB,5 Years,
"Amolakchand Law College, Yavatmal",https://www.careers360.com/colleges/amolakchand-law-college-yavatmal,Law,Kolhapur,Private,LLB,3 Years,
"Anand Vishwa Gurukul, Thane",https://www.careers360.com/colleges/anand-vishwa-gurukul-thane,Law,Kolhapur,Private,LLB,3 Years,
"Anand Vishwa Gurukul, Thane",https://www.careers360.com/colleges/anand-vishwa-gurukul-thane,Law,Kolhapur,Private,BA LLB,5 Years,
"Arham Law College, Pune",https://www.careers360.com/colleges/arham-law-college-pune,Law,Kolhapur,Private,BA LLB,5 Years,
"Army Law College, Pune",https://www.careers360.com/colleges/army-law-college-pune,Law,Kolhapur,Private,BA LLB,5 Years,"Boys Hostel, Girls Hostel"
"Army Law College, Pune",https://www.careers360.com/colleges/army-law-college-pune,Law,Kolhapur,Private,BBA LLB,5 Years,"Boys Hostel, Girls Hostel"
"Ashokdada Sable Law College, Raigad",https://www.careers360.com/colleges/ashokdada-sable-law-college-raigad,Law,Kolhapur,Private,BA LLB,5 Years,
"Ashokdada Sable Law College, Raigad",https://www.careers360.com/colleges/ashokdada-sable-law-college-raigad,Law,Kolhapur,Private,LLB,3 Years,
"Ashokdada Sable Law College, Raigad",https://www.careers360.com/colleges/ashokdada-sable-law-college-raigad,Law,Kolhapur,Private,LLM,2 Years,
"Balaji Law College, Pune",https://www.careers360.com/colleges/balaji-law-college-pune,Law,Kolhapur,Private,LLB,3 Years,"Boys Hostel, Girls Hostel"
"Balaji Law College, Pune",https://www.careers360.com/colleges/balaji-law-college-pune,Law,Kolhapur,Private,BA LLB,5 Years,"Boys Hostel, Girls Hostel"
"Balaji Law College, Pune",https://www.careers360.com/colleges/balaji-law-college-pune,Law,Kolhapur,Private,Diploma in Taxation Law,1 Year,"Boys Hostel, Girls Hostel"
"Barrister AR Antulay College of Law, Mumbai",https://www.careers360.com/colleges/barrister-ar-antulay-college-of-law-mumbai,Law,Kolhapur,Private,LLB,3 Years,
"Bhagubai Changu Thakur College of Law, New Panvel",https://www.careers360.com/colleges/bhagubai-changu-thakur-college-of-law-new-panvel,Law,Kolhapur,Private,LLB,3 Years,
"Bhagubai Changu Thakur College of Law, New Panvel",https://www.careers360.com/colleges/bhagubai-changu-thakur-college-of-law-new-panvel,Law,Kolhapur,Private,BLS LLB,5 Years,
"Bhagubai Changu Thakur College of Law, New Panvel",https://www.careers360.com/colleges/bhagubai-changu-thakur-college-of-law-new-panvel,Law,Kolhapur,Private,LLM Criminal Law,2 Years,
"Bhagubai Changu Thakur College of Law, New Panvel",https://www.careers360.com/colleges/bhagubai-changu-thakur-college-of-law-new-panvel,Law,Kolhapur,Private,LLM Business Law,2 Years,
"New Law College Pune - Bharati Vidyapeeth Deemed University, New Law College, Pune",https://www.careers360.com/colleges/bharati-vidyapeeth-deemed-university-new-law-college-pune,Law,Kolhapur,Private,LLB,3 Years,"Boys Hostel, Girls Hostel"
"New Law College Pune - Bharati Vidyapeeth Deemed University, New Law College, Pune",https://www.careers360.com/colleges/bharati-vidyapeeth-deemed-university-new-law-college-pune,Law,Kolhapur,Private,BBA LLB Self Finance,5 Years,"Boys Hostel, Girls Hostel"
"New Law College Pune - Bharati Vidyapeeth Deemed University, New Law College, Pune",https://www.careers360.com/colleges/bharati-vidyapeeth-deemed-university-new-law-college-pune,Law,Kolhapur,Private,BA LLB,5 Years,"Boys Hostel, Girls Hostel"
"New Law College Pune - Bharati Vidyapeeth Deemed University, New Law College, Pune",https://www.careers360.com/colleges/bharati-vidyapeeth-deemed-university-new-law-college-pune,Law,Kolhapur,Private,LLM Two Year,2 Years,"Boys Hostel, Girls Hostel"
"New Law College Pune - Bharati Vidyapeeth Deemed University, New Law College, Pune",https://www.careers360.com/colleges/bharati-vidyapeeth-deemed-university-new-law-college-pune,Law,Kolhapur,Private,LLM,1 Year,"Boys Hostel, Girls Hostel"
"New Law College Pune - Bharati Vidyapeeth Deemed University, New Law College, Pune",https://www.careers360.com/colleges/bharati-vidyapeeth-deemed-university-new-law-college-pune,Law,Kolhapur,Private,BA LLB Self Finance,5 Years,"Boys Hostel, Girls Hostel"
"New Law College Pune - Bharati Vidyapeeth Deemed University, New Law College, Pune",https://www.careers360.com/colleges/bharati-vidyapeeth-deemed-university-new-law-college-pune,Law,Kolhapur,Private,Diploma in Cyber Law,1 Year,"Boys Hostel, Girls Hostel"
"New Law College Pune - Bharati Vidyapeeth Deemed University, New Law College, Pune",https://www.careers360.com/colleges/bharati-vidyapeeth-deemed-university-new-law-college-pune,Law,Kolhapur,Private,Diploma in Anti Corruption Law,1 Year,"Boys Hostel, Girls Hostel"
"New Law College Pune - Bharati Vidyapeeth Deemed University, New Law College, Pune",https://www.careers360.com/colleges/bharati-vidyapeeth-deemed-university-new-law-college-pune,Law,Kolhapur,Private,Diploma in Air and Space Law,1 Year,"Boys Hostel, Girls Hostel"
"New Law College Pune - Bharati Vidyapeeth Deemed University, New Law College, Pune",https://www.careers360.com/colleges/bharati-vidyapeeth-deemed-university-new-law-college-pune,Law,Kolhapur,Private,PG Diploma in Air and Space Law,1 Year,"Boys Hostel, Girls Hostel"
"New Law College Pune - Bharati Vidyapeeth Deemed University, New Law College, Pune",https://www.careers360.com/colleges/bharati-vidyapeeth-deemed-university-new-law-college-pune,Law,Kolhapur,Private,Diploma in Corporate Law,1 Year,"Boys Hostel, Girls Hostel"
"New Law College Pune - Bharati Vidyapeeth Deemed University, New Law College, Pune",https://www.careers360.com/colleges/bharati-vidyapeeth-deemed-university-new-law-college-pune,Law,Kolhapur,Private,PG Diploma in Cyber Law,1 Year,"Boys Hostel, Girls Hostel"
"New Law College Pune - Bharati Vidyapeeth Deemed University, New Law College, Pune",https://www.careers360.com/colleges/bharati-vidyapeeth-deemed-university-new-law-college-pune,Law,Kolhapur,Private,PG Diploma in Corporate Law,1 Year,"Boys Hostel, Girls Hostel"
"New Law College Pune - Bharati Vidyapeeth Deemed University, New Law College, Pune",https://www.careers360.com/colleges/bharati-vidyapeeth-deemed-university-new-law-college-pune,Law,Kolhapur,Private,Diploma in Taxation Law,1 Year,"Boys Hostel, Girls Hostel"
"New Law College Pune - Bharati Vidyapeeth Deemed University, New Law College, Pune",https://www.careers360.com/colleges/bharati-vidyapeeth-deemed-university-new-law-college-pune,Law,Kolhapur,Private,Diploma in Labour Law,1 Year,"Boys Hostel, Girls Hostel"
"Bharati Vidyapeeth's New Law College, Sangli",https://www.careers360.com/colleges/bharati-vidyapeeths-new-law-college-sangli,Law,Kolhapur,Private,PG Diploma in Cyber Law,1 Year,"Boys Hostel, Girls Hostel"
"Bharati Vidyapeeth's New Law College, Sangli",https://www.careers360.com/colleges/bharati-vidyapeeths-new-law-college-sangli,Law,Kolhapur,Private,LLB,3 Years,"Boys Hostel, Girls Hostel"
"Bharati Vidyapeeth's New Law College, Sangli",https://www.careers360.com/colleges/bharati-vidyapeeths-new-law-college-sangli,Law,Kolhapur,Private,BA LLB,5 Years,"Boys Hostel, Girls Hostel"
"Bharati Vidyapeeth's New Law College, Sangli",https://www.careers360.com/colleges/bharati-vidyapeeths-new-law-college-sangli,Law,Kolhapur,Private,PG Diploma in Taxation Law,1 Year,"Boys Hostel, Girls Hostel"
"IDEAS Nagpur - Institute of Design Education and Architectural Studies, Nagpur",https://www.careers360.com/colleges/institute-of-design-education-and-architectural-studies-nagpur,Architecture,Nagpur,Private,B.Arch,5 Years,"Boys Hostel, Girls Hostel"
"IDEAS Nagpur - Institute of Design Education and Architectural Studies, Nagpur",https://www.careers360.com/colleges/institute-of-design-education-and-architectural-studies-nagpur,Architecture,Nagpur,Private,M.Arch Environmental Architecture,2 Years,"Boys Hostel, Girls Hostel"
"PIADS Nagpur - Priyadarshini Institute of Architecture and Design Studies, Nagpur",https://www.careers360.com/colleges/priyadarshini-institute-of-architecture-and-design-studies-nagpur,Architecture,Nagpur,Private,B.Arch,5 Years,"Boys Hostel, Girls Hostel"
"PIADS Nagpur - Priyadarshini Institute of Architecture and Design Studies, Nagpur",https://www.careers360.com/colleges/priyadarshini-institute-of-architecture-and-design-studies-nagpur,Architecture,Nagpur,Private,M.Arch Landscape,2 Years,"Boys Hostel, Girls Hostel"
"Radhikatai Pandav Institute of Architecture, Nagpur",https://www.careers360.com/colleges/radhikatai-pandav-institute-of-architecture-nagpur,Architecture,Nagpur,Private,B.Arch,5 Years,
"Shri Datta Meghe College of Architecture, Nagpur",https://www.careers360.com/colleges/shri-datta-meghe-college-of-architecture-nagpur,Architecture,Nagpur,Private,B.Arch,5 Years,"Boys Hostel, Girls Hostel"
"Smt Manoramabai Mundle College of Architecture, Nagpur",https://www.careers360.com/colleges/smt-manoramabai-mundle-college-of-architecture-nagpur,Architecture,Nagpur,Private,B.Arch,5 Years,Girls Hostel
"Smt Manoramabai Mundle College of Architecture, Nagpur",https://www.careers360.com/colleges/smt-manoramabai-mundle-college-of-architecture-nagpur,Architecture,Nagpur,Private,M.Arch Architecture Education,2 Years,Girls Hostel
"Smt Manoramabai Mundle College of Architecture, Nagpur",https://www.careers360.com/colleges/smt-manoramabai-mundle-college-of-architecture-nagpur,Architecture,Nagpur,Private,Ph.D Architecture,6 Years,Girls Hostel
"Smt Manoramabai Mundle College of Architecture, Nagpur",https://www.careers360.com/colleges/smt-manoramabai-mundle-college-of-architecture-nagpur,Architecture,Nagpur,Private,M.Arch Urban Design,2 Years,Girls Hostel
"Smt Manoramabai Mundle College of Architecture, Nagpur",https://www.careers360.com/colleges/smt-manoramabai-mundle-college-of-architecture-nagpur,Architecture,Nagpur,Private,Ph.D Architecture Part-Time,6 Years,Girls Hostel
"Symbiosis School of Planning Architecture and Design, Nagpur",https://www.careers360.com/colleges/symbiosis-school-of-planning-architecture-and-design-nagpur,Architecture,Nagpur,Private,B.Arch,5 Years,"Boys Hostel, Girls Hostel"
VNIT Nagpur - Visvesvaraya National Institute of Technology Nagpur,https://www.careers360.com/university/visvesvaraya-national-institute-of-technology-nagpur,Architecture,Nagpur,Government,B.Arch,5 Years,"Boys Hostel, Girls Hostel"
VNIT Nagpur - Visvesvaraya National Institute of Technology Nagpur,https://www.careers360.com/university/visvesvaraya-national-institute-of-technology-nagpur,Architecture,Nagpur,Government,M.Tech Urban Planning,2 Years,"Boys Hostel, Girls Hostel"
"ASAD Pune - Aayojan School of Architecture and Design, Pune",https://www.careers360.com/colleges/aayojan-school-of-architecture-and-design-pune,Architecture,Nagpur,Private,B.Arch,5 Years,"Boys Hostel, Girls Hostel"
"ASAD Pune - Aayojan School of Architecture and Design, Pune",https://www.careers360.com/colleges/aayojan-school-of-architecture-and-design-pune,Architecture,Nagpur,Private,M.Arch Urban Design,2 Years,"Boys Hostel, Girls Hostel"
"Aditya College of Architecture, Mumbai",https://www.careers360.com/colleges/aditya-college-of-architecture-mumbai,Architecture,Nagpur,Private,B.Arch,5 Years,
"ADYPU, Pune - Ajeenkya DY Patil University, Pune",https://www.careers360.com/university/ajeenkya-dy-patil-university-pune,Architecture,Nagpur,Private,B.Arch,5 Years,"Boys Hostel, Girls Hostel"
"ADYPU, Pune - Ajeenkya DY Patil University, Pune",https://www.careers360.com/university/ajeenkya-dy-patil-university-pune,Architecture,Nagpur,Private,B.Arch,5 Years,"Boys Hostel, Girls Hostel"
"Allana College of Architecture, Pune",https://www.careers360.com/colleges/allana-college-of-architecture-pune,Architecture,Nagpur,Private,B.Arch,5 Years,"Boys Hostel, Girls Hostel"
"Allana College of Architecture, Pune",https://www.careers360.com/colleges/allana-college-of-architecture-pune,Architecture,Nagpur,Private,M.Arch Project Management and Entrepreneurship,2 Years,"Boys Hostel, Girls Hostel"
"Amity University, Mumbai",https://www.careers360.com/university/amity-university-mumbai,Architecture,Nagpur,Private,B.Arch,5 Years,"Boys Hostel, Girls Hostel"
"Anantrao Pawar College of Architecture, Pune",https://www.careers360.com/colleges/anantrao-pawar-college-of-architecture-pune,Architecture,Nagpur,Private,B.Arch,5 Years,"Boys Hostel, Girls Hostel"
"AIKTC Navi Mumbai - Anjuman-I-Islam's Kalsekar Technical Campus, Navi Mumbai",https://www.careers360.com/colleges/anjuman-i-islams-kalsekar-technical-campus-navi-mumbai,Architecture,Nagpur,Private,B.Arch,5 Years,"Boys Hostel, Girls Hostel"
"AIKTC Navi Mumbai - Anjuman-I-Islam's Kalsekar Technical Campus, Navi Mumbai",https://www.careers360.com/colleges/anjuman-i-islams-kalsekar-technical-campus-navi-mumbai,Architecture,Nagpur,Private,ME Construction Engineering and Management,2 Years,"Boys Hostel, Girls Hostel"
"Appasaheb Birnale College of Architecture, Sangli",https://www.careers360.com/colleges/appasaheb-birnale-college-of-architecture-sangli,Architecture,Nagpur,Private,B.Arch,5 Years,"Boys Hostel, Girls Hostel"
"Appasaheb Birnale College of Architecture, Sangli",https://www.careers360.com/colleges/appasaheb-birnale-college-of-architecture-sangli,Architecture,Nagpur,Private,M.Arch,2 Years,"Boys Hostel, Girls Hostel"
"Asmita College of Architecture, Thane",https://www.careers360.com/colleges/asmita-college-of-architecture-thane,Architecture,Nagpur,Private,B.Arch,5 Years,
"BSSA Mumbai - Balwant Sheth School of Architecture, Mumbai",https://www.careers360.com/colleges/balwant-sheth-school-of-architecture-mumbai,Architecture,Nagpur,Private,B.Arch,5 Years,
"BSSA Mumbai - Balwant Sheth School of Architecture, Mumbai",https://www.careers360.com/colleges/balwant-sheth-school-of-architecture-mumbai,Architecture,Nagpur,Private,M.Arch,2 Years,
"BSSA Mumbai - Balwant Sheth School of Architecture, Mumbai",https://www.careers360.com/colleges/balwant-sheth-school-of-architecture-mumbai,Architecture,Nagpur,Private,Ph.D Architectural Studies,6 Years,
"Bharati Vidyapeeth College of Architecture, Navi Mumbai",https://www.careers360.com/colleges/bharati-vidyapeeth-college-of-architecture-navi-mumbai,Architecture,Nagpur,Private,B.Arch,5 Years,"Boys Hostel, Girls Hostel"
"Bharati Vidyapeeth College of Architecture, Navi Mumbai",https://www.careers360.com/colleges/bharati-vidyapeeth-college-of-architecture-navi-mumbai,Architecture,Nagpur,Private,M.Arch Project Management,2 Years,"Boys Hostel, Girls Hostel"
"BVCA Pune - Bharati Vidyapeeth College of Architecture, Pune",https://www.careers360.com/colleges/bharati-vidyapeeth-college-of-architecture-pune,Architecture,Nagpur,Private,B.Arch,5 Years,"Boys Hostel, Girls Hostel"
"BVCA Pune - Bharati Vidyapeeth College of Architecture, Pune",https://www.careers360.com/colleges/bharati-vidyapeeth-college-of-architecture-pune,Architecture,Nagpur,Private,M.Arch Sustainable Architecture,2 Years,"Boys Hostel, Girls Hostel"
"BVCA Pune - Bharati Vidyapeeth College of Architecture, Pune",https://www.careers360.com/colleges/bharati-vidyapeeth-college-of-architecture-pune,Architecture,Nagpur,Private,Ph.D Architecture,6 Years,"Boys Hostel, Girls Hostel"
"BKPS Pune - Bharatiya Kala Prasarini Sabha's College of Architecture, Pune",https://www.careers360.com/colleges/bharatiya-kala-prasarini-sabhas-college-of-architecture-pune,Architecture,Nagpur,Private,B.Arch,5 Years,
"Bharatratna Dr APJ Abdul Kalam College of Architecture, Aurangabad",https://www.careers360.com/colleges/bharatratna-dr-apj-abdul-kalam-college-of-architecture-aurangabad,Architecture,Nagpur,Private,B.Arch,5 Years,"Boys Hostel, Girls Hostel"
"BR Harne College of Architecture, Pune",https://www.careers360.com/colleges/br-harne-college-of-architecture-pune,Architecture,Nagpur,Private,B.Arch,5 Years,
"Brick Group of Institutes, Pune",https://www.careers360.com/colleges/brick-group-of-institutes-pune,Architecture,Nagpur,Private,B.Arch,5 Years,
"Brick Group of Institutes, Pune",https://www.careers360.com/colleges/brick-group-of-institutes-pune,Architecture,Nagpur,Private,M.Arch,2 Years,
"Brick School of Architecture, Pune",https://www.careers360.com/colleges/brick-school-of-architecture-pune,Architecture,Nagpur,Private,B.Arch,5 Years,
"Chembur Trombay Education Society's College of Architecture, Mumbai",https://www.careers360.com/colleges/chembur-trombay-education-societys-college-of-architecture-mumbai,Architecture,Nagpur,Private,B.Arch,5 Years,
"College of Architecture and Centre For Design, Nashik",https://www.careers360.com/colleges/college-of-architecture-and-centre-for-design-nashik,Architecture,Nagpur,Private,B.Arch,5 Years,Girls Hostel
"College of Architecture and Centre For Design, Nashik",https://www.careers360.com/colleges/college-of-architecture-and-centre-for-design-nashik,Architecture,Nagpur,Private,M.Arch Environmental Architecture,2 Years,Girls Hostel
"College of Engineering and Technology, Akola",https://www.careers360.com/colleges/college-of-engineering-and-technology-akola,Architecture,Nagpur,Private,B.Arch,5 Years,"Boys Hostel, Girls Hostel"
"Dayanand College of Architecture, Latur",https://www.careers360.com/colleges/dayanand-college-of-architecture-latur,Architecture,Nagpur,Private,B.Arch,5 Years,"Boys Hostel, Girls Hostel"
"Department of Architecture, DY Patil College of Engineering and Technology, Kolhapur",https://www.careers360.com/colleges/department-of-architecture-dy-patil-college-of-engineering-and-technology-kolhapur,Architecture,Nagpur,Private,B.Arch,5 Years,
"College of Architecture and Centre For Design, Nashik",https://www.careers360.com/colleges/college-of-architecture-and-centre-for-design-nashik,Architecture,Nashik,Private,B.Arch,5 Years,Girls Hostel
"College of Architecture and Centre For Design, Nashik",https://www.careers360.com/colleges/college-of-architecture-and-centre-for-design-nashik,Architecture,Nashik,Private,M.Arch Environmental Architecture,2 Years,Girls Hostel
"Institute of Design Environment and Architecture, Nashik",https://www.careers360.com/colleges/institute-of-design-environment-and-architecture-nashik,Architecture,Nashik,Private,B.Arch,5 Years,
"MET Bhujbal Knowledge City, Nashik",https://www.careers360.com/colleges/met-bhujbal-knowledge-city-nashik,Architecture,Nashik,Private,B.Arch,5 Years,"Boys Hostel, Girls Hostel"
"MET's School of Architecture and Interior Design, Nashik",https://www.careers360.com/colleges/mets-school-of-architecture-and-interior-design-nashik,Architecture,Nashik,Private,B.Arch,5 Years,
"MET's School of Architecture and Interior Design, Nashik",https://www.careers360.com/colleges/mets-school-of-architecture-and-interior-design-nashik,Architecture,Nashik,Private,Diploma in Architecture,3 Years,
"NDMVP Samajs College of Architecture, Nashik",https://www.careers360.com/colleges/ndmvp-samajs-college-of-architecture-nashik,Architecture,Nashik,Private,B.Arch,5 Years,"Girls Hostel, Boys Hostel"
"NDMVP Samajs College of Architecture, Nashik",https://www.careers360.com/colleges/ndmvp-samajs-college-of-architecture-nashik,Architecture,Nashik,Private,M.Arch Environmental Architecture,2 Years,"Girls Hostel, Boys Hostel"
"Pravara Rural Education Society's College of Architecture, Mohu",https://www.careers360.com/colleges/pravara-rural-education-societys-college-of-architecture-mohu,Architecture,Nashik,Private,B.Arch,5 Years,"Boys Hostel, Girls Hostel"
"ASAD Pune - Aayojan School of Architecture and Design, Pune",https://www.careers360.com/colleges/aayojan-school-of-architecture-and-design-pune,Architecture,Nashik,Private,B.Arch,5 Years,"Boys Hostel, Girls Hostel"
"ASAD Pune - Aayojan School of Architecture and Design, Pune",https://www.careers360.com/colleges/aayojan-school-of-architecture-and-design-pune,Architecture,Nashik,Private,M.Arch Urban Design,2 Years,"Boys Hostel, Girls Hostel"
"Aditya College of Architecture, Mumbai",https://www.careers360.com/colleges/aditya-college-of-architecture-mumbai,Architecture,Nashik,Private,B.Arch,5 Years,
"ADYPU, Pune - Ajeenkya DY Patil University, Pune",https://www.careers360.com/university/ajeenkya-dy-patil-university-pune,Architecture,Nashik,Private,B.Arch,5 Years,"Boys Hostel, Girls Hostel"
"ADYPU, Pune - Ajeenkya DY Patil University, Pune",https://www.careers360.com/university/ajeenkya-dy-patil-university-pune,Architecture,Nashik,Private,B.Arch,5 Years,"Boys Hostel, Girls Hostel"
"Allana College of Architecture, Pune",https://www.careers360.com/colleges/allana-college-of-architecture-pune,Architecture,Nashik,Private,B.Arch,5 Years,"Boys Hostel, Girls Hostel"
"Allana College of Architecture, Pune",https://www.careers360.com/colleges/allana-college-of-architecture-pune,Architecture,Nashik,Private,M.Arch Project Management and Entrepreneurship,2 Years,"Boys Hostel, Girls Hostel"
"Amity University, Mumbai",https://www.careers360.com/university/amity-university-mumbai,Architecture,Nashik,Private,B.Arch,5 Years,"Boys Hostel, Girls Hostel"
"Anantrao Pawar College of Architecture, Pune",https://www.careers360.com/colleges/anantrao-pawar-college-of-architecture-pune,Architecture,Nashik,Private,B.Arch,5 Years,"Boys Hostel, Girls Hostel"
"AIKTC Navi Mumbai - Anjuman-I-Islam's Kalsekar Technical Campus, Navi Mumbai",https://www.careers360.com/colleges/anjuman-i-islams-kalsekar-technical-campus-navi-mumbai,Architecture,Nashik,Private,B.Arch,5 Years,"Boys Hostel, Girls Hostel"
"AIKTC Navi Mumbai - Anjuman-I-Islam's Kalsekar Technical Campus, Navi Mumbai",https://www.careers360.com/colleges/anjuman-i-islams-kalsekar-technical-campus-navi-mumbai,Architecture,Nashik,Private,ME Construction Engineering and Management,2 Years,"Boys Hostel, Girls Hostel"
"Appasaheb Birnale College of Architecture, Sangli",https://www.careers360.com/colleges/appasaheb-birnale-college-of-architecture-sangli,Architecture,Nashik,Private,B.Arch,5 Years,"Boys Hostel, Girls Hostel"
"Appasaheb Birnale College of Architecture, Sangli",https://www.careers360.com/colleges/appasaheb-birnale-college-of-architecture-sangli,Architecture,Nashik,Private,M.Arch,2 Years,"Boys Hostel, Girls Hostel"
"Asmita College of Architecture, Thane",https://www.careers360.com/colleges/asmita-college-of-architecture-thane,Architecture,Nashik,Private,B.Arch,5 Years,
"BSSA Mumbai - Balwant Sheth School of Architecture, Mumbai",https://www.careers360.com/colleges/balwant-sheth-school-of-architecture-mumbai,Architecture,Nashik,Private,B.Arch,5 Years,
"BSSA Mumbai - Balwant Sheth School of Architecture, Mumbai",https://www.careers360.com/colleges/balwant-sheth-school-of-architecture-mumbai,Architecture,Nashik,Private,M.Arch,2 Years,
"BSSA Mumbai - Balwant Sheth School of Architecture, Mumbai",https://www.careers360.com/colleges/balwant-sheth-school-of-architecture-mumbai,Architecture,Nashik,Private,Ph.D Architectural Studies,6 Years,
"Bharati Vidyapeeth College of Architecture, Navi Mumbai",https://www.careers360.com/colleges/bharati-vidyapeeth-college-of-architecture-navi-mumbai,Architecture,Nashik,Private,B.Arch,5 Years,"Boys Hostel, Girls Hostel"
"Bharati Vidyapeeth College of Architecture, Navi Mumbai",https://www.careers360.com/colleges/bharati-vidyapeeth-college-of-architecture-navi-mumbai,Architecture,Nashik,Private,M.Arch Project Management,2 Years,"Boys Hostel, Girls Hostel"
"BVCA Pune - Bharati Vidyapeeth College of Architecture, Pune",https://www.careers360.com/colleges/bharati-vidyapeeth-college-of-architecture-pune,Architecture,Nashik,Private,B.Arch,5 Years,"Boys Hostel, Girls Hostel"
"BVCA Pune - Bharati Vidyapeeth College of Architecture, Pune",https://www.careers360.com/colleges/bharati-vidyapeeth-college-of-architecture-pune,Architecture,Nashik,Private,M.Arch Sustainable Architecture,2 Years,"Boys Hostel, Girls Hostel"
"BVCA Pune - Bharati Vidyapeeth College of Architecture, Pune",https://www.careers360.com/colleges/bharati-vidyapeeth-college-of-architecture-pune,Architecture,Nashik,Private,Ph.D Architecture,6 Years,"Boys Hostel, Girls Hostel"
"BKPS Pune - Bharatiya Kala Prasarini Sabha's College of Architecture, Pune",https://www.careers360.com/colleges/bharatiya-kala-prasarini-sabhas-college-of-architecture-pune,Architecture,Nashik,Private,B.Arch,5 Years,
"Bharatratna Dr APJ Abdul Kalam College of Architecture, Aurangabad",https://www.careers360.com/colleges/bharatratna-dr-apj-abdul-kalam-college-of-architecture-aurangabad,Architecture,Nashik,Private,B.Arch,5 Years,"Boys Hostel, Girls Hostel"
"BR Harne College of Architecture, Pune",https://www.careers360.com/colleges/br-harne-college-of-architecture-pune,Architecture,Nashik,Private,B.Arch,5 Years,
"Brick Group of Institutes, Pune",https://www.careers360.com/colleges/brick-group-of-institutes-pune,Architecture,Nashik,Private,B.Arch,5 Years,
"Brick Group of Institutes, Pune",https://www.careers360.com/colleges/brick-group-of-institutes-pune,Architecture,Nashik,Private,M.Arch,2 Years,
"Brick School of Architecture, Pune",https://www.careers360.com/colleges/brick-school-of-architecture-pune,Architecture,Nashik,Private,B.Arch,5 Years,
"Chembur Trombay Education Society's College of Architecture, Mumbai",https://www.careers360.com/colleges/chembur-trombay-education-societys-college-of-architecture-mumbai,Architecture,Nashik,Private,B.Arch,5 Years,
"College of Engineering and Technology, Akola",https://www.careers360.com/colleges/college-of-engineering-and-technology-akola,Architecture,Nashik,Private,B.Arch,5 Years,"Boys Hostel, Girls Hostel"
"Dayanand College of Architecture, Latur",https://www.careers360.com/colleges/dayanand-college-of-architecture-latur,Architecture,Nashik,Private,B.Arch,5 Years,"Boys Hostel, Girls Hostel"
"Department of Architecture, DY Patil College of Engineering and Technology, Kolhapur",https://www.careers360.com/colleges/department-of-architecture-dy-patil-college-of-engineering-and-technology-kolhapur,Architecture,Nashik,Private,B.Arch,5 Years,
"Dnyandeep College of Architecture, Ratnagiri",https://www.careers360.com/colleges/dnyandeep-college-of-architecture-ratnagiri,Architecture,Nashik,Private,B.Arch,5 Years,
"Dr Baliram Hiray College of Architecture, Mumbai",https://www.careers360.com/colleges/dr-baliram-hiray-college-of-architecture-mumbai,Architecture,Nashik,Private,B.Arch,5 Years,"Boys Hostel, Girls Hostel"
"Dr Baliram Hiray College of Architecture, Mumbai",https://www.careers360.com/colleges/dr-baliram-hiray-college-of-architecture-mumbai,Architecture,Nashik,Private,M.Arch Project Management,2 Years,"Boys Hostel, Girls Hostel"
"Aakar College of Management for Women, Nagpur",https://www.careers360.com/colleges/aakar-college-of-management-for-women-nagpur,Design,Nagpur,Private,B.Des,4 Years,
"Central India Institute of Mass Communication, Nagpur",https://www.careers360.com/colleges/central-india-institute-of-mass-communication-nagpur,Design,Nagpur,Private,Bachelor of Khadi Production and Design,3 Years,
"Central India Institute of Mass Communication, Nagpur",https://www.careers360.com/colleges/central-india-institute-of-mass-communication-nagpur,Design,Nagpur,Private,Bachelor of Jewellery Design,3 Years,
"Central India Institute of Mass Communication, Nagpur",https://www.careers360.com/colleges/central-india-institute-of-mass-communication-nagpur,Design,Nagpur,Private,Bachelor of Textile Design,3 Years,
"Central India Institute of Mass Communication, Nagpur",https://www.careers360.com/colleges/central-india-institute-of-mass-communication-nagpur,Design,Nagpur,Private,Master of Textile Design,2 Years,
"Cindrebay School of Design, Nagpur",https://www.careers360.com/colleges/cindrebay-school-of-design-nagpur,Design,Nagpur,Private,PG Diploma in Interior Design and Space Management,1 Year,
"Cindrebay School of Design, Nagpur",https://www.careers360.com/colleges/cindrebay-school-of-design-nagpur,Design,Nagpur,Private,B.Sc Interior Design,3 Years,
"Cindrebay School of Design, Nagpur",https://www.careers360.com/colleges/cindrebay-school-of-design-nagpur,Design,Nagpur,Private,B.Sc Costume Design and Fashion,3 Years,
"Cindrebay School of Design, Nagpur",https://www.careers360.com/colleges/cindrebay-school-of-design-nagpur,Design,Nagpur,Private,B.Sc Fashion Apparel Design,3 Years,
"Cindrebay School of Design, Nagpur",https://www.careers360.com/colleges/cindrebay-school-of-design-nagpur,Design,Nagpur,Private,Diploma in Fashion Design and  Boutique Management,2 Years,
"Institute of Innovative Designs and Technology, Nagpur",https://www.careers360.com/colleges/institute-of-innovative-designs-and-technology-nagpur,Design,Nagpur,Private,M.Sc Interior Designing,2 Years,
"Institute of Innovative Designs and Technology, Nagpur",https://www.careers360.com/colleges/institute-of-innovative-designs-and-technology-nagpur,Design,Nagpur,Private,M.Sc Fashion Design,2 Years,
"Institute of Innovative Designs and Technology, Nagpur",https://www.careers360.com/colleges/institute-of-innovative-designs-and-technology-nagpur,Design,Nagpur,Private,Advanced Diploma in Interior Designing and Decoration,2 Years,
"Institute of Innovative Designs and Technology, Nagpur",https://www.careers360.com/colleges/institute-of-innovative-designs-and-technology-nagpur,Design,Nagpur,Private,Diploma in Interior Designing and Decoration,1 Year,
"Institute of Innovative Designs and Technology, Nagpur",https://www.careers360.com/colleges/institute-of-innovative-designs-and-technology-nagpur,Design,Nagpur,Private,Advanced Diploma in Garment Manufacturing and Fashion Designing,2 Years,
"Institute of Innovative Designs and Technology, Nagpur",https://www.careers360.com/colleges/institute-of-innovative-designs-and-technology-nagpur,Design,Nagpur,Private,B.Sc Interior Designing,3 Years,
"Institute of Innovative Designs and Technology, Nagpur",https://www.careers360.com/colleges/institute-of-innovative-designs-and-technology-nagpur,Design,Nagpur,Private,MBA Interior Designing,2 Years,
"Institute of Innovative Designs and Technology, Nagpur",https://www.careers360.com/colleges/institute-of-innovative-designs-and-technology-nagpur,Design,Nagpur,Private,Diploma in Garment Manufacturing and Fashion Designing,1 Year,
"Kavikulguru Kalidas Sanskrit University, Nagpur",https://www.careers360.com/university/kavikulguru-kalidas-sanskrit-university-nagpur,Design,Nagpur,Government,PGD Interior Design,1 Year,"Boys Hostel, Girls Hostel"
"Nikalas Mahila Mahavidyalaya, Nagpur",https://www.careers360.com/colleges/nikalas-mahila-mahavidyalaya-nagpur,Design,Nagpur,Private,Bachelor of Interior Design,4 Years,
"PIADS Nagpur - Priyadarshini Institute of Architecture and Design Studies, Nagpur",https://www.careers360.com/colleges/priyadarshini-institute-of-architecture-and-design-studies-nagpur,Design,Nagpur,Private,M.Des Industrial Design,2 Years,"Boys Hostel, Girls Hostel"
"Symbiosis School of Planning Architecture and Design, Nagpur",https://www.careers360.com/colleges/symbiosis-school-of-planning-architecture-and-design-nagpur,Design,Nagpur,Private,B.Des Industrial Design,4 Years,"Boys Hostel, Girls Hostel"
"Symbiosis School of Planning Architecture and Design, Nagpur",https://www.careers360.com/colleges/symbiosis-school-of-planning-architecture-and-design-nagpur,Design,Nagpur,Private,B.Des Communication Design,4 Years,"Boys Hostel, Girls Hostel"
"Symbiosis School of Planning Architecture and Design, Nagpur",https://www.careers360.com/colleges/symbiosis-school-of-planning-architecture-and-design-nagpur,Design,Nagpur,Private,M.Des Communication Design,2 Years,"Boys Hostel, Girls Hostel"
"Tron School of Animation, Nagpur",https://www.careers360.com/colleges/tron-school-of-animation-nagpur,Design,Nagpur,Private,B.Voc Animation and Graphics,3 Years,
"Tron School of Animation, Nagpur",https://www.careers360.com/colleges/tron-school-of-animation-nagpur,Design,Nagpur,Private,B.Sc Animation and Visual Effects,3 Years,
"Umang Geetai College of Women's Education, Nagpur",https://www.careers360.com/colleges/umang-geetai-college-of-womens-education-nagpur,Design,Nagpur,Private,B.Sc in Fashion and Apparel Design,3 Years,Girls Hostel
"Umang Geetai College of Women's Education, Nagpur",https://www.careers360.com/colleges/umang-geetai-college-of-womens-education-nagpur,Design,Nagpur,Private,M.Sc Textile Science and Apparel Design,2 Years,Girls Hostel
"Women's Technical Education and Research Smt Ratnidevi Purohit Institute, Nagpur",https://www.careers360.com/colleges/womens-technical-education-and-research-smt-ratnidevi-purohit-institute-nagpur,Design,Nagpur,Private,Diploma in Interior Design,2 Years,"Boys Hostel, Girls Hostel"
"Zee Institute of Creative Arts, Nagpur",https://www.careers360.com/colleges/zee-institute-of-creative-arts-nagpur,Design,Nagpur,Private,Professional Program in 2D Animation,1 Year,
"Zee Institute of Creative Arts, Nagpur",https://www.careers360.com/colleges/zee-institute-of-creative-arts-nagpur,Design,Nagpur,Private,Professional Program in Graphic Design,6 Months,
"Zee Institute of Creative Arts, Nagpur",https://www.careers360.com/colleges/zee-institute-of-creative-arts-nagpur,Design,Nagpur,Private,Professional Program in 3D Animation,1 Year,
"Zee Institute of Creative Arts, Nagpur",https://www.careers360.com/colleges/zee-institute-of-creative-arts-nagpur,Design,Nagpur,Private,Professional Program in Web Design and Development,1 Year,
"Zee Institute of Creative Arts, Nagpur",https://www.careers360.com/colleges/zee-institute-of-creative-arts-nagpur,Design,Nagpur,Private,PDP in 3D Animation Visual Effects,2 Years 3 Months,
"College of Architecture and Centre For Design, Nashik",https://www.careers360.com/colleges/college-of-architecture-and-centre-for-design-nashik,Design,Nashik,Private,B.Des,4 Years,Girls Hostel
"Dhanvantari Institute of Design and Technology, Nashik",https://www.careers360.com/colleges/dhanvantari-institute-of-design-and-technology-nashik,Design,Nashik,Private,M.Sc Fashion Design,2 Years,
"Dhanvantari Institute of Design and Technology, Nashik",https://www.careers360.com/colleges/dhanvantari-institute-of-design-and-technology-nashik,Design,Nashik,Private,B.Des Interior Design,4 Years,
"Dhanvantari Institute of Design and Technology, Nashik",https://www.careers360.com/colleges/dhanvantari-institute-of-design-and-technology-nashik,Design,Nashik,Private,B.Des Fashion Design and Technology,4 Years,
"Dhanvantari Institute of Design and Technology, Nashik",https://www.careers360.com/colleges/dhanvantari-institute-of-design-and-technology-nashik,Design,Nashik,Private,M.Sc Interior Design,2 Years,
"Dhanvantari Institute of Design and Technology, Nashik",https://www.careers360.com/colleges/dhanvantari-institute-of-design-and-technology-nashik,Design,Nashik,Private,B.Sc Fashion Design,3 Years,
"Dhanvantari Institute of Design and Technology, Nashik",https://www.careers360.com/colleges/dhanvantari-institute-of-design-and-technology-nashik,Design,Nashik,Private,B.Sc Interior Design,3 Years,
"Institute of Design Environment and Architecture, Nashik",https://www.careers360.com/colleges/institute-of-design-environment-and-architecture-nashik,Design,Nashik,Private,B.Des,4 Years,
"Institute of Design Environment and Architecture, Nashik",https://www.careers360.com/colleges/institute-of-design-environment-and-architecture-nashik,Design,Nashik,Private,Diploma in Interior Design,3 Years,
"International Institute of Fashion Design, Nashik",https://www.careers360.com/colleges/international-institute-of-fashion-design-nashik,Design,Nashik,Private,B.Sc Interior Design,3 Years,
"International Institute of Fashion Design, Nashik",https://www.careers360.com/colleges/international-institute-of-fashion-design-nashik,Design,Nashik,Private,B.Sc Fashion Design,3 Years,
"KTHM College Nashik - KRT Arts BH Commerce and AM Science College, Nashik",https://www.careers360.com/colleges/krt-arts-bh-commerce-and-am-science-college-nashik,Design,Nashik,Private,B.Voc Interior Design,3 Years,"Boys Hostel, Girls Hostel"
"MET Bhujbal Knowledge City, Nashik",https://www.careers360.com/colleges/met-bhujbal-knowledge-city-nashik,Design,Nashik,Private,B.Des Set Design,4 Years,"Boys Hostel, Girls Hostel"
"MET Bhujbal Knowledge City, Nashik",https://www.careers360.com/colleges/met-bhujbal-knowledge-city-nashik,Design,Nashik,Private,B.Des Interior Design,4 Years,"Boys Hostel, Girls Hostel"
"MET Bhujbal Knowledge City, Nashik",https://www.careers360.com/colleges/met-bhujbal-knowledge-city-nashik,Design,Nashik,Private,B.Des Product Design,4 Years,"Boys Hostel, Girls Hostel"
"MET's School of Architecture and Interior Design, Nashik",https://www.careers360.com/colleges/mets-school-of-architecture-and-interior-design-nashik,Design,Nashik,Private,B.Des,4 Years,
"NDMVP Samajs College of Architecture, Nashik",https://www.careers360.com/colleges/ndmvp-samajs-college-of-architecture-nashik,Design,Nashik,Private,B.Des,4 Years,"Girls Hostel, Boys Hostel"
"Sandip University, Nashik",https://www.careers360.com/university/sandip-university-nashik,Design,Nashik,Private,B.Sc Interior Design and Decoration,3 Years,"Boys Hostel, Girls Hostel"
"Sandip University, Nashik",https://www.careers360.com/university/sandip-university-nashik,Design,Nashik,Private,B.Des Fashion and Lifestyle Design,4 Years,"Boys Hostel, Girls Hostel"
"Sandip University, Nashik",https://www.careers360.com/university/sandip-university-nashik,Design,Nashik,Private,B.Des Space and Interior Design,4 Years,"Boys Hostel, Girls Hostel"
"YCMOU Nashik - Yashwantrao Chavan Maharashtra Open University, Nashik",https://www.careers360.com/university/yashwantrao-chavan-maharashtra-open-university-nashik,Design,Nashik,Government,Diploma in Interior Design,2 Years,
"YCMOU Nashik - Yashwantrao Chavan Maharashtra Open University, Nashik",https://www.careers360.com/university/yashwantrao-chavan-maharashtra-open-university-nashik,Design,Nashik,Government,PG Diploma in Web Design and Digital Marketing,1 Year,
"YCMOU Nashik - Yashwantrao Chavan Maharashtra Open University, Nashik",https://www.careers360.com/university/yashwantrao-chavan-maharashtra-open-university-nashik,Design,Nashik,Government,Diploma in Game Design Part Time,1 Year,
"YCMOU Nashik - Yashwantrao Chavan Maharashtra Open University, Nashik",https://www.careers360.com/university/yashwantrao-chavan-maharashtra-open-university-nashik,Design,Nashik,Government,Diploma in Game Design,1 Year,
"Zee Institute of Creative Arts, Nashik",https://www.careers360.com/colleges/zee-institute-of-creative-arts-nashik,Design,Nashik,Private,Professional Program in Advance Game Art and Design,1 Year,
"Zee Institute of Creative Arts, Nashik",https://www.careers360.com/colleges/zee-institute-of-creative-arts-nashik,Design,Nashik,Private,Professional Program in Graphic Design,1 Year,
"Abha Gaikwad-Patil College of Engineering, Nagpur",https://www.careers360.com/colleges/abha-gaikwad-patil-college-of-engineering-nagpur,Engineering,Nagpur,Private,B.Tech Biotechnology Engineering,4 Years,"Boys Hostel, Girls Hostel"
"ACET Nagpur - Anjuman College of Engineering and Technology, Nagpur",https://www.careers360.com/colleges/anjuman-college-of-engineering-and-technology-nagpur,Engineering,Nagpur,Private,B.Tech Computer Science and Engineering,4 Years,
"ACET Nagpur - Anjuman College of Engineering and Technology, Nagpur",https://www.careers360.com/colleges/anjuman-college-of-engineering-and-technology-nagpur,Engineering,Nagpur,Private,B.Tech Civil Engineering,4 Years,
"ACET Nagpur - Anjuman College of Engineering and Technology, Nagpur",https://www.careers360.com/colleges/anjuman-college-of-engineering-and-technology-nagpur,Engineering,Nagpur,Private,B.Tech Mechanical Engineering,4 Years,
"ACET Nagpur - Anjuman College of Engineering and Technology, Nagpur",https://www.careers360.com/colleges/anjuman-college-of-engineering-and-technology-nagpur,Engineering,Nagpur,Private,B.Tech Artificial Intelligence and Data Science,4 Years,
"ACET Nagpur - Anjuman College of Engineering and Technology, Nagpur",https://www.careers360.com/colleges/anjuman-college-of-engineering-and-technology-nagpur,Engineering,Nagpur,Private,B.Tech Electronics and Telecommunication Engineering,4 Years,
"ACET Nagpur - Anjuman College of Engineering and Technology, Nagpur",https://www.careers360.com/colleges/anjuman-college-of-engineering-and-technology-nagpur,Engineering,Nagpur,Private,B.Tech Electrical Engineering,4 Years,
"ACET Nagpur - Anjuman College of Engineering and Technology, Nagpur",https://www.careers360.com/colleges/anjuman-college-of-engineering-and-technology-nagpur,Engineering,Nagpur,Private,Ph.D Mechanical Engineering,6 Years,
"ACET Nagpur - Anjuman College of Engineering and Technology, Nagpur",https://www.careers360.com/colleges/anjuman-college-of-engineering-and-technology-nagpur,Engineering,Nagpur,Private,M.Tech Computer Science and Engineering,2 Years,
"ACET Nagpur - Anjuman College of Engineering and Technology, Nagpur",https://www.careers360.com/colleges/anjuman-college-of-engineering-and-technology-nagpur,Engineering,Nagpur,Private,M.Tech Electronics and Communication Engineering,2 Years,
"ACET Nagpur - Anjuman College of Engineering and Technology, Nagpur",https://www.careers360.com/colleges/anjuman-college-of-engineering-and-technology-nagpur,Engineering,Nagpur,Private,M.Tech Mechanical Engineering Design,2 Years,
"Anjuman Polytechnic, Nagpur",https://www.careers360.com/colleges/anjuman-polytechnic-nagpur,Engineering,Nagpur,Private,Diploma in Electronics and Telecommunication Engineering,3 Years,
"Anjuman Polytechnic, Nagpur",https://www.careers360.com/colleges/anjuman-polytechnic-nagpur,Engineering,Nagpur,Private,Diploma in Computer Engineering,3 Years,
"Anjuman Polytechnic, Nagpur",https://www.careers360.com/colleges/anjuman-polytechnic-nagpur,Engineering,Nagpur,Private,Diploma in Electrical Engineering,3 Years,
"Anjuman Polytechnic, Nagpur",https://www.careers360.com/colleges/anjuman-polytechnic-nagpur,Engineering,Nagpur,Private,Diploma in Civil Engineering,3 Years,
"Anjuman Polytechnic, Nagpur",https://www.careers360.com/colleges/anjuman-polytechnic-nagpur,Engineering,Nagpur,Private,Diploma in Mechanical Engineering,3 Years,
"Anjuman Polytechnic, Nagpur",https://www.careers360.com/colleges/anjuman-polytechnic-nagpur,Engineering,Nagpur,Private,Diploma in Artificial Intelligence and Machine Learning,3 Years,
"Bhonsla College of Engineering and Research, Akola",https://www.careers360.com/colleges/bhonsla-college-of-engineering-and-research-akola,Engineering,Nagpur,Private,B.Tech Mechanical Engineering,4 Years,
"Bhonsla College of Engineering and Research, Akola",https://www.careers360.com/colleges/bhonsla-college-of-engineering-and-research-akola,Engineering,Nagpur,Private,B.Tech Electronics and Telecommunication Engineering,4 Years,
"Bhonsla College of Engineering and Research, Akola",https://www.careers360.com/colleges/bhonsla-college-of-engineering-and-research-akola,Engineering,Nagpur,Private,B.Tech Electrical Engineering,4 Years,
"Bhonsla College of Engineering and Research, Akola",https://www.careers360.com/colleges/bhonsla-college-of-engineering-and-research-akola,Engineering,Nagpur,Private,B.Tech Civil Engineering,4 Years,
"Bhonsla College of Engineering and Research, Akola",https://www.careers360.com/colleges/bhonsla-college-of-engineering-and-research-akola,Engineering,Nagpur,Private,B.Tech Computer Engineering,4 Years,
"Central India College of Engineering and Technology, Nagpur",https://www.careers360.com/colleges/central-india-college-of-engineering-and-technology-nagpur,Engineering,Nagpur,Private,B.Tech Mechanical Engineering,4 Years,"Boys Hostel, Girls Hostel"
"Central India College of Engineering and Technology, Nagpur",https://www.careers360.com/colleges/central-india-college-of-engineering-and-technology-nagpur,Engineering,Nagpur,Private,B.Tech Electrical Engineering,4 Years,"Boys Hostel, Girls Hostel"
"Central India College of Engineering and Technology, Nagpur",https://www.careers360.com/colleges/central-india-college-of-engineering-and-technology-nagpur,Engineering,Nagpur,Private,B.Tech Electronics and Telecommunication Engineering,4 Years,"Boys Hostel, Girls Hostel"
"Central India College of Engineering and Technology, Nagpur",https://www.careers360.com/colleges/central-india-college-of-engineering-and-technology-nagpur,Engineering,Nagpur,Private,B.Tech Computer Science Engineering,4 Years,"Boys Hostel, Girls Hostel"
"Dharampeth Education Society's Dharampeth Polytechnic, Nagpur",https://www.careers360.com/colleges/dharampeth-education-societys-dharampeth-polytechnic-nagpur,Engineering,Nagpur,Private,Diploma in Mechanical Engineering,3 Years,
"Dharampeth Education Society's Dharampeth Polytechnic, Nagpur",https://www.careers360.com/colleges/dharampeth-education-societys-dharampeth-polytechnic-nagpur,Engineering,Nagpur,Private,Diploma in Electrical Engineering,3 Years,
"Dr Ambedkar College, Nagpur",https://www.careers360.com/colleges/dr-ambedkar-college-nagpur,Engineering,Nagpur,Private,M.Sc Computer Science,2 Years,
"Dr Ambedkar College, Nagpur",https://www.careers360.com/colleges/dr-ambedkar-college-nagpur,Engineering,Nagpur,Private,M.Sc Biotechnology,2 Years,
"Dr Babasaheb Ambedkar College of Engineering and Research, Nagpur",https://www.careers360.com/colleges/dr-babasaheb-ambedkar-college-of-engineering-and-research-nagpur,Engineering,Nagpur,Private,BE Mechanical Engineering,4 Years,"Boys Hostel, Girls Hostel"
"Dr Babasaheb Ambedkar College of Engineering and Research, Nagpur",https://www.careers360.com/colleges/dr-babasaheb-ambedkar-college-of-engineering-and-research-nagpur,Engineering,Nagpur,Private,BE Electrical Engineering,4 Years,"Boys Hostel, Girls Hostel"
"Dr Babasaheb Ambedkar College of Engineering and Research, Nagpur",https://www.careers360.com/colleges/dr-babasaheb-ambedkar-college-of-engineering-and-research-nagpur,Engineering,Nagpur,Private,BE Civil Engineering,4 Years,"Boys Hostel, Girls Hostel"
"Dr Babasaheb Ambedkar College of Engineering and Research, Nagpur",https://www.careers360.com/colleges/dr-babasaheb-ambedkar-college-of-engineering-and-research-nagpur,Engineering,Nagpur,Private,BE Computer Science and Engineering,4 Years,"Boys Hostel, Girls Hostel"
"GH Raisoni College of Commerce Science and Technology, Nagpur",https://www.careers360.com/colleges/gh-raisoni-college-of-commerce-science-and-technology-nagpur,Engineering,Nagpur,Private,B.Sc Data Science,3 Years,
"GH Raisoni College of Commerce Science and Technology, Nagpur",https://www.careers360.com/colleges/gh-raisoni-college-of-commerce-science-and-technology-nagpur,Engineering,Nagpur,Private,B.Sc Artificial Intelligence,3 Years,
"GH Raisoni College of Commerce Science and Technology, Nagpur",https://www.careers360.com/colleges/gh-raisoni-college-of-commerce-science-and-technology-nagpur,Engineering,Nagpur,Private,M.Sc Computer Science,2 Years,
"GH Raisoni College of Commerce Science and Technology, Nagpur",https://www.careers360.com/colleges/gh-raisoni-college-of-commerce-science-and-technology-nagpur,Engineering,Nagpur,Private,B.Sc Information Technology,3 Years,
"GH Raisoni College of Commerce Science and Technology, Nagpur",https://www.careers360.com/colleges/gh-raisoni-college-of-commerce-science-and-technology-nagpur,Engineering,Nagpur,Private,B.Sc Computer Science Hons,3 Years,
"GHRCE Nagpur - GH Raisoni College of Engineering, Nagpur",https://www.careers360.com/colleges/gh-raisoni-college-of-engineering-nagpur,Engineering,Nagpur,Private,B.Tech Information Technology,4 Years,"Boys Hostel, Girls Hostel"
"GHRCE Nagpur - GH Raisoni College of Engineering, Nagpur",https://www.careers360.com/colleges/gh-raisoni-college-of-engineering-nagpur,Engineering,Nagpur,Private,B.Tech Computer Science and Engineering,4 Years,"Boys Hostel, Girls Hostel"
"GHRCE Nagpur - GH Raisoni College of Engineering, Nagpur",https://www.careers360.com/colleges/gh-raisoni-college-of-engineering-nagpur,Engineering,Nagpur,Private,B.Tech Artificial Intelligence and Machine Learning,4 Years,"Boys Hostel, Girls Hostel"
"GHRCE Nagpur - GH Raisoni College of Engineering, Nagpur",https://www.careers360.com/colleges/gh-raisoni-college-of-engineering-nagpur,Engineering,Nagpur,Private,B.Tech Artificial Intelligence,4 Years,"Boys Hostel, Girls Hostel"
"GHRCE Nagpur - GH Raisoni College of Engineering, Nagpur",https://www.careers360.com/colleges/gh-raisoni-college-of-engineering-nagpur,Engineering,Nagpur,Private,B.Tech Electrical Engineering,4 Years,"Boys Hostel, Girls Hostel"
"GHRCE Nagpur - GH Raisoni College of Engineering, Nagpur",https://www.careers360.com/colleges/gh-raisoni-college-of-engineering-nagpur,Engineering,Nagpur,Private,B.Tech Data Science,4 Years,"Boys Hostel, Girls Hostel"
"GHRCE Nagpur - GH Raisoni College of Engineering, Nagpur",https://www.careers360.com/colleges/gh-raisoni-college-of-engineering-nagpur,Engineering,Nagpur,Private,B.Tech Cyber Security,4 Years,"Boys Hostel, Girls Hostel"
"GHRCE Nagpur - GH Raisoni College of Engineering, Nagpur",https://www.careers360.com/colleges/gh-raisoni-college-of-engineering-nagpur,Engineering,Nagpur,Private,B.Tech Computer Science and Engineering with specialization in Artificial Intelligence,4 Years,"Boys Hostel, Girls Hostel"
"GHRCE Nagpur - GH Raisoni College of Engineering, Nagpur",https://www.careers360.com/colleges/gh-raisoni-college-of-engineering-nagpur,Engineering,Nagpur,Private,B.Tech Electronics and Telecommunication Engineering,4 Years,"Boys Hostel, Girls Hostel"
"GHRCE Nagpur - GH Raisoni College of Engineering, Nagpur",https://www.careers360.com/colleges/gh-raisoni-college-of-engineering-nagpur,Engineering,Nagpur,Private,B.Tech Internet of Things,4 Years,"Boys Hostel, Girls Hostel"
"GHRCE Nagpur - GH Raisoni College of Engineering, Nagpur",https://www.careers360.com/colleges/gh-raisoni-college-of-engineering-nagpur,Engineering,Nagpur,Private,B.Tech Electronics Engineering,4 Years,"Boys Hostel, Girls Hostel"
"GHRCE Nagpur - GH Raisoni College of Engineering, Nagpur",https://www.careers360.com/colleges/gh-raisoni-college-of-engineering-nagpur,Engineering,Nagpur,Private,B.Tech Civil Engineering,4 Years,"Boys Hostel, Girls Hostel"
"GHRCE Nagpur - GH Raisoni College of Engineering, Nagpur",https://www.careers360.com/colleges/gh-raisoni-college-of-engineering-nagpur,Engineering,Nagpur,Private,B.Tech Mechanical Engineering,4 Years,"Boys Hostel, Girls Hostel"
"GHRCE Nagpur - GH Raisoni College of Engineering, Nagpur",https://www.careers360.com/colleges/gh-raisoni-college-of-engineering-nagpur,Engineering,Nagpur,Private,M.Tech Transportation Engineering,2 Years,"Boys Hostel, Girls Hostel"
"GHRCE Nagpur - GH Raisoni College of Engineering, Nagpur",https://www.careers360.com/colleges/gh-raisoni-college-of-engineering-nagpur,Engineering,Nagpur,Private,M.Tech Structural Engineering,2 Years,"Boys Hostel, Girls Hostel"
"GHRCE Nagpur - GH Raisoni College of Engineering, Nagpur",https://www.careers360.com/colleges/gh-raisoni-college-of-engineering-nagpur,Engineering,Nagpur,Private,M.Tech Computer Science and Engineering,2 Years,"Boys Hostel, Girls Hostel"
"GHRCE Nagpur - GH Raisoni College of Engineering, Nagpur",https://www.careers360.com/colleges/gh-raisoni-college-of-engineering-nagpur,Engineering,Nagpur,Private,M.Tech Integrated Power System,2 Years,"Boys Hostel, Girls Hostel"
"GHRCE Nagpur - GH Raisoni College of Engineering, Nagpur",https://www.careers360.com/colleges/gh-raisoni-college-of-engineering-nagpur,Engineering,Nagpur,Private,M.Tech Defence Technology,2 Years,"Boys Hostel, Girls Hostel"
"GHRCE Nagpur - GH Raisoni College of Engineering, Nagpur",https://www.careers360.com/colleges/gh-raisoni-college-of-engineering-nagpur,Engineering,Nagpur,Private,M.Tech CAD CAM,2 Years,"Boys Hostel, Girls Hostel"
"GH Raisoni Institute of Engineering and Technology for Women, Nagpur",https://www.careers360.com/colleges/gh-raisoni-institute-of-engineering-and-technology-for-women-nagpur,Engineering,Nagpur,Private,BE Electronics and Telecommunication Engineering,4 Years,Girls Hostel
"GH Raisoni Institute of Engineering and Technology for Women, Nagpur",https://www.careers360.com/colleges/gh-raisoni-institute-of-engineering-and-technology-for-women-nagpur,Engineering,Nagpur,Private,BE Computer Science and Engineering,4 Years,Girls Hostel
"GH Raisoni Institute of Engineering and Technology for Women, Nagpur",https://www.careers360.com/colleges/gh-raisoni-institute-of-engineering-and-technology-for-women-nagpur,Engineering,Nagpur,Private,BE Electronics Engineering,4 Years,Girls Hostel
"GH Raisoni Institute of Engineering and Technology for Women, Nagpur",https://www.careers360.com/colleges/gh-raisoni-institute-of-engineering-and-technology-for-women-nagpur,Engineering,Nagpur,Private,BE Electrical Engineering,4 Years,Girls Hostel
"GH Raisoni Institute of Engineering and Technology for Women, Nagpur",https://www.careers360.com/colleges/gh-raisoni-institute-of-engineering-and-technology-for-women-nagpur,Engineering,Nagpur,Private,M.Tech Computer Science and Engineering II Shift,2 Years,Girls Hostel
"GH Raisoni Institute of Engineering and Technology for Women, Nagpur",https://www.careers360.com/colleges/gh-raisoni-institute-of-engineering-and-technology-for-women-nagpur,Engineering,Nagpur,Private,M.Tech Integrated Power Systems,2 Years,Girls Hostel
"GH Raisoni Institute of Engineering and Technology for Women, Nagpur",https://www.careers360.com/colleges/gh-raisoni-institute-of-engineering-and-technology-for-women-nagpur,Engineering,Nagpur,Private,M.Tech Power Electronics and Systems II Shift,2 Years,Girls Hostel
"GH Raisoni Institute of Engineering and Technology for Women, Nagpur",https://www.careers360.com/colleges/gh-raisoni-institute-of-engineering-and-technology-for-women-nagpur,Engineering,Nagpur,Private,M.Tech VLSI,2 Years,Girls Hostel
"GH Raisoni Institute of Engineering and Technology for Women, Nagpur",https://www.careers360.com/colleges/gh-raisoni-institute-of-engineering-and-technology-for-women-nagpur,Engineering,Nagpur,Private,M.Tech VLSI II Shift,2 Years,Girls Hostel
"GH Raisoni Institute of Engineering and Technology for Women, Nagpur",https://www.careers360.com/colleges/gh-raisoni-institute-of-engineering-and-technology-for-women-nagpur,Engineering,Nagpur,Private,M.Tech Power Electronics and Systems,2 Years,Girls Hostel
"GH Raisoni Institute of Engineering and Technology for Women, Nagpur",https://www.careers360.com/colleges/gh-raisoni-institute-of-engineering-and-technology-for-women-nagpur,Engineering,Nagpur,Private,M.Tech Computer Science and Engineering,2 Years,Girls Hostel
"GH Raisoni Institute of Engineering and Technology, Nagpur",https://www.careers360.com/colleges/gh-raisoni-institute-of-engineering-and-technology-nagpur,Engineering,Nagpur,Private,BE Computer Science and Engineering,4 Years,"Boys Hostel, Girls Hostel"
"GH Raisoni Institute of Engineering and Technology, Nagpur",https://www.careers360.com/colleges/gh-raisoni-institute-of-engineering-and-technology-nagpur,Engineering,Nagpur,Private,BE Artificial Intelligence,4 Years,"Boys Hostel, Girls Hostel"
"GH Raisoni Institute of Engineering and Technology, Nagpur",https://www.careers360.com/colleges/gh-raisoni-institute-of-engineering-and-technology-nagpur,Engineering,Nagpur,Private,Diploma in Computer Engineering,3 Years,"Boys Hostel, Girls Hostel"
"GH Raisoni Institute of Engineering and Technology, Nagpur",https://www.careers360.com/colleges/gh-raisoni-institute-of-engineering-and-technology-nagpur,Engineering,Nagpur,Private,Diploma in Mechanical Engineering,3 Years,"Boys Hostel, Girls Hostel"
"GH Raisoni Institute of Engineering and Technology, Nagpur",https://www.careers360.com/colleges/gh-raisoni-institute-of-engineering-and-technology-nagpur,Engineering,Nagpur,Private,BE Cyber Security,4 Years,"Boys Hostel, Girls Hostel"
"GH Raisoni Institute of Engineering and Technology, Nagpur",https://www.careers360.com/colleges/gh-raisoni-institute-of-engineering-and-technology-nagpur,Engineering,Nagpur,Private,BE Electrical Engineering,4 Years,"Boys Hostel, Girls Hostel"
"GH Raisoni Institute of Engineering and Technology, Nagpur",https://www.careers360.com/colleges/gh-raisoni-institute-of-engineering-and-technology-nagpur,Engineering,Nagpur,Private,BE Civil Engineering,4 Years,"Boys Hostel, Girls Hostel"
"GH Raisoni Institute of Engineering and Technology, Nagpur",https://www.careers360.com/colleges/gh-raisoni-institute-of-engineering-and-technology-nagpur,Engineering,Nagpur,Private,Diploma in Electrical Engineering,3 Years,"Boys Hostel, Girls Hostel"
"GH Raisoni Institute of Engineering and Technology, Nagpur",https://www.careers360.com/colleges/gh-raisoni-institute-of-engineering-and-technology-nagpur,Engineering,Nagpur,Private,B.Sc Cyber Security,3 Years,"Boys Hostel, Girls Hostel"
"GH Raisoni Institute of Engineering and Technology, Nagpur",https://www.careers360.com/colleges/gh-raisoni-institute-of-engineering-and-technology-nagpur,Engineering,Nagpur,Private,B.Sc Computer Science,3 Years,"Boys Hostel, Girls Hostel"
"GH Raisoni Institute of Engineering and Technology, Nagpur",https://www.careers360.com/colleges/gh-raisoni-institute-of-engineering-and-technology-nagpur,Engineering,Nagpur,Private,BE Information Technology,4 Years,"Boys Hostel, Girls Hostel"
"GH Raisoni Institute of Engineering and Technology, Nagpur",https://www.careers360.com/colleges/gh-raisoni-institute-of-engineering-and-technology-nagpur,Engineering,Nagpur,Private,BE Data Science,4 Years,"Boys Hostel, Girls Hostel"
"GH Raisoni Institute of Engineering and Technology, Nagpur",https://www.careers360.com/colleges/gh-raisoni-institute-of-engineering-and-technology-nagpur,Engineering,Nagpur,Private,BE Mechanical Engineering,4 Years,"Boys Hostel, Girls Hostel"
"GH Raisoni Institute of Engineering and Technology, Nagpur",https://www.careers360.com/colleges/gh-raisoni-institute-of-engineering-and-technology-nagpur,Engineering,Nagpur,Private,Diploma in Civil Engineering,3 Years,"Boys Hostel, Girls Hostel"
"GH Raisoni Institute of Engineering and Technology, Nagpur",https://www.careers360.com/colleges/gh-raisoni-institute-of-engineering-and-technology-nagpur,Engineering,Nagpur,Private,BE Electronics and Telecommunication Engineering,4 Years,"Boys Hostel, Girls Hostel"
"GH Raisoni Polytechnic, Nagpur",https://www.careers360.com/colleges/gh-raisoni-polytechnic-nagpur,Engineering,Nagpur,Private,Diploma in Electrical Engineering,3 Years,"Boys Hostel, Girls Hostel"
"GH Raisoni Polytechnic, Nagpur",https://www.careers360.com/colleges/gh-raisoni-polytechnic-nagpur,Engineering,Nagpur,Private,Diploma in Computer Engineering,3 Years,"Boys Hostel, Girls Hostel"
"GH Raisoni Polytechnic, Nagpur",https://www.careers360.com/colleges/gh-raisoni-polytechnic-nagpur,Engineering,Nagpur,Private,Diploma in Mechanical Engineering,3 Years,"Boys Hostel, Girls Hostel"
"GH Raisoni Polytechnic, Nagpur",https://www.careers360.com/colleges/gh-raisoni-polytechnic-nagpur,Engineering,Nagpur,Private,Diploma in Civil Engineering,3 Years,"Boys Hostel, Girls Hostel"
"GH Raisoni Polytechnic, Nagpur",https://www.careers360.com/colleges/gh-raisoni-polytechnic-nagpur,Engineering,Nagpur,Private,Diploma in Electronics and TeleCommunication Engineering,3 Years,"Boys Hostel, Girls Hostel"
"GH Raisoni Polytechnic, Nagpur",https://www.careers360.com/colleges/gh-raisoni-polytechnic-nagpur,Engineering,Nagpur,Private,Diploma in Automobile Engineering,3 Years,"Boys Hostel, Girls Hostel"
"Government Polytechnic, Nagpur",https://www.careers360.com/colleges/government-polytechnic-nagpur,Engineering,Nagpur,Government,Diploma in Civil Engineering,3 Years,"Boys Hostel, Girls Hostel"
"Government Polytechnic, Nagpur",https://www.careers360.com/colleges/government-polytechnic-nagpur,Engineering,Nagpur,Government,Diploma in Electronics and Telecommunication Engineering,3 Years,"Boys Hostel, Girls Hostel"
"Government Polytechnic, Nagpur",https://www.careers360.com/colleges/government-polytechnic-nagpur,Engineering,Nagpur,Government,Diploma in Mechanical Engineering,3 Years,"Boys Hostel, Girls Hostel"
"Government Polytechnic, Nagpur",https://www.careers360.com/colleges/government-polytechnic-nagpur,Engineering,Nagpur,Government,Diploma in Information Technology,3 Years,"Boys Hostel, Girls Hostel"
"Government Polytechnic, Nagpur",https://www.careers360.com/colleges/government-polytechnic-nagpur,Engineering,Nagpur,Government,Diploma in Automobile Engineering,3 Years,"Boys Hostel, Girls Hostel"
"Government Polytechnic, Nagpur",https://www.careers360.com/colleges/government-polytechnic-nagpur,Engineering,Nagpur,Government,Diploma in Computer Engineering,3 Years,"Boys Hostel, Girls Hostel"
"Government Polytechnic, Nagpur",https://www.careers360.com/colleges/government-polytechnic-nagpur,Engineering,Nagpur,Government,Diploma in Electrical Engineering,3 Years,"Boys Hostel, Girls Hostel"
"Government Polytechnic, Nagpur",https://www.careers360.com/colleges/government-polytechnic-nagpur,Engineering,Nagpur,Government,Diploma in Mining and Mine Surveying,3 Years,"Boys Hostel, Girls Hostel"
"Government Polytechnic, Nagpur",https://www.careers360.com/colleges/government-polytechnic-nagpur,Engineering,Nagpur,Government,Diploma in Mechatronics,3 Years,"Boys Hostel, Girls Hostel"
"Government Polytechnic, Nagpur",https://www.careers360.com/colleges/government-polytechnic-nagpur,Engineering,Nagpur,Government,Diploma in Artificial Intelligence and Machine Learning,3 Years,"Boys Hostel, Girls Hostel"
"GWCET Nagpur - Govindrao Wanjari College of Engineering and Technology, Nagpur",https://www.careers360.com/colleges/govindrao-wanjari-college-of-engineering-and-technology-nagpur,Engineering,Nagpur,Private,BE Computer Science and Engineering,4 Years,"Boys Hostel, Girls Hostel"
"GWCET Nagpur - Govindrao Wanjari College of Engineering and Technology, Nagpur",https://www.careers360.com/colleges/govindrao-wanjari-college-of-engineering-and-technology-nagpur,Engineering,Nagpur,Private,Diploma in Electrical Engineering,3 Years,"Boys Hostel, Girls Hostel"
"GWCET Nagpur - Govindrao Wanjari College of Engineering and Technology, Nagpur",https://www.careers360.com/colleges/govindrao-wanjari-college-of-engineering-and-technology-nagpur,Engineering,Nagpur,Private,BE Mechanical Engineering,4 Years,"Boys Hostel, Girls Hostel"
"GWCET Nagpur - Govindrao Wanjari College of Engineering and Technology, Nagpur",https://www.careers360.com/colleges/govindrao-wanjari-college-of-engineering-and-technology-nagpur,Engineering,Nagpur,Private,BE Electrical Engineering,4 Years,"Boys Hostel, Girls Hostel"
"GWCET Nagpur - Govindrao Wanjari College of Engineering and Technology, Nagpur",https://www.careers360.com/colleges/govindrao-wanjari-college-of-engineering-and-technology-nagpur,Engineering,Nagpur,Private,Diploma in Mechanical Engineering,3 Years,"Boys Hostel, Girls Hostel"
"GWCET Nagpur - Govindrao Wanjari College of Engineering and Technology, Nagpur",https://www.careers360.com/colleges/govindrao-wanjari-college-of-engineering-and-technology-nagpur,Engineering,Nagpur,Private,Diploma in Civil Engineering,3 Years,"Boys Hostel, Girls Hostel"
"GWCET Nagpur - Govindrao Wanjari College of Engineering and Technology, Nagpur",https://www.careers360.com/colleges/govindrao-wanjari-college-of-engineering-and-technology-nagpur,Engineering,Nagpur,Private,B.Tech Information Technology,4 Years,"Boys Hostel, Girls Hostel"
"GWCET Nagpur - Govindrao Wanjari College of Engineering and Technology, Nagpur",https://www.careers360.com/colleges/govindrao-wanjari-college-of-engineering-and-technology-nagpur,Engineering,Nagpur,Private,BE Civil Engineering,4 Years,"Boys Hostel, Girls Hostel"
"GWCET Nagpur - Govindrao Wanjari College of Engineering and Technology, Nagpur",https://www.careers360.com/colleges/govindrao-wanjari-college-of-engineering-and-technology-nagpur,Engineering,Nagpur,Private,BE Electronics and Telecommunications Engineering,4 Years,"Boys Hostel, Girls Hostel"
"GWCET Nagpur - Govindrao Wanjari College of Engineering and Technology, Nagpur",https://www.careers360.com/colleges/govindrao-wanjari-college-of-engineering-and-technology-nagpur,Engineering,Nagpur,Private,Ph. D Electronics and Telecommunication,6 Years,"Boys Hostel, Girls Hostel"
"GNIET Nagpur - Guru Nanak Institute of Engineering and Technology, Nagpur",https://www.careers360.com/colleges/guru-nanak-institute-of-engineering-and-technology-nagpur,Engineering,Nagpur,Private,BE Data Science,4 Years,"Boys Hostel, Girls Hostel"
"GNIET Nagpur - Guru Nanak Institute of Engineering and Technology, Nagpur",https://www.careers360.com/colleges/guru-nanak-institute-of-engineering-and-technology-nagpur,Engineering,Nagpur,Private,BE Electrical Engineering,4 Years,"Boys Hostel, Girls Hostel"
"GNIET Nagpur - Guru Nanak Institute of Engineering and Technology, Nagpur",https://www.careers360.com/colleges/guru-nanak-institute-of-engineering-and-technology-nagpur,Engineering,Nagpur,Private,BE Information Technology,4 Years,"Boys Hostel, Girls Hostel"
"GNIET Nagpur - Guru Nanak Institute of Engineering and Technology, Nagpur",https://www.careers360.com/colleges/guru-nanak-institute-of-engineering-and-technology-nagpur,Engineering,Nagpur,Private,BE Computer Science and Engineering,4 Years,"Boys Hostel, Girls Hostel"
"GNIET Nagpur - Guru Nanak Institute of Engineering and Technology, Nagpur",https://www.careers360.com/colleges/guru-nanak-institute-of-engineering-and-technology-nagpur,Engineering,Nagpur,Private,BE Artificial Intelligence,4 Years,"Boys Hostel, Girls Hostel"
"GNIET Nagpur - Guru Nanak Institute of Engineering and Technology, Nagpur",https://www.careers360.com/colleges/guru-nanak-institute-of-engineering-and-technology-nagpur,Engineering,Nagpur,Private,BE Electronics and Telecommunication Engineering,4 Years,"Boys Hostel, Girls Hostel"
"GNIET Nagpur - Guru Nanak Institute of Engineering and Technology, Nagpur",https://www.careers360.com/colleges/guru-nanak-institute-of-engineering-and-technology-nagpur,Engineering,Nagpur,Private,M.Tech Embedded Systems and Computing,2 Years,"Boys Hostel, Girls Hostel"
"GNIET Nagpur - Guru Nanak Institute of Engineering and Technology, Nagpur",https://www.careers360.com/colleges/guru-nanak-institute-of-engineering-and-technology-nagpur,Engineering,Nagpur,Private,M.Tech Power Electronics and Power Systems,2 Years,"Boys Hostel, Girls Hostel"
"GNIET Nagpur - Guru Nanak Institute of Engineering and Technology, Nagpur",https://www.careers360.com/colleges/guru-nanak-institute-of-engineering-and-technology-nagpur,Engineering,Nagpur,Private,M.Tech Computer Science and Engineering,2 Years,"Boys Hostel, Girls Hostel"
"GNIET Nagpur - Guru Nanak Institute of Engineering and Technology, Nagpur",https://www.careers360.com/colleges/guru-nanak-institute-of-engineering-and-technology-nagpur,Engineering,Nagpur,Private,M.Tech Artificial Intelligence,2 Years,"Boys Hostel, Girls Hostel"
"GNIET Nagpur - Guru Nanak Institute of Engineering and Technology, Nagpur",https://www.careers360.com/colleges/guru-nanak-institute-of-engineering-and-technology-nagpur,Engineering,Nagpur,Private,BE Civil Engineering,4 Years,"Boys Hostel, Girls Hostel"
"IIIT Nagpur - Indian Institute of Information Technology, Nagpur",https://www.careers360.com/university/indian-institute-of-information-technology-nagpur,Engineering,Nagpur,Private,B.Tech Computer Science and Engineering,4 Years,"Boys Hostel, Girls Hostel"
"IIIT Nagpur - Indian Institute of Information Technology, Nagpur",https://www.careers360.com/university/indian-institute-of-information-technology-nagpur,Engineering,Nagpur,Private,B.Tech Electronics and Communication Engineering,4 Years,"Boys Hostel, Girls Hostel"
"IIIT Nagpur - Indian Institute of Information Technology, Nagpur",https://www.careers360.com/university/indian-institute-of-information-technology-nagpur,Engineering,Nagpur,Private,B.Tech Electronics and Communication Engineering Internet of Things,4 Years,"Boys Hostel, Girls Hostel"
"IIIT Nagpur - Indian Institute of Information Technology, Nagpur",https://www.careers360.com/university/indian-institute-of-information-technology-nagpur,Engineering,Nagpur,Private,B.Tech Computer Science Engineering Artificial lntelligence and Machine Learning,4 Years,"Boys Hostel, Girls Hostel"
"IIIT Nagpur - Indian Institute of Information Technology, Nagpur",https://www.careers360.com/university/indian-institute-of-information-technology-nagpur,Engineering,Nagpur,Private,B.Tech Computer Science Engineering Data Science and Analytics,4 Years,"Boys Hostel, Girls Hostel"
"IIIT Nagpur - Indian Institute of Information Technology, Nagpur",https://www.careers360.com/university/indian-institute-of-information-technology-nagpur,Engineering,Nagpur,Private,B.Tech Computer Science Engineering Human Computer lnteraction and Gaming Technology,4 Years,"Boys Hostel, Girls Hostel"
"IIIT Nagpur - Indian Institute of Information Technology, Nagpur",https://www.careers360.com/university/indian-institute-of-information-technology-nagpur,Engineering,Nagpur,Private,Ph.D Computer Science and Engineering,3 Years,"Boys Hostel, Girls Hostel"
"IIIT Nagpur - Indian Institute of Information Technology, Nagpur",https://www.careers360.com/university/indian-institute-of-information-technology-nagpur,Engineering,Nagpur,Private,Ph.D Electronics and Communication Engineering,6 Years,"Boys Hostel, Girls Hostel"
"Institute of Science, Nagpur",https://www.careers360.com/colleges/institute-of-science-nagpur,Engineering,Nagpur,Government,B.Sc Electronics Major,3 Years,"Boys Hostel, Girls Hostel"
"Institute of Science, Nagpur",https://www.careers360.com/colleges/institute-of-science-nagpur,Engineering,Nagpur,Government,B.Sc Computer Science Major,3 Years,"Boys Hostel, Girls Hostel"
"JD College of Engineering and Management, Nagpur",https://www.careers360.com/colleges/jd-college-of-engineering-and-management-nagpur,Engineering,Nagpur,Private,B.Tech Computer Science and Engineering,4 Years,"Boys Hostel, Girls Hostel"
"JD College of Engineering and Management, Nagpur",https://www.careers360.com/colleges/jd-college-of-engineering-and-management-nagpur,Engineering,Nagpur,Private,B.Tech Cyber Security,4 Years,"Boys Hostel, Girls Hostel"
"JD College of Engineering and Management, Nagpur",https://www.careers360.com/colleges/jd-college-of-engineering-and-management-nagpur,Engineering,Nagpur,Private,B.Tech Artificial Intelligence,4 Years,"Boys Hostel, Girls Hostel"
"JD College of Engineering and Management, Nagpur",https://www.careers360.com/colleges/jd-college-of-engineering-and-management-nagpur,Engineering,Nagpur,Private,B.Tech Data Science,4 Years,"Boys Hostel, Girls Hostel"
"JD College of Engineering and Management, Nagpur",https://www.careers360.com/colleges/jd-college-of-engineering-and-management-nagpur,Engineering,Nagpur,Private,B.Tech Information Technology,4 Years,"Boys Hostel, Girls Hostel"
"JD College of Engineering and Management, Nagpur",https://www.careers360.com/colleges/jd-college-of-engineering-and-management-nagpur,Engineering,Nagpur,Private,Diploma in Computer Engineering,3 Years,"Boys Hostel, Girls Hostel"
"JD College of Engineering and Management, Nagpur",https://www.careers360.com/colleges/jd-college-of-engineering-and-management-nagpur,Engineering,Nagpur,Private,B.Tech Electronics and Telecommunication Engineering,4 Years,"Boys Hostel, Girls Hostel"
"JD College of Engineering and Management, Nagpur",https://www.careers360.com/colleges/jd-college-of-engineering-and-management-nagpur,Engineering,Nagpur,Private,Diploma in Electrical Engineering,3 Years,"Boys Hostel, Girls Hostel"
"JD College of Engineering and Management, Nagpur",https://www.careers360.com/colleges/jd-college-of-engineering-and-management-nagpur,Engineering,Nagpur,Private,Diploma in Electronics and Telecommunications Engineering,3 Years,"Boys Hostel, Girls Hostel"
"JD College of Engineering and Management, Nagpur",https://www.careers360.com/colleges/jd-college-of-engineering-and-management-nagpur,Engineering,Nagpur,Private,Diploma in Mechanical Engineering,3 Years,"Boys Hostel, Girls Hostel"
"JD College of Engineering and Management, Nagpur",https://www.careers360.com/colleges/jd-college-of-engineering-and-management-nagpur,Engineering,Nagpur,Private,Diploma in Civil Engineering,3 Years,"Boys Hostel, Girls Hostel"
"JD College of Engineering and Management, Nagpur",https://www.careers360.com/colleges/jd-college-of-engineering-and-management-nagpur,Engineering,Nagpur,Private,B.Tech Mechanical Engineering,4 Years,"Boys Hostel, Girls Hostel"
"JD College of Engineering and Management, Nagpur",https://www.careers360.com/colleges/jd-college-of-engineering-and-management-nagpur,Engineering,Nagpur,Private,B.Tech Civil Engineering,4 Years,"Boys Hostel, Girls Hostel"
"JD College of Engineering and Management, Nagpur",https://www.careers360.com/colleges/jd-college-of-engineering-and-management-nagpur,Engineering,Nagpur,Private,B.Tech Electrical Engineering,4 Years,"Boys Hostel, Girls Hostel"
"JD College of Engineering and Management, Nagpur",https://www.careers360.com/colleges/jd-college-of-engineering-and-management-nagpur,Engineering,Nagpur,Private,M.Tech Computer Science and Engineering,2 Years,"Boys Hostel, Girls Hostel"
"JD College of Engineering and Management, Nagpur",https://www.careers360.com/colleges/jd-college-of-engineering-and-management-nagpur,Engineering,Nagpur,Private,Ph.D Mechanical Engineering,6 Years,"Boys Hostel, Girls Hostel"
"JD Polytechnic, Nagpur",https://www.careers360.com/colleges/jd-polytechnic-nagpur,Engineering,Nagpur,Private,Diploma in Electronics and Telecommunication Engineering,3 Years,"Boys Hostel, Girls Hostel"
"JD Polytechnic, Nagpur",https://www.careers360.com/colleges/jd-polytechnic-nagpur,Engineering,Nagpur,Private,Diploma in Computer Engineering,3 Years,"Boys Hostel, Girls Hostel"
"JD Polytechnic, Nagpur",https://www.careers360.com/colleges/jd-polytechnic-nagpur,Engineering,Nagpur,Private,Diploma in Civil Engineering,3 Years,"Boys Hostel, Girls Hostel"
"JD Polytechnic, Nagpur",https://www.careers360.com/colleges/jd-polytechnic-nagpur,Engineering,Nagpur,Private,Diploma in Mechanical Engineering,3 Years,"Boys Hostel, Girls Hostel"
"JD Polytechnic, Nagpur",https://www.careers360.com/colleges/jd-polytechnic-nagpur,Engineering,Nagpur,Private,Diploma in Electrical Engineering,3 Years,"Boys Hostel, Girls Hostel"
"Jeevan Vikas Mahavidyalaya, Nagpur",https://www.careers360.com/colleges/jeevan-vikas-mahavidyalaya-nagpur,Engineering,Nagpur,Private,B.Voc Food Processing and Engineering,3 Years,Girls Hostel
"Jeevan Vikas Mahavidyalaya, Nagpur",https://www.careers360.com/colleges/jeevan-vikas-mahavidyalaya-nagpur,Engineering,Nagpur,Private,B.Voc Automotive,3 Years,Girls Hostel
"JIT Nagpur - Jhulelal Institute of Technology, Nagpur",https://www.careers360.com/colleges/jhulelal-institute-of-technology-nagpur,Engineering,Nagpur,Private,B.Tech Artificial Intelligence and Machine Learning,4 Years,"Boys Hostel, Girls Hostel"
"JIT Nagpur - Jhulelal Institute of Technology, Nagpur",https://www.careers360.com/colleges/jhulelal-institute-of-technology-nagpur,Engineering,Nagpur,Private,B.Tech Computer Science and Engineering,4 Years,"Boys Hostel, Girls Hostel"
"JIT Nagpur - Jhulelal Institute of Technology, Nagpur",https://www.careers360.com/colleges/jhulelal-institute-of-technology-nagpur,Engineering,Nagpur,Private,B.Tech Electronics and Computer Engineering,4 Years,"Boys Hostel, Girls Hostel"
"JIT Nagpur - Jhulelal Institute of Technology, Nagpur",https://www.careers360.com/colleges/jhulelal-institute-of-technology-nagpur,Engineering,Nagpur,Private,B.Tech Advanced Communication Technology,4 Years,"Boys Hostel, Girls Hostel"
"JIT Nagpur - Jhulelal Institute of Technology, Nagpur",https://www.careers360.com/colleges/jhulelal-institute-of-technology-nagpur,Engineering,Nagpur,Private,B.Tech Electrical Engineering,4 Years,"Boys Hostel, Girls Hostel"
"JIT Nagpur - Jhulelal Institute of Technology, Nagpur",https://www.careers360.com/colleges/jhulelal-institute-of-technology-nagpur,Engineering,Nagpur,Private,B.Tech Mechanical Engineering,4 Years,"Boys Hostel, Girls Hostel"
"JIT Nagpur - Jhulelal Institute of Technology, Nagpur",https://www.careers360.com/colleges/jhulelal-institute-of-technology-nagpur,Engineering,Nagpur,Private,M.Tech Computer Science and Engineering,2 Years,"Boys Hostel, Girls Hostel"
"JIT Nagpur - Jhulelal Institute of Technology, Nagpur",https://www.careers360.com/colleges/jhulelal-institute-of-technology-nagpur,Engineering,Nagpur,Private,M.Tech VLSI,2 Years,"Boys Hostel, Girls Hostel"
"JIT Nagpur - Jhulelal Institute of Technology, Nagpur",https://www.careers360.com/colleges/jhulelal-institute-of-technology-nagpur,Engineering,Nagpur,Private,Ph.D Electronics Engineering,6 Years,"Boys Hostel, Girls Hostel"
"JIT Nagpur - Jhulelal Institute of Technology, Nagpur",https://www.careers360.com/colleges/jhulelal-institute-of-technology-nagpur,Engineering,Nagpur,Private,B.Tech Electronics and Telecommunication Engineering,4 Years,"Boys Hostel, Girls Hostel"
"Kamla Nehru Mahavidyalaya, Nagpur",https://www.careers360.com/colleges/kamla-nehru-mahavidyalaya-nagpur,Engineering,Nagpur,Private,M.Sc Computer Science,2 Years,Girls Hostel
"Kamla Nehru Mahavidyalaya, Nagpur",https://www.careers360.com/colleges/kamla-nehru-mahavidyalaya-nagpur,Engineering,Nagpur,Private,B.Voc Consumer Electronics,3 Years,Girls Hostel
"Kamla Nehru Mahavidyalaya, Nagpur",https://www.careers360.com/colleges/kamla-nehru-mahavidyalaya-nagpur,Engineering,Nagpur,Private,B.Tech Cosmetic Technology,4 Years,Girls Hostel
"Kamla Nehru Mahavidyalaya, Nagpur",https://www.careers360.com/colleges/kamla-nehru-mahavidyalaya-nagpur,Engineering,Nagpur,Private,Advance Diploma in Consumer Electronics,2 Years,Girls Hostel
"Kamla Nehru Mahavidyalaya, Nagpur",https://www.careers360.com/colleges/kamla-nehru-mahavidyalaya-nagpur,Engineering,Nagpur,Private,M.Tech Cosmetic Technology,2 Years,Girls Hostel
"Kamptee Polytechnic, Nagpur",https://www.careers360.com/colleges/kamptee-polytechnic-nagpur,Engineering,Nagpur,Private,Diploma in Mining and Mine Surveying,3 Years,"Boys Hostel, Girls Hostel"
"Kamptee Polytechnic, Nagpur",https://www.careers360.com/colleges/kamptee-polytechnic-nagpur,Engineering,Nagpur,Private,Diploma in Mechanical Engineering,3 Years,"Boys Hostel, Girls Hostel"
"Kamptee Polytechnic, Nagpur",https://www.careers360.com/colleges/kamptee-polytechnic-nagpur,Engineering,Nagpur,Private,Diploma in Electrical Engineering,3 Years,"Boys Hostel, Girls Hostel"
"Kamptee Polytechnic, Nagpur",https://www.careers360.com/colleges/kamptee-polytechnic-nagpur,Engineering,Nagpur,Private,Diploma in Civil Engineering,3 Years,"Boys Hostel, Girls Hostel"
"Kavikulguru Kalidas Sanskrit University, Nagpur",https://www.careers360.com/university/kavikulguru-kalidas-sanskrit-university-nagpur,Engineering,Nagpur,Government,BA Civil Services,3 Years,"Boys Hostel, Girls Hostel"
"KDK Nagpur - KDK College of Engineering, Nagpur",https://www.careers360.com/colleges/kdk-college-of-engineering-nagpur,Engineering,Nagpur,Private,BE Computer Science Engineering,4 Years,"Boys Hostel, Girls Hostel"
"KDK Nagpur - KDK College of Engineering, Nagpur",https://www.careers360.com/colleges/kdk-college-of-engineering-nagpur,Engineering,Nagpur,Private,BE Electronics and Telecommunication Engineering,4 Years,"Boys Hostel, Girls Hostel"
"KDK Nagpur - KDK College of Engineering, Nagpur",https://www.careers360.com/colleges/kdk-college-of-engineering-nagpur,Engineering,Nagpur,Private,BE Artificial Intelligence and Data Science,4 Years,"Boys Hostel, Girls Hostel"
"KDK Nagpur - KDK College of Engineering, Nagpur",https://www.careers360.com/colleges/kdk-college-of-engineering-nagpur,Engineering,Nagpur,Private,BE Electrical Engineering,4 Years,"Boys Hostel, Girls Hostel"
"KDK Nagpur - KDK College of Engineering, Nagpur",https://www.careers360.com/colleges/kdk-college-of-engineering-nagpur,Engineering,Nagpur,Private,BE Mechanical Engineering,4 Years,"Boys Hostel, Girls Hostel"
"KDK Nagpur - KDK College of Engineering, Nagpur",https://www.careers360.com/colleges/kdk-college-of-engineering-nagpur,Engineering,Nagpur,Private,BE Information Technology,4 Years,"Boys Hostel, Girls Hostel"
"KDK Nagpur - KDK College of Engineering, Nagpur",https://www.careers360.com/colleges/kdk-college-of-engineering-nagpur,Engineering,Nagpur,Private,BE Civil Engineering,4 Years,"Boys Hostel, Girls Hostel"
"KDK Nagpur - KDK College of Engineering, Nagpur",https://www.careers360.com/colleges/kdk-college-of-engineering-nagpur,Engineering,Nagpur,Private,M.Tech Structural Engineering,2 Years,"Boys Hostel, Girls Hostel"
"KDK Nagpur - KDK College of Engineering, Nagpur",https://www.careers360.com/colleges/kdk-college-of-engineering-nagpur,Engineering,Nagpur,Private,Ph.D Mechanical Engineering,6 Years,"Boys Hostel, Girls Hostel"
"KDK Nagpur - KDK College of Engineering, Nagpur",https://www.careers360.com/colleges/kdk-college-of-engineering-nagpur,Engineering,Nagpur,Private,Ph.D Civil Engineering,6 Years,"Boys Hostel, Girls Hostel"
"KDK Nagpur - KDK College of Engineering, Nagpur",https://www.careers360.com/colleges/kdk-college-of-engineering-nagpur,Engineering,Nagpur,Private,M.Tech Mechanical Engineering Design,2 Years,"Boys Hostel, Girls Hostel"
"Late Vasantdada Polytechnic, Nagpur",https://www.careers360.com/colleges/late-vasantdada-polytechnic-nagpur,Engineering,Nagpur,Private,Diploma in Computer Engineering,3 Years,
"Late Vasantdada Polytechnic, Nagpur",https://www.careers360.com/colleges/late-vasantdada-polytechnic-nagpur,Engineering,Nagpur,Private,Diploma in Electronics and Telecommunication Engineering,3 Years,
"Late Vasantdada Polytechnic, Nagpur",https://www.careers360.com/colleges/late-vasantdada-polytechnic-nagpur,Engineering,Nagpur,Private,Diploma in Mechanical Engineering,3 Years,
"Late Vasantdada Polytechnic, Nagpur",https://www.careers360.com/colleges/late-vasantdada-polytechnic-nagpur,Engineering,Nagpur,Private,Diploma in Electrical Engineering,3 Years,
"LIT University, Nagpur - Laxminarayan Innovation Technological University, Nagpur",https://www.careers360.com/colleges/laxminarayan-innovation-technological-university-nagpur,Engineering,Nagpur,Government,B.Tech Chemical Engineering,4 Years,"Boys Hostel, Girls Hostel"
"LIT University, Nagpur - Laxminarayan Innovation Technological University, Nagpur",https://www.careers360.com/colleges/laxminarayan-innovation-technological-university-nagpur,Engineering,Nagpur,Government,M.Sc Biotechnology,2 Years,"Boys Hostel, Girls Hostel"
"LIT University, Nagpur - Laxminarayan Innovation Technological University, Nagpur",https://www.careers360.com/colleges/laxminarayan-innovation-technological-university-nagpur,Engineering,Nagpur,Government,B.Tech Surface Coating Technology,4 Years,"Boys Hostel, Girls Hostel"
"LIT University, Nagpur - Laxminarayan Innovation Technological University, Nagpur",https://www.careers360.com/colleges/laxminarayan-innovation-technological-university-nagpur,Engineering,Nagpur,Government,M.Tech Petrochemical Technology,2 Years,"Boys Hostel, Girls Hostel"
"LIT University, Nagpur - Laxminarayan Innovation Technological University, Nagpur",https://www.careers360.com/colleges/laxminarayan-innovation-technological-university-nagpur,Engineering,Nagpur,Government,M.Tech Food Technology,2 Years,"Boys Hostel, Girls Hostel"
"LIT University, Nagpur - Laxminarayan Innovation Technological University, Nagpur",https://www.careers360.com/colleges/laxminarayan-innovation-technological-university-nagpur,Engineering,Nagpur,Government,M.Tech Oil Technology,2 Years,"Boys Hostel, Girls Hostel"
"LIT University, Nagpur - Laxminarayan Innovation Technological University, Nagpur",https://www.careers360.com/colleges/laxminarayan-innovation-technological-university-nagpur,Engineering,Nagpur,Government,M.Tech Paint Technology,2 Years,"Boys Hostel, Girls Hostel"
"LIT University, Nagpur - Laxminarayan Innovation Technological University, Nagpur",https://www.careers360.com/colleges/laxminarayan-innovation-technological-university-nagpur,Engineering,Nagpur,Government,B.Tech Oil Technology,4 Years,"Boys Hostel, Girls Hostel"
"LIT University, Nagpur - Laxminarayan Innovation Technological University, Nagpur",https://www.careers360.com/colleges/laxminarayan-innovation-technological-university-nagpur,Engineering,Nagpur,Government,B.Tech Food Technology,4 Years,"Boys Hostel, Girls Hostel"
"LIT University, Nagpur - Laxminarayan Innovation Technological University, Nagpur",https://www.careers360.com/colleges/laxminarayan-innovation-technological-university-nagpur,Engineering,Nagpur,Government,B.Tech Pulp and Paper Technology,4 Years,"Boys Hostel, Girls Hostel"
"LIT University, Nagpur - Laxminarayan Innovation Technological University, Nagpur",https://www.careers360.com/colleges/laxminarayan-innovation-technological-university-nagpur,Engineering,Nagpur,Government,M.Tech Chemical Engineering,2 Years,"Boys Hostel, Girls Hostel"
"LIT University, Nagpur - Laxminarayan Innovation Technological University, Nagpur",https://www.careers360.com/colleges/laxminarayan-innovation-technological-university-nagpur,Engineering,Nagpur,Government,B.Tech Plastics and Polymer Technology,4 Years,"Boys Hostel, Girls Hostel"
"LIT University, Nagpur - Laxminarayan Innovation Technological University, Nagpur",https://www.careers360.com/colleges/laxminarayan-innovation-technological-university-nagpur,Engineering,Nagpur,Government,B.Tech Petrochemical Technology,4 Years,"Boys Hostel, Girls Hostel"
"Cummins College of Engineering for Women Nagpur - Maharshi Karve Stree Shikshan Samstha Cummins College of Engineering for Women, Nagpur",https://www.careers360.com/colleges/maharshi-karve-stree-shikshan-samstha-cummins-college-of-engineering-for-women-nagpur,Engineering,Nagpur,Private,BE Computer Engineering,4 Years,Girls Hostel
"Cummins College of Engineering for Women Nagpur - Maharshi Karve Stree Shikshan Samstha Cummins College of Engineering for Women, Nagpur",https://www.careers360.com/colleges/maharshi-karve-stree-shikshan-samstha-cummins-college-of-engineering-for-women-nagpur,Engineering,Nagpur,Private,BE Mechanical Engineering,4 Years,Girls Hostel
"Cummins College of Engineering for Women Nagpur - Maharshi Karve Stree Shikshan Samstha Cummins College of Engineering for Women, Nagpur",https://www.careers360.com/colleges/maharshi-karve-stree-shikshan-samstha-cummins-college-of-engineering-for-women-nagpur,Engineering,Nagpur,Private,BE Electronics and Telecommunication Engineering,4 Years,Girls Hostel
"Mahila Mahavidyalaya, Nagpur",https://www.careers360.com/colleges/mahila-mahavidyalaya-nagpur,Engineering,Nagpur,Private,B.Tech Cosmetic Technology,4 Years,Girls Hostel
"Nagar Yuvak Shikshak Sanstha, NYSS College of Engineering and Research, Nagpur",https://www.careers360.com/colleges/nagar-yuvak-shikshak-sanstha-nyss-college-of-engineering-and-research-nagpur,Engineering,Nagpur,Private,BE Electronics and Telecommunication Engineering,4 Years,
"Nagar Yuvak Shikshak Sanstha, NYSS College of Engineering and Research, Nagpur",https://www.careers360.com/colleges/nagar-yuvak-shikshak-sanstha-nyss-college-of-engineering-and-research-nagpur,Engineering,Nagpur,Private,BE Electrical Engineering,4 Years,
"Nagar Yuvak Shikshak Sanstha, NYSS College of Engineering and Research, Nagpur",https://www.careers360.com/colleges/nagar-yuvak-shikshak-sanstha-nyss-college-of-engineering-and-research-nagpur,Engineering,Nagpur,Private,BE Electrical Engineering II Shift,4 Years,
"Nagar Yuvak Shikshak Sanstha, NYSS College of Engineering and Research, Nagpur",https://www.careers360.com/colleges/nagar-yuvak-shikshak-sanstha-nyss-college-of-engineering-and-research-nagpur,Engineering,Nagpur,Private,BE Electronics Engineering,4 Years,
"Nagar Yuvak Shikshak Sanstha, NYSS College of Engineering and Research, Nagpur",https://www.careers360.com/colleges/nagar-yuvak-shikshak-sanstha-nyss-college-of-engineering-and-research-nagpur,Engineering,Nagpur,Private,BE Computer Science Engineering,4 Years,
"Nagar Yuvak Shikshak Sanstha, NYSS College of Engineering and Research, Nagpur",https://www.careers360.com/colleges/nagar-yuvak-shikshak-sanstha-nyss-college-of-engineering-and-research-nagpur,Engineering,Nagpur,Private,B.Tech Information Technology,4 Years,
"Nagar Yuvak Shikshak Sanstha, NYSS College of Engineering and Research, Nagpur",https://www.careers360.com/colleges/nagar-yuvak-shikshak-sanstha-nyss-college-of-engineering-and-research-nagpur,Engineering,Nagpur,Private,ME Electronics Engineering Lateral Entry,1 Year,
"Nagar Yuvak Shikshak Sanstha, NYSS College of Engineering and Research, Nagpur",https://www.careers360.com/colleges/nagar-yuvak-shikshak-sanstha-nyss-college-of-engineering-and-research-nagpur,Engineering,Nagpur,Private,BE Computer Technology,4 Years,
"Nagar Yuvak Shikshak Sanstha, NYSS College of Engineering and Research, Nagpur",https://www.careers360.com/colleges/nagar-yuvak-shikshak-sanstha-nyss-college-of-engineering-and-research-nagpur,Engineering,Nagpur,Private,ME Electronics Engineering,2 Years,
"Nagar Yuvak Shikshak Sanstha, NYSS College of Engineering and Research, Nagpur",https://www.careers360.com/colleges/nagar-yuvak-shikshak-sanstha-nyss-college-of-engineering-and-research-nagpur,Engineering,Nagpur,Private,ME Computer Science Engineering II Shift,2 Years,
"Nagar Yuvak Shikshak Sanstha, NYSS College of Engineering and Research, Nagpur",https://www.careers360.com/colleges/nagar-yuvak-shikshak-sanstha-nyss-college-of-engineering-and-research-nagpur,Engineering,Nagpur,Private,ME Integrated Power Systems,2 Years,
"Nagar Yuvak Shikshak Sanstha, NYSS College of Engineering and Research, Nagpur",https://www.careers360.com/colleges/nagar-yuvak-shikshak-sanstha-nyss-college-of-engineering-and-research-nagpur,Engineering,Nagpur,Private,ME Computer Science Engineering,2 Years,
"NFSC Nagpur - National Fire Service College, Nagpur",https://www.careers360.com/colleges/national-fire-service-college-nagpur,Engineering,Nagpur,Government,BE Fire Engineering,4 Years,"Boys Hostel, Girls Hostel"
"NPTI Nagpur - National Power Training Institute, Nagpur",https://www.careers360.com/colleges/national-power-training-institute-nagpur,Engineering,Nagpur,Private,B.Tech Power Engineering,4 Years,"Boys Hostel, Girls Hostel"
"Priyadarshini Bhagwati College of Engineering, Nagpur",https://www.careers360.com/colleges/priyadarshini-bhagwati-college-of-engineering-nagpur,Engineering,Nagpur,Private,B.Tech Computer Science and Engineering,4 Years,"Boys Hostel, Girls Hostel"
"Priyadarshini Bhagwati College of Engineering, Nagpur",https://www.careers360.com/colleges/priyadarshini-bhagwati-college-of-engineering-nagpur,Engineering,Nagpur,Private,B.Tech Mechanical Engineering,4 Years,"Boys Hostel, Girls Hostel"
"Priyadarshini Bhagwati College of Engineering, Nagpur",https://www.careers360.com/colleges/priyadarshini-bhagwati-college-of-engineering-nagpur,Engineering,Nagpur,Private,B.Tech Information Technology,4 Years,"Boys Hostel, Girls Hostel"
"Priyadarshini Bhagwati College of Engineering, Nagpur",https://www.careers360.com/colleges/priyadarshini-bhagwati-college-of-engineering-nagpur,Engineering,Nagpur,Private,B.Tech Civil Engineering,4 Years,"Boys Hostel, Girls Hostel"
"Priyadarshini Bhagwati College of Engineering, Nagpur",https://www.careers360.com/colleges/priyadarshini-bhagwati-college-of-engineering-nagpur,Engineering,Nagpur,Private,Diploma in Mechanical Engineering,3 Years,"Boys Hostel, Girls Hostel"
"Priyadarshini Bhagwati College of Engineering, Nagpur",https://www.careers360.com/colleges/priyadarshini-bhagwati-college-of-engineering-nagpur,Engineering,Nagpur,Private,Diploma in Electrical Engineering,3 Years,"Boys Hostel, Girls Hostel"
"Priyadarshini Bhagwati College of Engineering, Nagpur",https://www.careers360.com/colleges/priyadarshini-bhagwati-college-of-engineering-nagpur,Engineering,Nagpur,Private,B.Tech Electronics and Communication Engineering,4 Years,"Boys Hostel, Girls Hostel"
"Priyadarshini Bhagwati College of Engineering, Nagpur",https://www.careers360.com/colleges/priyadarshini-bhagwati-college-of-engineering-nagpur,Engineering,Nagpur,Private,Diploma in Information Technology,3 Years,"Boys Hostel, Girls Hostel"
"Priyadarshini Bhagwati College of Engineering, Nagpur",https://www.careers360.com/colleges/priyadarshini-bhagwati-college-of-engineering-nagpur,Engineering,Nagpur,Private,Diploma in Electronics and Telecommunication Engineering,3 Years,"Boys Hostel, Girls Hostel"
"Priyadarshini Bhagwati College of Engineering, Nagpur",https://www.careers360.com/colleges/priyadarshini-bhagwati-college-of-engineering-nagpur,Engineering,Nagpur,Private,M.Tech Electronics and Communication Engineering,2 Years,"Boys Hostel, Girls Hostel"
"Priyadarshini Bhagwati College of Engineering, Nagpur",https://www.careers360.com/colleges/priyadarshini-bhagwati-college-of-engineering-nagpur,Engineering,Nagpur,Private,M.Tech Computer Science and Engineering,2 Years,"Boys Hostel, Girls Hostel"
"PCE Nagpur - Priyadarshini College of Engineering, Nagpur",https://www.careers360.com/colleges/priyadarshini-college-of-engineering-nagpur,Engineering,Nagpur,Private,B.Tech Computer Science and Engineering,4 Years,"Boys Hostel, Girls Hostel"
"PCE Nagpur - Priyadarshini College of Engineering, Nagpur",https://www.careers360.com/colleges/priyadarshini-college-of-engineering-nagpur,Engineering,Nagpur,Private,B.Tech Computer Technology,4 Years,"Boys Hostel, Girls Hostel"
"PCE Nagpur - Priyadarshini College of Engineering, Nagpur",https://www.careers360.com/colleges/priyadarshini-college-of-engineering-nagpur,Engineering,Nagpur,Private,B.Tech Electronics and Telecommunication Engineering,4 Years,"Boys Hostel, Girls Hostel"
"PCE Nagpur - Priyadarshini College of Engineering, Nagpur",https://www.careers360.com/colleges/priyadarshini-college-of-engineering-nagpur,Engineering,Nagpur,Private,B.Tech Civil Engineering,4 Years,"Boys Hostel, Girls Hostel"
"PCE Nagpur - Priyadarshini College of Engineering, Nagpur",https://www.careers360.com/colleges/priyadarshini-college-of-engineering-nagpur,Engineering,Nagpur,Private,B.Tech Information Technology,4 Years,"Boys Hostel, Girls Hostel"
"PCE Nagpur - Priyadarshini College of Engineering, Nagpur",https://www.careers360.com/colleges/priyadarshini-college-of-engineering-nagpur,Engineering,Nagpur,Private,B.Tech Artificial Intelligence and Data Science,4 Years,"Boys Hostel, Girls Hostel"
"PCE Nagpur - Priyadarshini College of Engineering, Nagpur",https://www.careers360.com/colleges/priyadarshini-college-of-engineering-nagpur,Engineering,Nagpur,Private,B.Tech Electronics and Communication Engineering,4 Years,"Boys Hostel, Girls Hostel"
"PCE Nagpur - Priyadarshini College of Engineering, Nagpur",https://www.careers360.com/colleges/priyadarshini-college-of-engineering-nagpur,Engineering,Nagpur,Private,B.Tech Electrical Engineering,4 Years,"Boys Hostel, Girls Hostel"
"PCE Nagpur - Priyadarshini College of Engineering, Nagpur",https://www.careers360.com/colleges/priyadarshini-college-of-engineering-nagpur,Engineering,Nagpur,Private,B.Tech Mechanical Engineering,4 Years,"Boys Hostel, Girls Hostel"
"PCE Nagpur - Priyadarshini College of Engineering, Nagpur",https://www.careers360.com/colleges/priyadarshini-college-of-engineering-nagpur,Engineering,Nagpur,Private,B.Tech Chemical Engineering,4 Years,"Boys Hostel, Girls Hostel"
"PCE Nagpur - Priyadarshini College of Engineering, Nagpur",https://www.careers360.com/colleges/priyadarshini-college-of-engineering-nagpur,Engineering,Nagpur,Private,B.Tech Aeronautical Engineering,4 Years,"Boys Hostel, Girls Hostel"
"PCE Nagpur - Priyadarshini College of Engineering, Nagpur",https://www.careers360.com/colleges/priyadarshini-college-of-engineering-nagpur,Engineering,Nagpur,Private,B.Tech Industrial Internet of Things,4 Years,"Boys Hostel, Girls Hostel"
"PCE Nagpur - Priyadarshini College of Engineering, Nagpur",https://www.careers360.com/colleges/priyadarshini-college-of-engineering-nagpur,Engineering,Nagpur,Private,B.Tech Robotics and Artificial Intelligence,4 Years,"Boys Hostel, Girls Hostel"
"PCE Nagpur - Priyadarshini College of Engineering, Nagpur",https://www.careers360.com/colleges/priyadarshini-college-of-engineering-nagpur,Engineering,Nagpur,Private,B.Tech Biotechnology,4 Years,"Boys Hostel, Girls Hostel"
"PCE Nagpur - Priyadarshini College of Engineering, Nagpur",https://www.careers360.com/colleges/priyadarshini-college-of-engineering-nagpur,Engineering,Nagpur,Private,M.Tech Mechanical Engineering Design,2 Years,"Boys Hostel, Girls Hostel"
"PCE Nagpur - Priyadarshini College of Engineering, Nagpur",https://www.careers360.com/colleges/priyadarshini-college-of-engineering-nagpur,Engineering,Nagpur,Private,M.Tech Defence Technology,2 Years,"Boys Hostel, Girls Hostel"
"PCE Nagpur - Priyadarshini College of Engineering, Nagpur",https://www.careers360.com/colleges/priyadarshini-college-of-engineering-nagpur,Engineering,Nagpur,Private,M.Tech Structural Engineering,2 Years,"Boys Hostel, Girls Hostel"
"PCE Nagpur - Priyadarshini College of Engineering, Nagpur",https://www.careers360.com/colleges/priyadarshini-college-of-engineering-nagpur,Engineering,Nagpur,Private,M.Tech Chemical Engineering,2 Years,"Boys Hostel, Girls Hostel"
"PCE Nagpur - Priyadarshini College of Engineering, Nagpur",https://www.careers360.com/colleges/priyadarshini-college-of-engineering-nagpur,Engineering,Nagpur,Private,M.Tech Industrial Drives and Control,2 Years,"Boys Hostel, Girls Hostel"
"PCE Nagpur - Priyadarshini College of Engineering, Nagpur",https://www.careers360.com/colleges/priyadarshini-college-of-engineering-nagpur,Engineering,Nagpur,Private,M.Tech Computer Science and Engineering,2 Years,"Boys Hostel, Girls Hostel"
"PIGCE Nagpur - Priyadarshini Indira Gandhi College of Engineering, Nagpur",https://www.careers360.com/colleges/priyadarshini-indira-gandhi-college-of-engineering-nagpur,Engineering,Nagpur,Private,BE Electrical Engineering,4 Years,"Boys Hostel, Girls Hostel"
"PIGCE Nagpur - Priyadarshini Indira Gandhi College of Engineering, Nagpur",https://www.careers360.com/colleges/priyadarshini-indira-gandhi-college-of-engineering-nagpur,Engineering,Nagpur,Private,BE Artificial Intelligence and Data Science,4 Years,"Boys Hostel, Girls Hostel"
"PIGCE Nagpur - Priyadarshini Indira Gandhi College of Engineering, Nagpur",https://www.careers360.com/colleges/priyadarshini-indira-gandhi-college-of-engineering-nagpur,Engineering,Nagpur,Private,BE Electronics and Communication Engineering,4 Years,"Boys Hostel, Girls Hostel"
"PIGCE Nagpur - Priyadarshini Indira Gandhi College of Engineering, Nagpur",https://www.careers360.com/colleges/priyadarshini-indira-gandhi-college-of-engineering-nagpur,Engineering,Nagpur,Private,BE Computer Science and Engineering,4 Years,"Boys Hostel, Girls Hostel"
"PIGCE Nagpur - Priyadarshini Indira Gandhi College of Engineering, Nagpur",https://www.careers360.com/colleges/priyadarshini-indira-gandhi-college-of-engineering-nagpur,Engineering,Nagpur,Private,BE Civil Engineering,4 Years,"Boys Hostel, Girls Hostel"
"Priyadarshini JL College of Engineering, Nagpur",https://www.careers360.com/colleges/priyadarshini-jl-college-of-engineering-nagpur,Engineering,Nagpur,Private,BE Electronics and Telecommunication Engineering,4 Years,"Boys Hostel, Girls Hostel"
"Priyadarshini JL College of Engineering, Nagpur",https://www.careers360.com/colleges/priyadarshini-jl-college-of-engineering-nagpur,Engineering,Nagpur,Private,BE Electrical Engineering,4 Years,"Boys Hostel, Girls Hostel"
"Priyadarshini JL College of Engineering, Nagpur",https://www.careers360.com/colleges/priyadarshini-jl-college-of-engineering-nagpur,Engineering,Nagpur,Private,BE Artificial Intelligence,4 Years,"Boys Hostel, Girls Hostel"
"Priyadarshini JL College of Engineering, Nagpur",https://www.careers360.com/colleges/priyadarshini-jl-college-of-engineering-nagpur,Engineering,Nagpur,Private,BE Electronics Engineering,4 Years,"Boys Hostel, Girls Hostel"
"Priyadarshini JL College of Engineering, Nagpur",https://www.careers360.com/colleges/priyadarshini-jl-college-of-engineering-nagpur,Engineering,Nagpur,Private,BE Computer Science and Engineering,4 Years,"Boys Hostel, Girls Hostel"
"Priyadarshini JL College of Engineering, Nagpur",https://www.careers360.com/colleges/priyadarshini-jl-college-of-engineering-nagpur,Engineering,Nagpur,Private,BE Civil Engineering,4 Years,"Boys Hostel, Girls Hostel"
"Priyadarshini Polytechnic, Nagpur",https://www.careers360.com/colleges/priyadarshini-polytechnic-nagpur,Engineering,Nagpur,Private,Diploma in Information Technology,3 Years,"Boys Hostel, Girls Hostel"
"Priyadarshini Polytechnic, Nagpur",https://www.careers360.com/colleges/priyadarshini-polytechnic-nagpur,Engineering,Nagpur,Private,Diploma in Mechanical Engineering,3 Years,"Boys Hostel, Girls Hostel"
"Priyadarshini Polytechnic, Nagpur",https://www.careers360.com/colleges/priyadarshini-polytechnic-nagpur,Engineering,Nagpur,Private,Diploma in Electronics and Telecommunication Engineering,3 Years,"Boys Hostel, Girls Hostel"
"Priyadarshini Polytechnic, Nagpur",https://www.careers360.com/colleges/priyadarshini-polytechnic-nagpur,Engineering,Nagpur,Private,Diploma in Electrical Engineering,3 Years,"Boys Hostel, Girls Hostel"
"RGCER Nagpur - Rajiv Gandhi College of Engineering and Research, Nagpur",https://www.careers360.com/colleges/rajiv-gandhi-college-of-engineering-and-research-nagpur,Engineering,Nagpur,Private,BE Computer Science and Engineering,4 Years,"Boys Hostel, Girls Hostel"
"RGCER Nagpur - Rajiv Gandhi College of Engineering and Research, Nagpur",https://www.careers360.com/colleges/rajiv-gandhi-college-of-engineering-and-research-nagpur,Engineering,Nagpur,Private,BE Information Technology,4 Years,"Boys Hostel, Girls Hostel"
"RGCER Nagpur - Rajiv Gandhi College of Engineering and Research, Nagpur",https://www.careers360.com/colleges/rajiv-gandhi-college-of-engineering-and-research-nagpur,Engineering,Nagpur,Private,BE Electrical Engineering,4 Years,"Boys Hostel, Girls Hostel"
"RGCER Nagpur - Rajiv Gandhi College of Engineering and Research, Nagpur",https://www.careers360.com/colleges/rajiv-gandhi-college-of-engineering-and-research-nagpur,Engineering,Nagpur,Private,BE Mechanical Engineering,4 Years,"Boys Hostel, Girls Hostel"
"RGCER Nagpur - Rajiv Gandhi College of Engineering and Research, Nagpur",https://www.careers360.com/colleges/rajiv-gandhi-college-of-engineering-and-research-nagpur,Engineering,Nagpur,Private,BE Civil Engineering,4 Years,"Boys Hostel, Girls Hostel"
"RGCER Nagpur - Rajiv Gandhi College of Engineering and Research, Nagpur",https://www.careers360.com/colleges/rajiv-gandhi-college-of-engineering-and-research-nagpur,Engineering,Nagpur,Private,M.Tech Computer Science and Engineering,2 Years,"Boys Hostel, Girls Hostel"
"RGCER Nagpur - Rajiv Gandhi College of Engineering and Research, Nagpur",https://www.careers360.com/colleges/rajiv-gandhi-college-of-engineering-and-research-nagpur,Engineering,Nagpur,Private,BE Civil Engineering Lateral Entry,3 Years,"Boys Hostel, Girls Hostel"
"RGCER Nagpur - Rajiv Gandhi College of Engineering and Research, Nagpur",https://www.careers360.com/colleges/rajiv-gandhi-college-of-engineering-and-research-nagpur,Engineering,Nagpur,Private,BE Mechanical Engineering Lateral Entry,3 Years,"Boys Hostel, Girls Hostel"
"RGCER Nagpur - Rajiv Gandhi College of Engineering and Research, Nagpur",https://www.careers360.com/colleges/rajiv-gandhi-college-of-engineering-and-research-nagpur,Engineering,Nagpur,Private,BE Information Technology Lateral Entry,3 Years,"Boys Hostel, Girls Hostel"
"RGCER Nagpur - Rajiv Gandhi College of Engineering and Research, Nagpur",https://www.careers360.com/colleges/rajiv-gandhi-college-of-engineering-and-research-nagpur,Engineering,Nagpur,Private,BE Electronics and Telecommunication Engineering Lateral Entry,3 Years,"Boys Hostel, Girls Hostel"
"RGCER Nagpur - Rajiv Gandhi College of Engineering and Research, Nagpur",https://www.careers360.com/colleges/rajiv-gandhi-college-of-engineering-and-research-nagpur,Engineering,Nagpur,Private,BE Computer Science and Engineering Lateral Entry,3 Years,"Boys Hostel, Girls Hostel"
"RGCER Nagpur - Rajiv Gandhi College of Engineering and Research, Nagpur",https://www.careers360.com/colleges/rajiv-gandhi-college-of-engineering-and-research-nagpur,Engineering,Nagpur,Private,BE Electrical Engineering Lateral Entry,3 Years,"Boys Hostel, Girls Hostel"
"RBU Nagpur - Ramdeobaba University, Nagpur",https://www.careers360.com/colleges/ramdeobaba-university-nagpur,Engineering,Nagpur,Private,BE Artificial Intelligence and Machine Learning,4 Years,"Boys Hostel, Girls Hostel"
"RBU Nagpur - Ramdeobaba University, Nagpur",https://www.careers360.com/colleges/ramdeobaba-university-nagpur,Engineering,Nagpur,Private,BE Data Science,4 Years,"Boys Hostel, Girls Hostel"
"RBU Nagpur - Ramdeobaba University, Nagpur",https://www.careers360.com/colleges/ramdeobaba-university-nagpur,Engineering,Nagpur,Private,BE Computer Science and Engineering,4 Years,"Boys Hostel, Girls Hostel"
"RBU Nagpur - Ramdeobaba University, Nagpur",https://www.careers360.com/colleges/ramdeobaba-university-nagpur,Engineering,Nagpur,Private,BE Electronics and Communication Engineering,4 Years,"Boys Hostel, Girls Hostel"
"RBU Nagpur - Ramdeobaba University, Nagpur",https://www.careers360.com/colleges/ramdeobaba-university-nagpur,Engineering,Nagpur,Private,BE Electronics and Computer Science,4 Years,"Boys Hostel, Girls Hostel"
"RBU Nagpur - Ramdeobaba University, Nagpur",https://www.careers360.com/colleges/ramdeobaba-university-nagpur,Engineering,Nagpur,Private,BE Information Technology,4 Years,"Boys Hostel, Girls Hostel"
"RBU Nagpur - Ramdeobaba University, Nagpur",https://www.careers360.com/colleges/ramdeobaba-university-nagpur,Engineering,Nagpur,Private,BE Mechanical Engineering,4 Years,"Boys Hostel, Girls Hostel"
"RBU Nagpur - Ramdeobaba University, Nagpur",https://www.careers360.com/colleges/ramdeobaba-university-nagpur,Engineering,Nagpur,Private,BE Civil Engineering,4 Years,"Boys Hostel, Girls Hostel"
"RBU Nagpur - Ramdeobaba University, Nagpur",https://www.careers360.com/colleges/ramdeobaba-university-nagpur,Engineering,Nagpur,Private,BE Cyber Security,4 Years,"Boys Hostel, Girls Hostel"
"RBU Nagpur - Ramdeobaba University, Nagpur",https://www.careers360.com/colleges/ramdeobaba-university-nagpur,Engineering,Nagpur,Private,BE Electrical Engineering,4 Years,"Boys Hostel, Girls Hostel"
"RBU Nagpur - Ramdeobaba University, Nagpur",https://www.careers360.com/colleges/ramdeobaba-university-nagpur,Engineering,Nagpur,Private,BE Electronics Design Technology,4 Years,"Boys Hostel, Girls Hostel"
"RBU Nagpur - Ramdeobaba University, Nagpur",https://www.careers360.com/colleges/ramdeobaba-university-nagpur,Engineering,Nagpur,Private,BE Biomedical Engineering,4 Years,"Boys Hostel, Girls Hostel"
"RBU Nagpur - Ramdeobaba University, Nagpur",https://www.careers360.com/colleges/ramdeobaba-university-nagpur,Engineering,Nagpur,Private,Ph.D Computer Science and Engineering,6 Years,"Boys Hostel, Girls Hostel"
"RBU Nagpur - Ramdeobaba University, Nagpur",https://www.careers360.com/colleges/ramdeobaba-university-nagpur,Engineering,Nagpur,Private,Ph.D Electronics Engineering,6 Years,"Boys Hostel, Girls Hostel"
"RBU Nagpur - Ramdeobaba University, Nagpur",https://www.careers360.com/colleges/ramdeobaba-university-nagpur,Engineering,Nagpur,Private,Ph.D Mechanical Engineering,6 Years,"Boys Hostel, Girls Hostel"
"RBU Nagpur - Ramdeobaba University, Nagpur",https://www.careers360.com/colleges/ramdeobaba-university-nagpur,Engineering,Nagpur,Private,M.Tech Structural Engineering,2 Years,"Boys Hostel, Girls Hostel"
"RBU Nagpur - Ramdeobaba University, Nagpur",https://www.careers360.com/colleges/ramdeobaba-university-nagpur,Engineering,Nagpur,Private,M.Tech Industrial Engineering,2 Years,"Boys Hostel, Girls Hostel"
"SRPCE Nagpur - Sanmarg Shikshan Sanstha Smt Radhikatai Pandav College of Engineering, Nagpur",https://www.careers360.com/colleges/sanmarg-shikshan-sanstha-smt-radhikatai-pandav-college-of-engineering-nagpur,Engineering,Nagpur,Private,BE Electrical Engineering,4 Years,"Boys Hostel, Girls Hostel"
"SRPCE Nagpur - Sanmarg Shikshan Sanstha Smt Radhikatai Pandav College of Engineering, Nagpur",https://www.careers360.com/colleges/sanmarg-shikshan-sanstha-smt-radhikatai-pandav-college-of-engineering-nagpur,Engineering,Nagpur,Private,BE Computer Science and Engineering,4 Years,"Boys Hostel, Girls Hostel"
"SRPCE Nagpur - Sanmarg Shikshan Sanstha Smt Radhikatai Pandav College of Engineering, Nagpur",https://www.careers360.com/colleges/sanmarg-shikshan-sanstha-smt-radhikatai-pandav-college-of-engineering-nagpur,Engineering,Nagpur,Private,BE Electronics and Telecommunication Engineering,4 Years,"Boys Hostel, Girls Hostel"
"SRPCE Nagpur - Sanmarg Shikshan Sanstha Smt Radhikatai Pandav College of Engineering, Nagpur",https://www.careers360.com/colleges/sanmarg-shikshan-sanstha-smt-radhikatai-pandav-college-of-engineering-nagpur,Engineering,Nagpur,Private,BE Computer Engineering,4 Years,"Boys Hostel, Girls Hostel"
"SRPCE Nagpur - Sanmarg Shikshan Sanstha Smt Radhikatai Pandav College of Engineering, Nagpur",https://www.careers360.com/colleges/sanmarg-shikshan-sanstha-smt-radhikatai-pandav-college-of-engineering-nagpur,Engineering,Nagpur,Private,BE Mechanical Engineering,4 Years,"Boys Hostel, Girls Hostel"
"SRPCE Nagpur - Sanmarg Shikshan Sanstha Smt Radhikatai Pandav College of Engineering, Nagpur",https://www.careers360.com/colleges/sanmarg-shikshan-sanstha-smt-radhikatai-pandav-college-of-engineering-nagpur,Engineering,Nagpur,Private,BE Civil Engineering,4 Years,"Boys Hostel, Girls Hostel"
"Shankarrao Dhawad Polytechnic, Nagpur",https://www.careers360.com/colleges/shankarrao-dhawad-polytechnic-nagpur,Engineering,Nagpur,Private,Diploma in Electrical Engineering,3 Years,
"Shankarrao Dhawad Polytechnic, Nagpur",https://www.careers360.com/colleges/shankarrao-dhawad-polytechnic-nagpur,Engineering,Nagpur,Private,Diploma in Mechanical Engineering,3 Years,
"Shri Mukundrao Pannase Polytechnic, Nagpur",https://www.careers360.com/colleges/shri-mukundrao-pannase-polytechnic-nagpur,Engineering,Nagpur,Private,Diploma in Electronics and Telecommunications Engineering,3 Years,
"Shri Mukundrao Pannase Polytechnic, Nagpur",https://www.careers360.com/colleges/shri-mukundrao-pannase-polytechnic-nagpur,Engineering,Nagpur,Private,Diploma in Mechanical Engineering,3 Years,
"Shri Mukundrao Pannase Polytechnic, Nagpur",https://www.careers360.com/colleges/shri-mukundrao-pannase-polytechnic-nagpur,Engineering,Nagpur,Private,Diploma in Electronic Engineering,3 Years,
"Shri Ramdeobaba Kamla Nehru Engineering College, Nagpur",https://www.careers360.com/colleges/shri-ramdeobaba-kamla-nehru-engineering-college-nagpur,Engineering,Nagpur,Private,B.Tech Computer Science and Engineering,4 Years,"Boys Hostel, Girls Hostel"
"Shri Ramdeobaba Kamla Nehru Engineering College, Nagpur",https://www.careers360.com/colleges/shri-ramdeobaba-kamla-nehru-engineering-college-nagpur,Engineering,Nagpur,Private,B.Tech Artificial Intelligence and Machine Learning,4 Years,"Boys Hostel, Girls Hostel"
"Shri Ramdeobaba Kamla Nehru Engineering College, Nagpur",https://www.careers360.com/colleges/shri-ramdeobaba-kamla-nehru-engineering-college-nagpur,Engineering,Nagpur,Private,B.Tech Data Science,4 Years,"Boys Hostel, Girls Hostel"
"Shri Ramdeobaba Kamla Nehru Engineering College, Nagpur",https://www.careers360.com/colleges/shri-ramdeobaba-kamla-nehru-engineering-college-nagpur,Engineering,Nagpur,Private,B.Tech Electronics and Computer Science,4 Years,"Boys Hostel, Girls Hostel"
"Shri Ramdeobaba Kamla Nehru Engineering College, Nagpur",https://www.careers360.com/colleges/shri-ramdeobaba-kamla-nehru-engineering-college-nagpur,Engineering,Nagpur,Private,B.Tech Electronics and Communication Engineering,4 Years,"Boys Hostel, Girls Hostel"
"Shri Ramdeobaba Kamla Nehru Engineering College, Nagpur",https://www.careers360.com/colleges/shri-ramdeobaba-kamla-nehru-engineering-college-nagpur,Engineering,Nagpur,Private,B.Tech Information Technology,4 Years,"Boys Hostel, Girls Hostel"
"Shri Ramdeobaba Kamla Nehru Engineering College, Nagpur",https://www.careers360.com/colleges/shri-ramdeobaba-kamla-nehru-engineering-college-nagpur,Engineering,Nagpur,Private,B.Tech Civil Engineering,4 Years,"Boys Hostel, Girls Hostel"
"Shri Ramdeobaba Kamla Nehru Engineering College, Nagpur",https://www.careers360.com/colleges/shri-ramdeobaba-kamla-nehru-engineering-college-nagpur,Engineering,Nagpur,Private,B.Tech Mechanical Engineering,4 Years,"Boys Hostel, Girls Hostel"
"Shri Ramdeobaba Kamla Nehru Engineering College, Nagpur",https://www.careers360.com/colleges/shri-ramdeobaba-kamla-nehru-engineering-college-nagpur,Engineering,Nagpur,Private,B.Tech Cyber Security,4 Years,"Boys Hostel, Girls Hostel"
"Shri Ramdeobaba Kamla Nehru Engineering College, Nagpur",https://www.careers360.com/colleges/shri-ramdeobaba-kamla-nehru-engineering-college-nagpur,Engineering,Nagpur,Private,B.Tech Electrical Engineering,4 Years,"Boys Hostel, Girls Hostel"
"Shri Ramdeobaba Kamla Nehru Engineering College, Nagpur",https://www.careers360.com/colleges/shri-ramdeobaba-kamla-nehru-engineering-college-nagpur,Engineering,Nagpur,Private,B.Tech Biomedical Engineering,4 Years,"Boys Hostel, Girls Hostel"
"Shri Ramdeobaba Kamla Nehru Engineering College, Nagpur",https://www.careers360.com/colleges/shri-ramdeobaba-kamla-nehru-engineering-college-nagpur,Engineering,Nagpur,Private,M.Tech Heat Power Engineering,2 Years,"Boys Hostel, Girls Hostel"
"Shri Ramdeobaba Kamla Nehru Engineering College, Nagpur",https://www.careers360.com/colleges/shri-ramdeobaba-kamla-nehru-engineering-college-nagpur,Engineering,Nagpur,Private,M.Tech Structural Engineering,2 Years,"Boys Hostel, Girls Hostel"
"Shri Ramdeobaba Kamla Nehru Engineering College, Nagpur",https://www.careers360.com/colleges/shri-ramdeobaba-kamla-nehru-engineering-college-nagpur,Engineering,Nagpur,Private,M.Tech Computer Science and Engineering,2 Years,"Boys Hostel, Girls Hostel"
"Shri Ramdeobaba Kamla Nehru Engineering College, Nagpur",https://www.careers360.com/colleges/shri-ramdeobaba-kamla-nehru-engineering-college-nagpur,Engineering,Nagpur,Private,M.Tech Industrial Engineering,2 Years,"Boys Hostel, Girls Hostel"
"Shri Ramdeobaba Kamla Nehru Engineering College, Nagpur",https://www.careers360.com/colleges/shri-ramdeobaba-kamla-nehru-engineering-college-nagpur,Engineering,Nagpur,Private,M.Tech Geotechnical Engineering,2 Years 6 Months,"Boys Hostel, Girls Hostel"
"Shri Ramdeobaba Kamla Nehru Engineering College, Nagpur",https://www.careers360.com/colleges/shri-ramdeobaba-kamla-nehru-engineering-college-nagpur,Engineering,Nagpur,Private,M.Tech Robotics and Automation,2 Years,"Boys Hostel, Girls Hostel"
"Shri Ramdeobaba Kamla Nehru Engineering College, Nagpur",https://www.careers360.com/colleges/shri-ramdeobaba-kamla-nehru-engineering-college-nagpur,Engineering,Nagpur,Private,M.Tech Power Electronics and Power System,2 Years,"Boys Hostel, Girls Hostel"
"Shri Sai Taj Polytechnic, Nagpur",https://www.careers360.com/colleges/shri-sai-taj-polytechnic-nagpur,Engineering,Nagpur,Private,Diploma in Electrical Engineering,3 Years,
"Shri Sai Taj Polytechnic, Nagpur",https://www.careers360.com/colleges/shri-sai-taj-polytechnic-nagpur,Engineering,Nagpur,Private,Diploma in Mechanical Engineering,3 Years,
"Shri Sai Taj Polytechnic, Nagpur",https://www.careers360.com/colleges/shri-sai-taj-polytechnic-nagpur,Engineering,Nagpur,Private,Diploma in Electronics and Telecommunication Engineering,3 Years,
"Shri Sai Taj Polytechnic, Nagpur",https://www.careers360.com/colleges/shri-sai-taj-polytechnic-nagpur,Engineering,Nagpur,Private,Diploma in Civil Engineering,3 Years,
"Shri Shivaji Education Society Amravati's Science College, Nagpur",https://www.careers360.com/colleges/shri-shivaji-education-society-amravatis-science-college-nagpur,Engineering,Nagpur,Private,B.Sc Electronics  Hons,3 Years,Girls Hostel
"Shri Shivaji Education Society Amravati's Science College, Nagpur",https://www.careers360.com/colleges/shri-shivaji-education-society-amravatis-science-college-nagpur,Engineering,Nagpur,Private,"B.Sc-Physics, Computer Science and Mathematics",3 Years,Girls Hostel
"Shri Shivaji Education Society Amravati's Science College, Nagpur",https://www.careers360.com/colleges/shri-shivaji-education-society-amravatis-science-college-nagpur,Engineering,Nagpur,Private,"B.Sc-Physics, Electronics and Mathematics",3 Years,Girls Hostel
"Smt Bhagwati Chaturvedi College of Engineering, Nagpur",https://www.careers360.com/colleges/smt-bhagwati-chaturvedi-college-of-engineering-nagpur,Engineering,Nagpur,Private,BE Mechanical Engineering,4 Years,
"Smt Bhagwati Chaturvedi College of Engineering, Nagpur",https://www.careers360.com/colleges/smt-bhagwati-chaturvedi-college-of-engineering-nagpur,Engineering,Nagpur,Private,BE Electronics and Communication Engineering,4 Years,
"Smt Bhagwati Chaturvedi College of Engineering, Nagpur",https://www.careers360.com/colleges/smt-bhagwati-chaturvedi-college-of-engineering-nagpur,Engineering,Nagpur,Private,B.Tech Information Technology,4 Years,
"Smt Bhagwati Chaturvedi College of Engineering, Nagpur",https://www.careers360.com/colleges/smt-bhagwati-chaturvedi-college-of-engineering-nagpur,Engineering,Nagpur,Private,BE Electronics Engineering,4 Years,
"Smt Bhagwati Chaturvedi College of Engineering, Nagpur",https://www.careers360.com/colleges/smt-bhagwati-chaturvedi-college-of-engineering-nagpur,Engineering,Nagpur,Private,BE Computer Science Engineering,4 Years,
"Smt Bhagwati Chaturvedi College of Engineering, Nagpur",https://www.careers360.com/colleges/smt-bhagwati-chaturvedi-college-of-engineering-nagpur,Engineering,Nagpur,Private,BE Civil Engineering,4 Years,
"Smt Bhagwati Chaturvedi College of Engineering, Nagpur",https://www.careers360.com/colleges/smt-bhagwati-chaturvedi-college-of-engineering-nagpur,Engineering,Nagpur,Private,ME Electronics and Communication Engineering,2 Years,
"Smt Bhagwati Chaturvedi College of Engineering, Nagpur",https://www.careers360.com/colleges/smt-bhagwati-chaturvedi-college-of-engineering-nagpur,Engineering,Nagpur,Private,ME Computer Science Engineering,2 Years,
"Smt Radhikatai Pandav Polytechnic, Nagpur",https://www.careers360.com/colleges/smt-radhikatai-pandav-polytechnic-nagpur,Engineering,Nagpur,Private,Diploma in Electrical Engineering,3 Years,"Boys Hostel, Girls Hostel"
"Smt Radhikatai Pandav Polytechnic, Nagpur",https://www.careers360.com/colleges/smt-radhikatai-pandav-polytechnic-nagpur,Engineering,Nagpur,Private,Diploma in Computer Engineering,3 Years,"Boys Hostel, Girls Hostel"
"Smt Radhikatai Pandav Polytechnic, Nagpur",https://www.careers360.com/colleges/smt-radhikatai-pandav-polytechnic-nagpur,Engineering,Nagpur,Private,Diploma in Mechanical Engineering,3 Years,"Boys Hostel, Girls Hostel"
"Smt Radhikatai Pandav Polytechnic, Nagpur",https://www.careers360.com/colleges/smt-radhikatai-pandav-polytechnic-nagpur,Engineering,Nagpur,Private,Diploma in Electronics and Telecommunication Engineering,3 Years,"Boys Hostel, Girls Hostel"
"Smt Radhikatai Pandav Polytechnic, Nagpur",https://www.careers360.com/colleges/smt-radhikatai-pandav-polytechnic-nagpur,Engineering,Nagpur,Private,Diploma in Civil Engineering,3 Years,"Boys Hostel, Girls Hostel"
"Smt Rajshree Mulak College of Engineering for Women, Nagpur",https://www.careers360.com/colleges/smt-rajshree-mulak-college-of-engineering-for-women-nagpur,Engineering,Nagpur,Private,BE Electronics and Telecommunication Engineering,4 Years,Girls Hostel
"Smt Rajshree Mulak College of Engineering for Women, Nagpur",https://www.careers360.com/colleges/smt-rajshree-mulak-college-of-engineering-for-women-nagpur,Engineering,Nagpur,Private,BE Electrical Engineering,4 Years,Girls Hostel
"Smt Rajshree Mulak College of Engineering for Women, Nagpur",https://www.careers360.com/colleges/smt-rajshree-mulak-college-of-engineering-for-women-nagpur,Engineering,Nagpur,Private,BE Computer Science and Engineering,4 Years,Girls Hostel
"Smt Rajshree Mulak College of Engineering for Women, Nagpur",https://www.careers360.com/colleges/smt-rajshree-mulak-college-of-engineering-for-women-nagpur,Engineering,Nagpur,Private,BE Information Technology,4 Years,Girls Hostel
"St Vincent Pallotti College of Engineering and Technology, Nagpur",https://www.careers360.com/colleges/st-vincent-pallotti-college-of-engineering-and-technology-nagpur,Engineering,Nagpur,Private,BE Computer Engineering,4 Years,"Boys Hostel, Girls Hostel"
"St Vincent Pallotti College of Engineering and Technology, Nagpur",https://www.careers360.com/colleges/st-vincent-pallotti-college-of-engineering-and-technology-nagpur,Engineering,Nagpur,Private,BE Data Science,4 Years,"Boys Hostel, Girls Hostel"
"St Vincent Pallotti College of Engineering and Technology, Nagpur",https://www.careers360.com/colleges/st-vincent-pallotti-college-of-engineering-and-technology-nagpur,Engineering,Nagpur,Private,BE Civil Engineering,4 Years,"Boys Hostel, Girls Hostel"
"St Vincent Pallotti College of Engineering and Technology, Nagpur",https://www.careers360.com/colleges/st-vincent-pallotti-college-of-engineering-and-technology-nagpur,Engineering,Nagpur,Private,BE Artificial Intelligence,4 Years,"Boys Hostel, Girls Hostel"
"St Vincent Pallotti College of Engineering and Technology, Nagpur",https://www.careers360.com/colleges/st-vincent-pallotti-college-of-engineering-and-technology-nagpur,Engineering,Nagpur,Private,BE Electronics and Telecommunications Engineering,4 Years,"Boys Hostel, Girls Hostel"
"St Vincent Pallotti College of Engineering and Technology, Nagpur",https://www.careers360.com/colleges/st-vincent-pallotti-college-of-engineering-and-technology-nagpur,Engineering,Nagpur,Private,BE Information Technology,4 Years,"Boys Hostel, Girls Hostel"
"St Vincent Pallotti College of Engineering and Technology, Nagpur",https://www.careers360.com/colleges/st-vincent-pallotti-college-of-engineering-and-technology-nagpur,Engineering,Nagpur,Private,BE Mechanical Engineering,4 Years,"Boys Hostel, Girls Hostel"
"St Vincent Pallotti College of Engineering and Technology, Nagpur",https://www.careers360.com/colleges/st-vincent-pallotti-college-of-engineering-and-technology-nagpur,Engineering,Nagpur,Private,BE Cyber Security,4 Years,"Boys Hostel, Girls Hostel"
"St Vincent Pallotti College of Engineering and Technology, Nagpur",https://www.careers360.com/colleges/st-vincent-pallotti-college-of-engineering-and-technology-nagpur,Engineering,Nagpur,Private,BE Industrial Internet of Things,4 Years,"Boys Hostel, Girls Hostel"
"St Vincent Pallotti College of Engineering and Technology, Nagpur",https://www.careers360.com/colleges/st-vincent-pallotti-college-of-engineering-and-technology-nagpur,Engineering,Nagpur,Private,BE Computer Science and Business Systems,4 Years,"Boys Hostel, Girls Hostel"
"St Vincent Pallotti College of Engineering and Technology, Nagpur",https://www.careers360.com/colleges/st-vincent-pallotti-college-of-engineering-and-technology-nagpur,Engineering,Nagpur,Private,M.Tech Computer Science and Engineering,2 Years,"Boys Hostel, Girls Hostel"
"St Vincent Pallotti College of Engineering and Technology, Nagpur",https://www.careers360.com/colleges/st-vincent-pallotti-college-of-engineering-and-technology-nagpur,Engineering,Nagpur,Private,M.Tech CAD CAM,2 Years,"Boys Hostel, Girls Hostel"
"St Vincent Pallotti College of Engineering and Technology, Nagpur",https://www.careers360.com/colleges/st-vincent-pallotti-college-of-engineering-and-technology-nagpur,Engineering,Nagpur,Private,BE Cyber Security Lateral Entry,3 Years,"Boys Hostel, Girls Hostel"
"St Vincent Pallotti College of Engineering and Technology, Nagpur",https://www.careers360.com/colleges/st-vincent-pallotti-college-of-engineering-and-technology-nagpur,Engineering,Nagpur,Private,BE Mechanical Engineering Lateral Entry,3 Years,"Boys Hostel, Girls Hostel"
"St Vincent Pallotti College of Engineering and Technology, Nagpur",https://www.careers360.com/colleges/st-vincent-pallotti-college-of-engineering-and-technology-nagpur,Engineering,Nagpur,Private,BE Data Science Lateral Entry,3 Years,"Boys Hostel, Girls Hostel"
"St Vincent Pallotti College of Engineering and Technology, Nagpur",https://www.careers360.com/colleges/st-vincent-pallotti-college-of-engineering-and-technology-nagpur,Engineering,Nagpur,Private,BE Electrical Engineering Lateral Entry,3 Years,"Boys Hostel, Girls Hostel"
"St Vincent Pallotti College of Engineering and Technology, Nagpur",https://www.careers360.com/colleges/st-vincent-pallotti-college-of-engineering-and-technology-nagpur,Engineering,Nagpur,Private,BE Information Technology Lateral Entry,3 Years,"Boys Hostel, Girls Hostel"
"St Vincent Pallotti College of Engineering and Technology, Nagpur",https://www.careers360.com/colleges/st-vincent-pallotti-college-of-engineering-and-technology-nagpur,Engineering,Nagpur,Private,Ph.D Mechanical Engineering,6 Years,"Boys Hostel, Girls Hostel"
"St Vincent Pallotti College of Engineering and Technology, Nagpur",https://www.careers360.com/colleges/st-vincent-pallotti-college-of-engineering-and-technology-nagpur,Engineering,Nagpur,Private,BE Electrical Engineering,4 Years,"Boys Hostel, Girls Hostel"
"Suryodaya College of Engineering and Technology, Nagpur",https://www.careers360.com/colleges/suryodaya-college-of-engineering-and-technology-nagpur,Engineering,Nagpur,Private,BE Computer Engineering,4 Years,
"Suryodaya College of Engineering and Technology, Nagpur",https://www.careers360.com/colleges/suryodaya-college-of-engineering-and-technology-nagpur,Engineering,Nagpur,Private,BE Industrial Internet of Things,4 Years,
"Suryodaya College of Engineering and Technology, Nagpur",https://www.careers360.com/colleges/suryodaya-college-of-engineering-and-technology-nagpur,Engineering,Nagpur,Private,BE Electronics and Telecommunications Engineering,4 Years,
"Suryodaya College of Engineering and Technology, Nagpur",https://www.careers360.com/colleges/suryodaya-college-of-engineering-and-technology-nagpur,Engineering,Nagpur,Private,Diploma in Mechanical Engineering,3 Years,
"Suryodaya College of Engineering and Technology, Nagpur",https://www.careers360.com/colleges/suryodaya-college-of-engineering-and-technology-nagpur,Engineering,Nagpur,Private,BE Data Science,4 Years,
"Suryodaya College of Engineering and Technology, Nagpur",https://www.careers360.com/colleges/suryodaya-college-of-engineering-and-technology-nagpur,Engineering,Nagpur,Private,BE Mechanical Engineering,4 Years,
"Suryodaya College of Engineering and Technology, Nagpur",https://www.careers360.com/colleges/suryodaya-college-of-engineering-and-technology-nagpur,Engineering,Nagpur,Private,Diploma in Civil Engineering,3 Years,
"Suryodaya College of Engineering and Technology, Nagpur",https://www.careers360.com/colleges/suryodaya-college-of-engineering-and-technology-nagpur,Engineering,Nagpur,Private,BE Electrical Engineering,4 Years,
"Suryodaya College of Engineering and Technology, Nagpur",https://www.careers360.com/colleges/suryodaya-college-of-engineering-and-technology-nagpur,Engineering,Nagpur,Private,BE Civil Engineering,4 Years,
"Swaminarayan Siddhanta Institute of Technology, Nagpur",https://www.careers360.com/colleges/swaminarayan-siddhanta-institute-of-technology-nagpur,Engineering,Nagpur,Private,B.Tech Computer Engineering,4 Years,"Boys Hostel, Girls Hostel"
"Swaminarayan Siddhanta Institute of Technology, Nagpur",https://www.careers360.com/colleges/swaminarayan-siddhanta-institute-of-technology-nagpur,Engineering,Nagpur,Private,Diploma in Civil Engineering,3 Years,"Boys Hostel, Girls Hostel"
"Swaminarayan Siddhanta Institute of Technology, Nagpur",https://www.careers360.com/colleges/swaminarayan-siddhanta-institute-of-technology-nagpur,Engineering,Nagpur,Private,B.Tech Civil Engineering,4 Years,"Boys Hostel, Girls Hostel"
"Swaminarayan Siddhanta Institute of Technology, Nagpur",https://www.careers360.com/colleges/swaminarayan-siddhanta-institute-of-technology-nagpur,Engineering,Nagpur,Private,Diploma in Electronics and Telecommunications Engineering,3 Years,"Boys Hostel, Girls Hostel"
"Swaminarayan Siddhanta Institute of Technology, Nagpur",https://www.careers360.com/colleges/swaminarayan-siddhanta-institute-of-technology-nagpur,Engineering,Nagpur,Private,Diploma in Mechanical Engineering,3 Years,"Boys Hostel, Girls Hostel"
"Swaminarayan Siddhanta Institute of Technology, Nagpur",https://www.careers360.com/colleges/swaminarayan-siddhanta-institute-of-technology-nagpur,Engineering,Nagpur,Private,B.Tech Mechanical Engineering,4 Years,"Boys Hostel, Girls Hostel"
"Swaminarayan Siddhanta Institute of Technology, Nagpur",https://www.careers360.com/colleges/swaminarayan-siddhanta-institute-of-technology-nagpur,Engineering,Nagpur,Private,B.Tech Electronics Telecommunication Engineering,4 Years,"Boys Hostel, Girls Hostel"
"Swaminarayan Siddhanta Institute of Technology, Nagpur",https://www.careers360.com/colleges/swaminarayan-siddhanta-institute-of-technology-nagpur,Engineering,Nagpur,Private,M.Tech Environmental Engineering,2 Years,"Boys Hostel, Girls Hostel"
"Swaminarayan Siddhanta Institute of Technology, Nagpur",https://www.careers360.com/colleges/swaminarayan-siddhanta-institute-of-technology-nagpur,Engineering,Nagpur,Private,M.Tech Computer Science and Engineering,2 Years,"Boys Hostel, Girls Hostel"
"Swaminarayan Siddhanta Institute of Technology, Nagpur",https://www.careers360.com/colleges/swaminarayan-siddhanta-institute-of-technology-nagpur,Engineering,Nagpur,Private,M.Tech Electronics and Communication Engineering,2 Years,"Boys Hostel, Girls Hostel"
"Symbiosis Institute of Technology, Nagpur",https://www.careers360.com/colleges/symbiosis-institute-of-technology-nagpur,Engineering,Nagpur,Private,B.Tech Computer Science and Engineering,4 Years,"Boys Hostel, Girls Hostel"
"Symbiosis Institute of Technology, Nagpur",https://www.careers360.com/colleges/symbiosis-institute-of-technology-nagpur,Engineering,Nagpur,Private,Ph.D Computer Science and Engineering,6 Years,"Boys Hostel, Girls Hostel"
"TGPCET Nagpur - Tulsiramji Gaikwad Patil College of Engineering and Technology, Nagpur",https://www.careers360.com/colleges/tulsiramji-gaikwad-patil-college-of-engineering-and-technology-nagpur,Engineering,Nagpur,Private,B.Tech Computer Science and Engineering,4 Years,"Boys Hostel, Girls Hostel"
"TGPCET Nagpur - Tulsiramji Gaikwad Patil College of Engineering and Technology, Nagpur",https://www.careers360.com/colleges/tulsiramji-gaikwad-patil-college-of-engineering-and-technology-nagpur,Engineering,Nagpur,Private,B.Tech Electrical Engineering,4 Years,"Boys Hostel, Girls Hostel"
"TGPCET Nagpur - Tulsiramji Gaikwad Patil College of Engineering and Technology, Nagpur",https://www.careers360.com/colleges/tulsiramji-gaikwad-patil-college-of-engineering-and-technology-nagpur,Engineering,Nagpur,Private,Diploma in Computer Science and Engineering,3 Years,"Boys Hostel, Girls Hostel"
"TGPCET Nagpur - Tulsiramji Gaikwad Patil College of Engineering and Technology, Nagpur",https://www.careers360.com/colleges/tulsiramji-gaikwad-patil-college-of-engineering-and-technology-nagpur,Engineering,Nagpur,Private,B.Tech Electronics and Communication Engineering,4 Years,"Boys Hostel, Girls Hostel"
"TGPCET Nagpur - Tulsiramji Gaikwad Patil College of Engineering and Technology, Nagpur",https://www.careers360.com/colleges/tulsiramji-gaikwad-patil-college-of-engineering-and-technology-nagpur,Engineering,Nagpur,Private,B.Tech Information Technology,4 Years,"Boys Hostel, Girls Hostel"
"TGPCET Nagpur - Tulsiramji Gaikwad Patil College of Engineering and Technology, Nagpur",https://www.careers360.com/colleges/tulsiramji-gaikwad-patil-college-of-engineering-and-technology-nagpur,Engineering,Nagpur,Private,B.Tech Computer Science and Engineering Data Science,4 Years,"Boys Hostel, Girls Hostel"
"TGPCET Nagpur - Tulsiramji Gaikwad Patil College of Engineering and Technology, Nagpur",https://www.careers360.com/colleges/tulsiramji-gaikwad-patil-college-of-engineering-and-technology-nagpur,Engineering,Nagpur,Private,B.Tech Artificial Intelligence and Machine Learning,4 Years,"Boys Hostel, Girls Hostel"
"TGPCET Nagpur - Tulsiramji Gaikwad Patil College of Engineering and Technology, Nagpur",https://www.careers360.com/colleges/tulsiramji-gaikwad-patil-college-of-engineering-and-technology-nagpur,Engineering,Nagpur,Private,Diploma in Mechanical Engineering,3 Years,"Boys Hostel, Girls Hostel"
"TGPCET Nagpur - Tulsiramji Gaikwad Patil College of Engineering and Technology, Nagpur",https://www.careers360.com/colleges/tulsiramji-gaikwad-patil-college-of-engineering-and-technology-nagpur,Engineering,Nagpur,Private,B.Tech Mechanical Engineering,4 Years,"Boys Hostel, Girls Hostel"
"TGPCET Nagpur - Tulsiramji Gaikwad Patil College of Engineering and Technology, Nagpur",https://www.careers360.com/colleges/tulsiramji-gaikwad-patil-college-of-engineering-and-technology-nagpur,Engineering,Nagpur,Private,Diploma in Information Technology,3 Years,"Boys Hostel, Girls Hostel"
"TGPCET Nagpur - Tulsiramji Gaikwad Patil College of Engineering and Technology, Nagpur",https://www.careers360.com/colleges/tulsiramji-gaikwad-patil-college-of-engineering-and-technology-nagpur,Engineering,Nagpur,Private,Diploma in Electrical Engineering,3 Years,"Boys Hostel, Girls Hostel"
"TGPCET Nagpur - Tulsiramji Gaikwad Patil College of Engineering and Technology, Nagpur",https://www.careers360.com/colleges/tulsiramji-gaikwad-patil-college-of-engineering-and-technology-nagpur,Engineering,Nagpur,Private,B.Tech Biotechnology,4 Years,"Boys Hostel, Girls Hostel"
"TGPCET Nagpur - Tulsiramji Gaikwad Patil College of Engineering and Technology, Nagpur",https://www.careers360.com/colleges/tulsiramji-gaikwad-patil-college-of-engineering-and-technology-nagpur,Engineering,Nagpur,Private,Diploma in Civil Engineering,3 Years,"Boys Hostel, Girls Hostel"
"TGPCET Nagpur - Tulsiramji Gaikwad Patil College of Engineering and Technology, Nagpur",https://www.careers360.com/colleges/tulsiramji-gaikwad-patil-college-of-engineering-and-technology-nagpur,Engineering,Nagpur,Private,B.Tech Civil Engineering,4 Years,"Boys Hostel, Girls Hostel"
"TGPCET Nagpur - Tulsiramji Gaikwad Patil College of Engineering and Technology, Nagpur",https://www.careers360.com/colleges/tulsiramji-gaikwad-patil-college-of-engineering-and-technology-nagpur,Engineering,Nagpur,Private,B.Tech Aeronautical Engineering,4 Years,"Boys Hostel, Girls Hostel"
"TGPCET Nagpur - Tulsiramji Gaikwad Patil College of Engineering and Technology, Nagpur",https://www.careers360.com/colleges/tulsiramji-gaikwad-patil-college-of-engineering-and-technology-nagpur,Engineering,Nagpur,Private,M.Tech Integrated Power Systems,2 Years,"Boys Hostel, Girls Hostel"
"TGPCET Nagpur - Tulsiramji Gaikwad Patil College of Engineering and Technology, Nagpur",https://www.careers360.com/colleges/tulsiramji-gaikwad-patil-college-of-engineering-and-technology-nagpur,Engineering,Nagpur,Private,M.Tech Structural Engineering,2 Years,"Boys Hostel, Girls Hostel"
"TGPCET Nagpur - Tulsiramji Gaikwad Patil College of Engineering and Technology, Nagpur",https://www.careers360.com/colleges/tulsiramji-gaikwad-patil-college-of-engineering-and-technology-nagpur,Engineering,Nagpur,Private,Diploma in Electronics and Communication Engineering,3 Years,"Boys Hostel, Girls Hostel"
"Vidarbha Institute of Technology, Nagpur",https://www.careers360.com/colleges/vidarbha-institute-of-technology-nagpur,Engineering,Nagpur,Private,Diploma in Mechanical Engineering,3 Years,"Boys Hostel, Girls Hostel"
"Vidarbha Institute of Technology, Nagpur",https://www.careers360.com/colleges/vidarbha-institute-of-technology-nagpur,Engineering,Nagpur,Private,BE Mechanical Engineering,4 Years,"Boys Hostel, Girls Hostel"
"Vidarbha Institute of Technology, Nagpur",https://www.careers360.com/colleges/vidarbha-institute-of-technology-nagpur,Engineering,Nagpur,Private,Diploma in Electrical Engineering,3 Years,"Boys Hostel, Girls Hostel"
"Vidarbha Institute of Technology, Nagpur",https://www.careers360.com/colleges/vidarbha-institute-of-technology-nagpur,Engineering,Nagpur,Private,BE Computer Science and Engineering,4 Years,"Boys Hostel, Girls Hostel"
"Vidarbha Institute of Technology, Nagpur",https://www.careers360.com/colleges/vidarbha-institute-of-technology-nagpur,Engineering,Nagpur,Private,BE Electronics and Communication Engineering,4 Years,"Boys Hostel, Girls Hostel"
"Vidarbha Institute of Technology, Nagpur",https://www.careers360.com/colleges/vidarbha-institute-of-technology-nagpur,Engineering,Nagpur,Private,BE Data Science,4 Years,"Boys Hostel, Girls Hostel"
"Vidarbha Institute of Technology, Nagpur",https://www.careers360.com/colleges/vidarbha-institute-of-technology-nagpur,Engineering,Nagpur,Private,BE Artificial Intelligence and Machine Learning,4 Years,"Boys Hostel, Girls Hostel"
"Vidarbha Institute of Technology, Nagpur",https://www.careers360.com/colleges/vidarbha-institute-of-technology-nagpur,Engineering,Nagpur,Private,BE Electrical Engineering,4 Years,"Boys Hostel, Girls Hostel"
"Vidarbha Institute of Technology, Nagpur",https://www.careers360.com/colleges/vidarbha-institute-of-technology-nagpur,Engineering,Nagpur,Private,M.Tech Power Electronics and Power Systems,2 Years,"Boys Hostel, Girls Hostel"
"Vidarbha Institute of Technology, Nagpur",https://www.careers360.com/colleges/vidarbha-institute-of-technology-nagpur,Engineering,Nagpur,Private,M.Tech Computer Science and Engineering,2 Years,"Boys Hostel, Girls Hostel"
"Vidarbha Institute of Technology, Nagpur",https://www.careers360.com/colleges/vidarbha-institute-of-technology-nagpur,Engineering,Nagpur,Private,M.Tech Electronics and Communication Engineering,2 Years,"Boys Hostel, Girls Hostel"
"Vidarbha Institute of Technology, Nagpur",https://www.careers360.com/colleges/vidarbha-institute-of-technology-nagpur,Engineering,Nagpur,Private,M.Tech Mechanical CAD CAM,2 Years,"Boys Hostel, Girls Hostel"
"Vilasrao Deshmukh College of Engineering and Technology, Nagpur",https://www.careers360.com/colleges/vilasrao-deshmukh-college-of-engineering-and-technology-nagpur,Engineering,Nagpur,Private,B.Tech Computer Engineering,4 Years,"Boys Hostel, Girls Hostel"
"Vilasrao Deshmukh College of Engineering and Technology, Nagpur",https://www.careers360.com/colleges/vilasrao-deshmukh-college-of-engineering-and-technology-nagpur,Engineering,Nagpur,Private,B.Tech Civil Engineering,4 Years,"Boys Hostel, Girls Hostel"
"Vilasrao Deshmukh College of Engineering and Technology, Nagpur",https://www.careers360.com/colleges/vilasrao-deshmukh-college-of-engineering-and-technology-nagpur,Engineering,Nagpur,Private,B.Tech Mechanical Engineering,4 Years,"Boys Hostel, Girls Hostel"
"Vilasrao Deshmukh College of Engineering and Technology, Nagpur",https://www.careers360.com/colleges/vilasrao-deshmukh-college-of-engineering-and-technology-nagpur,Engineering,Nagpur,Private,B.Tech Artificial Intelligence and Data Science,4 Years,"Boys Hostel, Girls Hostel"
VNIT Nagpur - Visvesvaraya National Institute of Technology Nagpur,https://www.careers360.com/university/visvesvaraya-national-institute-of-technology-nagpur,Engineering,Nagpur,Government,B.Tech Electronics and Communication Engineering,4 Years,"Boys Hostel, Girls Hostel"
VNIT Nagpur - Visvesvaraya National Institute of Technology Nagpur,https://www.careers360.com/university/visvesvaraya-national-institute-of-technology-nagpur,Engineering,Nagpur,Government,B.Tech Electrical and Electronics Engineering,4 Years,"Boys Hostel, Girls Hostel"
VNIT Nagpur - Visvesvaraya National Institute of Technology Nagpur,https://www.careers360.com/university/visvesvaraya-national-institute-of-technology-nagpur,Engineering,Nagpur,Government,B.Tech Civil Engineering,4 Years,"Boys Hostel, Girls Hostel"
VNIT Nagpur - Visvesvaraya National Institute of Technology Nagpur,https://www.careers360.com/university/visvesvaraya-national-institute-of-technology-nagpur,Engineering,Nagpur,Government,B.Tech Metallurgical and Materials Engineering,4 Years,"Boys Hostel, Girls Hostel"
VNIT Nagpur - Visvesvaraya National Institute of Technology Nagpur,https://www.careers360.com/university/visvesvaraya-national-institute-of-technology-nagpur,Engineering,Nagpur,Government,B.Tech Computer Science and Engineering,4 Years,"Boys Hostel, Girls Hostel"
VNIT Nagpur - Visvesvaraya National Institute of Technology Nagpur,https://www.careers360.com/university/visvesvaraya-national-institute-of-technology-nagpur,Engineering,Nagpur,Government,B.Tech Mechanical Engineering,4 Years,"Boys Hostel, Girls Hostel"
VNIT Nagpur - Visvesvaraya National Institute of Technology Nagpur,https://www.careers360.com/university/visvesvaraya-national-institute-of-technology-nagpur,Engineering,Nagpur,Government,B.Tech Chemical Engineering,4 Years,"Boys Hostel, Girls Hostel"
VNIT Nagpur - Visvesvaraya National Institute of Technology Nagpur,https://www.careers360.com/university/visvesvaraya-national-institute-of-technology-nagpur,Engineering,Nagpur,Government,B.Tech Mining Engineering,4 Years,"Boys Hostel, Girls Hostel"
VNIT Nagpur - Visvesvaraya National Institute of Technology Nagpur,https://www.careers360.com/university/visvesvaraya-national-institute-of-technology-nagpur,Engineering,Nagpur,Government,M.Tech Structural Dynamics and Earthquake Engineering,2 Years,"Boys Hostel, Girls Hostel"
VNIT Nagpur - Visvesvaraya National Institute of Technology Nagpur,https://www.careers360.com/university/visvesvaraya-national-institute-of-technology-nagpur,Engineering,Nagpur,Government,M.Tech Structural Engineering,2 Years,"Boys Hostel, Girls Hostel"
VNIT Nagpur - Visvesvaraya National Institute of Technology Nagpur,https://www.careers360.com/university/visvesvaraya-national-institute-of-technology-nagpur,Engineering,Nagpur,Government,M.Tech VLSI Design,2 Years,"Boys Hostel, Girls Hostel"
VNIT Nagpur - Visvesvaraya National Institute of Technology Nagpur,https://www.careers360.com/university/visvesvaraya-national-institute-of-technology-nagpur,Engineering,Nagpur,Government,M.Tech Power Electronics and Drives,2 Years,"Boys Hostel, Girls Hostel"
VNIT Nagpur - Visvesvaraya National Institute of Technology Nagpur,https://www.careers360.com/university/visvesvaraya-national-institute-of-technology-nagpur,Engineering,Nagpur,Government,M.Tech Computer Science Engineering,2 Years,"Boys Hostel, Girls Hostel"
VNIT Nagpur - Visvesvaraya National Institute of Technology Nagpur,https://www.careers360.com/university/visvesvaraya-national-institute-of-technology-nagpur,Engineering,Nagpur,Government,M.Tech Excavation Engineering,2 Years,"Boys Hostel, Girls Hostel"
VNIT Nagpur - Visvesvaraya National Institute of Technology Nagpur,https://www.careers360.com/university/visvesvaraya-national-institute-of-technology-nagpur,Engineering,Nagpur,Government,M.Tech Integrated Power System,2 Years,"Boys Hostel, Girls Hostel"
VNIT Nagpur - Visvesvaraya National Institute of Technology Nagpur,https://www.careers360.com/university/visvesvaraya-national-institute-of-technology-nagpur,Engineering,Nagpur,Government,M.Tech Urban Planning,2 Years,"Boys Hostel, Girls Hostel"
"YCCE Nagpur - Yeshwantrao Chavan College of Engineering, Nagpur",https://www.careers360.com/colleges/yeshwantrao-chavan-college-of-engineering-nagpur,Engineering,Nagpur,Private,B.Tech Computer Science and Engineering,4 Years,"Boys Hostel, Girls Hostel"
"YCCE Nagpur - Yeshwantrao Chavan College of Engineering, Nagpur",https://www.careers360.com/colleges/yeshwantrao-chavan-college-of-engineering-nagpur,Engineering,Nagpur,Private,B.Tech Information Technology,4 Years,"Boys Hostel, Girls Hostel"
"YCCE Nagpur - Yeshwantrao Chavan College of Engineering, Nagpur",https://www.careers360.com/colleges/yeshwantrao-chavan-college-of-engineering-nagpur,Engineering,Nagpur,Private,B.Tech Electrical Engineering,4 Years,"Boys Hostel, Girls Hostel"
"YCCE Nagpur - Yeshwantrao Chavan College of Engineering, Nagpur",https://www.careers360.com/colleges/yeshwantrao-chavan-college-of-engineering-nagpur,Engineering,Nagpur,Private,B.Tech Electronics and Telecommunication Engineering,4 Years,"Boys Hostel, Girls Hostel"
"YCCE Nagpur - Yeshwantrao Chavan College of Engineering, Nagpur",https://www.careers360.com/colleges/yeshwantrao-chavan-college-of-engineering-nagpur,Engineering,Nagpur,Private,B.Tech Artificial Intelligence and Data Science,4 Years,"Boys Hostel, Girls Hostel"
"YCCE Nagpur - Yeshwantrao Chavan College of Engineering, Nagpur",https://www.careers360.com/colleges/yeshwantrao-chavan-college-of-engineering-nagpur,Engineering,Nagpur,Private,B.Tech Mechanical Engineering,4 Years,"Boys Hostel, Girls Hostel"
"YCCE Nagpur - Yeshwantrao Chavan College of Engineering, Nagpur",https://www.careers360.com/colleges/yeshwantrao-chavan-college-of-engineering-nagpur,Engineering,Nagpur,Private,B.Tech Electronics Engineering,4 Years,"Boys Hostel, Girls Hostel"
"YCCE Nagpur - Yeshwantrao Chavan College of Engineering, Nagpur",https://www.careers360.com/colleges/yeshwantrao-chavan-college-of-engineering-nagpur,Engineering,Nagpur,Private,B.Tech Computer Technology,4 Years,"Boys Hostel, Girls Hostel"
"YCCE Nagpur - Yeshwantrao Chavan College of Engineering, Nagpur",https://www.careers360.com/colleges/yeshwantrao-chavan-college-of-engineering-nagpur,Engineering,Nagpur,Private,B.Tech Civil Engineering,4 Years,"Boys Hostel, Girls Hostel"
"YCCE Nagpur - Yeshwantrao Chavan College of Engineering, Nagpur",https://www.careers360.com/colleges/yeshwantrao-chavan-college-of-engineering-nagpur,Engineering,Nagpur,Private,B.Tech VLSI Design and Technology,4 Years,"Boys Hostel, Girls Hostel"
"YCCE Nagpur - Yeshwantrao Chavan College of Engineering, Nagpur",https://www.careers360.com/colleges/yeshwantrao-chavan-college-of-engineering-nagpur,Engineering,Nagpur,Private,B.Tech Computer Science and Engineering Internet of Things,4 Years,"Boys Hostel, Girls Hostel"
"YCCE Nagpur - Yeshwantrao Chavan College of Engineering, Nagpur",https://www.careers360.com/colleges/yeshwantrao-chavan-college-of-engineering-nagpur,Engineering,Nagpur,Private,B.Tech Computer Science and Design,4 Years,"Boys Hostel, Girls Hostel"
"YCCE Nagpur - Yeshwantrao Chavan College of Engineering, Nagpur",https://www.careers360.com/colleges/yeshwantrao-chavan-college-of-engineering-nagpur,Engineering,Nagpur,Private,B.Tech Artificial Intelligence and Machine Learning,4 Years,"Boys Hostel, Girls Hostel"
"YCCE Nagpur - Yeshwantrao Chavan College of Engineering, Nagpur",https://www.careers360.com/colleges/yeshwantrao-chavan-college-of-engineering-nagpur,Engineering,Nagpur,Private,Ph.D Electronics Engineering,6 Years,"Boys Hostel, Girls Hostel"
"YCCE Nagpur - Yeshwantrao Chavan College of Engineering, Nagpur",https://www.careers360.com/colleges/yeshwantrao-chavan-college-of-engineering-nagpur,Engineering,Nagpur,Private,Ph.D Mechanical Engineering,6 Years,"Boys Hostel, Girls Hostel"
"YCCE Nagpur - Yeshwantrao Chavan College of Engineering, Nagpur",https://www.careers360.com/colleges/yeshwantrao-chavan-college-of-engineering-nagpur,Engineering,Nagpur,Private,Ph.D Computer Science and Engineering,6 Years,"Boys Hostel, Girls Hostel"
"YCCE Nagpur - Yeshwantrao Chavan College of Engineering, Nagpur",https://www.careers360.com/colleges/yeshwantrao-chavan-college-of-engineering-nagpur,Engineering,Nagpur,Private,M.Tech Structural Engineering,2 Years,"Boys Hostel, Girls Hostel"
"YCCE Nagpur - Yeshwantrao Chavan College of Engineering, Nagpur",https://www.careers360.com/colleges/yeshwantrao-chavan-college-of-engineering-nagpur,Engineering,Nagpur,Private,Ph.D Electrical Engineering,6 Years,"Boys Hostel, Girls Hostel"
"YCCE Nagpur - Yeshwantrao Chavan College of Engineering, Nagpur",https://www.careers360.com/colleges/yeshwantrao-chavan-college-of-engineering-nagpur,Engineering,Nagpur,Private,M.Tech Automatics and Robotics,2 Years,"Boys Hostel, Girls Hostel"
"BHSS Trust's Polytechnic College, Nashik",https://www.careers360.com/colleges/bhss-trusts-polytechnic-college-nashik,Engineering,Nashik,Private,Diploma in Mechanical Engineering,3 Years,
"BHSS Trust's Polytechnic College, Nashik",https://www.careers360.com/colleges/bhss-trusts-polytechnic-college-nashik,Engineering,Nashik,Private,Diploma in Electrical Engineering,3 Years,
"BHSS Trust's Polytechnic College, Nashik",https://www.careers360.com/colleges/bhss-trusts-polytechnic-college-nashik,Engineering,Nashik,Private,Diploma in Civil Engineering,3 Years,
"BHSS Trust's Polytechnic College, Nashik",https://www.careers360.com/colleges/bhss-trusts-polytechnic-college-nashik,Engineering,Nashik,Private,Diploma in Electronics and Telecommunications Engineering,3 Years,
"Brahma Valley College of Engineering and Research Institute, Nashik",https://www.careers360.com/colleges/brahma-valley-college-of-engineering-and-research-institute-nashik,Engineering,Nashik,Private,B.Tech Mechanical Engineering,4 Years,"Boys Hostel, Girls Hostel"
"Brahma Valley College of Engineering and Research Institute, Nashik",https://www.careers360.com/colleges/brahma-valley-college-of-engineering-and-research-institute-nashik,Engineering,Nashik,Private,B.Tech Electrical Engineering,4 Years,"Boys Hostel, Girls Hostel"
"Brahma Valley College of Engineering and Research Institute, Nashik",https://www.careers360.com/colleges/brahma-valley-college-of-engineering-and-research-institute-nashik,Engineering,Nashik,Private,B.Tech Computer Engineering,4 Years,"Boys Hostel, Girls Hostel"
"Brahma Valley College of Engineering and Research Institute, Nashik",https://www.careers360.com/colleges/brahma-valley-college-of-engineering-and-research-institute-nashik,Engineering,Nashik,Private,B.Tech Civil Engineering,4 Years,"Boys Hostel, Girls Hostel"
"Brahma Valley College of Technical Education, Nashik",https://www.careers360.com/colleges/brahma-valley-college-of-technical-education-nashik,Engineering,Nashik,Private,Diploma in Mechanical Engineering,3 Years,"Boys Hostel, Girls Hostel"
"Brahma Valley College of Technical Education, Nashik",https://www.careers360.com/colleges/brahma-valley-college-of-technical-education-nashik,Engineering,Nashik,Private,Diploma in Civil Engineering,3 Years,"Boys Hostel, Girls Hostel"
"Brahma Valley College of Technical Education, Nashik",https://www.careers360.com/colleges/brahma-valley-college-of-technical-education-nashik,Engineering,Nashik,Private,Diploma in Electrical Engineering,3 Years,"Boys Hostel, Girls Hostel"
"Brahma Valley College of Technical Education, Nashik",https://www.careers360.com/colleges/brahma-valley-college-of-technical-education-nashik,Engineering,Nashik,Private,Diploma in Electronics and Computer Engineering,3 Years,"Boys Hostel, Girls Hostel"
"Gokhale Education Society's HPT Arts and RYK Science College, Nashik",https://www.careers360.com/colleges/gokhale-education-societys-hpt-arts-and-ryk-science-college-nashik,Engineering,Nashik,Government,B.Sc Computer Science,3 Years,"Girls Hostel, Boys Hostel"
"Gokhale Education Society's HPT Arts and RYK Science College, Nashik",https://www.careers360.com/colleges/gokhale-education-societys-hpt-arts-and-ryk-science-college-nashik,Engineering,Nashik,Government,B.Sc Biotechnology,3 Years,"Girls Hostel, Boys Hostel"
"Government Polytechnic, Nashik",https://www.careers360.com/colleges/government-polytechnic-nashik,Engineering,Nashik,Government,Diploma in Civil Engineering,3 Years,"Boys Hostel, Girls Hostel"
"Government Polytechnic, Nashik",https://www.careers360.com/colleges/government-polytechnic-nashik,Engineering,Nashik,Government,Diploma in Mechanical Engineering,3 Years,"Boys Hostel, Girls Hostel"
"Government Polytechnic, Nashik",https://www.careers360.com/colleges/government-polytechnic-nashik,Engineering,Nashik,Government,Diploma in Electronics and Telecommunication Engineering,3 Years,"Boys Hostel, Girls Hostel"
"Government Polytechnic, Nashik",https://www.careers360.com/colleges/government-polytechnic-nashik,Engineering,Nashik,Government,Diploma in Electrical Engineering,3 Years,"Boys Hostel, Girls Hostel"
"Government Polytechnic, Nashik",https://www.careers360.com/colleges/government-polytechnic-nashik,Engineering,Nashik,Government,Diploma in Information Technology,3 Years,"Boys Hostel, Girls Hostel"
"Government Polytechnic, Nashik",https://www.careers360.com/colleges/government-polytechnic-nashik,Engineering,Nashik,Government,Diploma in Automobile Engineering,3 Years,"Boys Hostel, Girls Hostel"
"Guru Gobind Singh College of Engineering and Research Centre, Nashik",https://www.careers360.com/colleges/guru-gobind-singh-college-of-engineering-and-research-centre-nashik,Engineering,Nashik,Private,BE Computer Engineering,4 Years,"Boys Hostel, Girls Hostel"
"Guru Gobind Singh College of Engineering and Research Centre, Nashik",https://www.careers360.com/colleges/guru-gobind-singh-college-of-engineering-and-research-centre-nashik,Engineering,Nashik,Private,BE Electrical Engineering,4 Years,"Boys Hostel, Girls Hostel"
"Guru Gobind Singh College of Engineering and Research Centre, Nashik",https://www.careers360.com/colleges/guru-gobind-singh-college-of-engineering-and-research-centre-nashik,Engineering,Nashik,Private,BE Automation and Robotics,4 Years,"Boys Hostel, Girls Hostel"
"Guru Gobind Singh College of Engineering and Research Centre, Nashik",https://www.careers360.com/colleges/guru-gobind-singh-college-of-engineering-and-research-centre-nashik,Engineering,Nashik,Private,BE Artificial Intelligence and Data Science,4 Years,"Boys Hostel, Girls Hostel"
"Guru Gobind Singh College of Engineering and Research Centre, Nashik",https://www.careers360.com/colleges/guru-gobind-singh-college-of-engineering-and-research-centre-nashik,Engineering,Nashik,Private,BE Mechanical Engineering,4 Years,"Boys Hostel, Girls Hostel"
"Guru Gobind Singh College of Engineering and Research Centre, Nashik",https://www.careers360.com/colleges/guru-gobind-singh-college-of-engineering-and-research-centre-nashik,Engineering,Nashik,Private,BE Civil Engineering,4 Years,"Boys Hostel, Girls Hostel"
"Guru Gobind Singh Polytechnic, Nashik",https://www.careers360.com/colleges/guru-gobind-singh-polytechnic-nashik,Engineering,Nashik,Private,Diploma in Mechanical Engineering,3 Years,"Boys Hostel, Girls Hostel"
"Guru Gobind Singh Polytechnic, Nashik",https://www.careers360.com/colleges/guru-gobind-singh-polytechnic-nashik,Engineering,Nashik,Private,Diploma in Civil Engineering,3 Years,"Boys Hostel, Girls Hostel"
"Guru Gobind Singh Polytechnic, Nashik",https://www.careers360.com/colleges/guru-gobind-singh-polytechnic-nashik,Engineering,Nashik,Private,Diploma in Electrical Engineering,3 Years,"Boys Hostel, Girls Hostel"
"Guru Gobind Singh Polytechnic, Nashik",https://www.careers360.com/colleges/guru-gobind-singh-polytechnic-nashik,Engineering,Nashik,Private,Diploma in Electronics and Telecommunication Engineering,3 Years,"Boys Hostel, Girls Hostel"
"HAL Pravara Aviation Institute, Nashik",https://www.careers360.com/colleges/hal-pravara-aviation-institute-nashik,Engineering,Nashik,Private,B.Sc Aeronautics Mechanical,3 Years,"Boys Hostel, Girls Hostel"
"JMCT Polytechnic, Nashik",https://www.careers360.com/colleges/jmct-polytechnic-nashik,Engineering,Nashik,Private,Diploma in Civil Engineering,3 Years,"Boys Hostel, Girls Hostel"
"JMCT Polytechnic, Nashik",https://www.careers360.com/colleges/jmct-polytechnic-nashik,Engineering,Nashik,Private,Diploma in Mechanical Engineering,3 Years,"Boys Hostel, Girls Hostel"
"JMCT Polytechnic, Nashik",https://www.careers360.com/colleges/jmct-polytechnic-nashik,Engineering,Nashik,Private,Diploma in Automobile Engineering,3 Years,"Boys Hostel, Girls Hostel"
"JMCT Polytechnic, Nashik",https://www.careers360.com/colleges/jmct-polytechnic-nashik,Engineering,Nashik,Private,Diploma in Electronics and Telecommunication Engineering,3 Years,"Boys Hostel, Girls Hostel"
"KK Wagh College of Agricultural Biotechnology, Nashik",https://www.careers360.com/colleges/kk-wagh-college-of-agricultural-biotechnology-nashik,Engineering,Nashik,Private,B.Tech Biotechnology,4 Years,"Boys Hostel, Girls Hostel"
"KK Wagh College of Food Technology, Nashik",https://www.careers360.com/colleges/kk-wagh-college-of-food-technology-nashik,Engineering,Nashik,Private,B.Tech Food Technology,4 Years,"Boys Hostel, Girls Hostel"
"KK Wagh Institute of Engineering Education and Research, Nashik",https://www.careers360.com/colleges/kk-wagh-institute-of-engineering-education-and-research-nashik,Engineering,Nashik,Private,BE Electrical Engineering,4 Years,"Boys Hostel, Girls Hostel"
"KK Wagh Institute of Engineering Education and Research, Nashik",https://www.careers360.com/colleges/kk-wagh-institute-of-engineering-education-and-research-nashik,Engineering,Nashik,Private,B.Tech Information Technology,4 Years,"Boys Hostel, Girls Hostel"
"KK Wagh Institute of Engineering Education and Research, Nashik",https://www.careers360.com/colleges/kk-wagh-institute-of-engineering-education-and-research-nashik,Engineering,Nashik,Private,BE Artificial Intelligence and Data Science,4 Years,"Boys Hostel, Girls Hostel"
"KK Wagh Institute of Engineering Education and Research, Nashik",https://www.careers360.com/colleges/kk-wagh-institute-of-engineering-education-and-research-nashik,Engineering,Nashik,Private,BE Mechanical Engineering,4 Years,"Boys Hostel, Girls Hostel"
"KK Wagh Institute of Engineering Education and Research, Nashik",https://www.careers360.com/colleges/kk-wagh-institute-of-engineering-education-and-research-nashik,Engineering,Nashik,Private,BE Electronics and Telecommunication Engineering,4 Years,"Boys Hostel, Girls Hostel"
"KK Wagh Institute of Engineering Education and Research, Nashik",https://www.careers360.com/colleges/kk-wagh-institute-of-engineering-education-and-research-nashik,Engineering,Nashik,Private,BE Civil Engineering,4 Years,"Boys Hostel, Girls Hostel"
"KK Wagh Institute of Engineering Education and Research, Nashik",https://www.careers360.com/colleges/kk-wagh-institute-of-engineering-education-and-research-nashik,Engineering,Nashik,Private,BE Computer Engineering,4 Years,"Boys Hostel, Girls Hostel"
"KK Wagh Institute of Engineering Education and Research, Nashik",https://www.careers360.com/colleges/kk-wagh-institute-of-engineering-education-and-research-nashik,Engineering,Nashik,Private,BE Computer Science and Design,4 Years,"Boys Hostel, Girls Hostel"
"KK Wagh Institute of Engineering Education and Research, Nashik",https://www.careers360.com/colleges/kk-wagh-institute-of-engineering-education-and-research-nashik,Engineering,Nashik,Private,BE Robotics and Automation,4 Years,"Boys Hostel, Girls Hostel"
"KK Wagh Institute of Engineering Education and Research, Nashik",https://www.careers360.com/colleges/kk-wagh-institute-of-engineering-education-and-research-nashik,Engineering,Nashik,Private,BE Chemical Engineering,4 Years,"Boys Hostel, Girls Hostel"
"KK Wagh Institute of Engineering Education and Research, Nashik",https://www.careers360.com/colleges/kk-wagh-institute-of-engineering-education-and-research-nashik,Engineering,Nashik,Private,ME Structural Engineering,2 Years,"Boys Hostel, Girls Hostel"
"KK Wagh Institute of Engineering Education and Research, Nashik",https://www.careers360.com/colleges/kk-wagh-institute-of-engineering-education-and-research-nashik,Engineering,Nashik,Private,ME VLSI and Embedded Systems,2 Years,"Boys Hostel, Girls Hostel"
"KK Wagh Institute of Engineering Education and Research, Nashik",https://www.careers360.com/colleges/kk-wagh-institute-of-engineering-education-and-research-nashik,Engineering,Nashik,Private,ME Power Systems,2 Years,"Boys Hostel, Girls Hostel"
"KK Wagh Polytechnic, Nashik",https://www.careers360.com/colleges/kk-wagh-polytechnic-nashik,Engineering,Nashik,Private,Diploma in Mechanical Engineering,3 Years,"Boys Hostel, Girls Hostel"
"KK Wagh Polytechnic, Nashik",https://www.careers360.com/colleges/kk-wagh-polytechnic-nashik,Engineering,Nashik,Private,Diploma in Electrical Engineering,3 Years,"Boys Hostel, Girls Hostel"
"KK Wagh Polytechnic, Nashik",https://www.careers360.com/colleges/kk-wagh-polytechnic-nashik,Engineering,Nashik,Private,Diploma in Information Technology,3 Years,"Boys Hostel, Girls Hostel"
"KK Wagh Polytechnic, Nashik",https://www.careers360.com/colleges/kk-wagh-polytechnic-nashik,Engineering,Nashik,Private,Diploma in Chemical Engineering,3 Years,"Boys Hostel, Girls Hostel"
"KK Wagh Polytechnic, Nashik",https://www.careers360.com/colleges/kk-wagh-polytechnic-nashik,Engineering,Nashik,Private,Diploma in Artificial Intelligence and Machine Learning,3 Years,"Boys Hostel, Girls Hostel"
"KK Wagh Polytechnic, Nashik",https://www.careers360.com/colleges/kk-wagh-polytechnic-nashik,Engineering,Nashik,Private,Diploma in Civil Engineering,3 Years,"Boys Hostel, Girls Hostel"
"KK Wagh Women's Polytechnic, Nashik",https://www.careers360.com/colleges/kk-wagh-womens-polytechnic-nashik,Engineering,Nashik,Private,Diploma in Electronics and Telecommunication Engineering II Shift,3 Years,Girls Hostel
"KK Wagh Women's Polytechnic, Nashik",https://www.careers360.com/colleges/kk-wagh-womens-polytechnic-nashik,Engineering,Nashik,Private,Diploma in Civil Engineering,3 Years,Girls Hostel
"KK Wagh Women's Polytechnic, Nashik",https://www.careers360.com/colleges/kk-wagh-womens-polytechnic-nashik,Engineering,Nashik,Private,Diploma in Information Technology,3 Years,Girls Hostel
"KK Wagh Women's Polytechnic, Nashik",https://www.careers360.com/colleges/kk-wagh-womens-polytechnic-nashik,Engineering,Nashik,Private,Diploma in Electrical Engineering II Shift,3 Years,Girls Hostel
"KK Wagh Women's Polytechnic, Nashik",https://www.careers360.com/colleges/kk-wagh-womens-polytechnic-nashik,Engineering,Nashik,Private,Diploma in Mechanical Engineering,3 Years,Girls Hostel
"KK Wagh Women's Polytechnic, Nashik",https://www.careers360.com/colleges/kk-wagh-womens-polytechnic-nashik,Engineering,Nashik,Private,Diploma in Mechanical Engineering II Shift,3 Years,Girls Hostel
"KK Wagh Women's Polytechnic, Nashik",https://www.careers360.com/colleges/kk-wagh-womens-polytechnic-nashik,Engineering,Nashik,Private,Diploma in Electronics and Telecommunication Engineering,3 Years,Girls Hostel
"KK Wagh Women's Polytechnic, Nashik",https://www.careers360.com/colleges/kk-wagh-womens-polytechnic-nashik,Engineering,Nashik,Private,Diploma in Chemical Engineering,3 Years,Girls Hostel
"KK Wagh Women's Polytechnic, Nashik",https://www.careers360.com/colleges/kk-wagh-womens-polytechnic-nashik,Engineering,Nashik,Private,Diploma in Electrical Engineering,3 Years,Girls Hostel
"KTHM College Nashik - KRT Arts BH Commerce and AM Science College, Nashik",https://www.careers360.com/colleges/krt-arts-bh-commerce-and-am-science-college-nashik,Engineering,Nashik,Private,M.Sc Biotechnology,2 Years,"Boys Hostel, Girls Hostel"
"KTHM College Nashik - KRT Arts BH Commerce and AM Science College, Nashik",https://www.careers360.com/colleges/krt-arts-bh-commerce-and-am-science-college-nashik,Engineering,Nashik,Private,B.Sc Biotechnology,3 Years,"Boys Hostel, Girls Hostel"
"KVN Naik SP Sanstha Polytechnic, Nashik",https://www.careers360.com/colleges/kvn-naik-sp-sanstha-polytechnic-nashik,Engineering,Nashik,Private,Diploma in Mechanical Engineering,3 Years,Boys Hostel
"KVN Naik SP Sanstha Polytechnic, Nashik",https://www.careers360.com/colleges/kvn-naik-sp-sanstha-polytechnic-nashik,Engineering,Nashik,Private,Diploma in Electronics and Telecommunication Engineering,3 Years,Boys Hostel
"KVN Naik SP Sanstha Polytechnic, Nashik",https://www.careers360.com/colleges/kvn-naik-sp-sanstha-polytechnic-nashik,Engineering,Nashik,Private,Diploma in Electrical Engineering,3 Years,Boys Hostel
"KVN Naik SP Sanstha Polytechnic, Nashik",https://www.careers360.com/colleges/kvn-naik-sp-sanstha-polytechnic-nashik,Engineering,Nashik,Private,Diploma in Civil Engineering,3 Years,Boys Hostel
"Late Annasaheb Patil Polytechnic, Nashik",https://www.careers360.com/colleges/late-annasaheb-patil-polytechnic-nashik,Engineering,Nashik,Private,Diploma in Electrical Engineering,3 Years,"Boys Hostel, Girls Hostel"
"Late Annasaheb Patil Polytechnic, Nashik",https://www.careers360.com/colleges/late-annasaheb-patil-polytechnic-nashik,Engineering,Nashik,Private,Diploma in Civil Engineering,3 Years,"Boys Hostel, Girls Hostel"
"Late Annasaheb Patil Polytechnic, Nashik",https://www.careers360.com/colleges/late-annasaheb-patil-polytechnic-nashik,Engineering,Nashik,Private,Diploma in Mechanical Engineering,3 Years,"Boys Hostel, Girls Hostel"
"Late Annasaheb Patil Polytechnic, Nashik",https://www.careers360.com/colleges/late-annasaheb-patil-polytechnic-nashik,Engineering,Nashik,Private,Diploma in Electronics and Telecommunication Engineering,3 Years,"Boys Hostel, Girls Hostel"
"Late Annasaheb Patil Polytechnic, Nashik",https://www.careers360.com/colleges/late-annasaheb-patil-polytechnic-nashik,Engineering,Nashik,Private,Diploma in Automobile Engineering,3 Years,"Boys Hostel, Girls Hostel"
"Late GN Sapkal College of Engineering, Nashik",https://www.careers360.com/colleges/late-gn-sapkal-college-of-engineering-nashik,Engineering,Nashik,Private,BE Computer Engineering,4 Years,"Boys Hostel, Girls Hostel"
"Late GN Sapkal College of Engineering, Nashik",https://www.careers360.com/colleges/late-gn-sapkal-college-of-engineering-nashik,Engineering,Nashik,Private,BE Electronics and Telecommunication Engineering,4 Years,"Boys Hostel, Girls Hostel"
"Late GN Sapkal College of Engineering, Nashik",https://www.careers360.com/colleges/late-gn-sapkal-college-of-engineering-nashik,Engineering,Nashik,Private,BE Artificial Intelligence and Data Science,4 Years,"Boys Hostel, Girls Hostel"
"Late GN Sapkal College of Engineering, Nashik",https://www.careers360.com/colleges/late-gn-sapkal-college-of-engineering-nashik,Engineering,Nashik,Private,BE Mechanical Engineering,4 Years,"Boys Hostel, Girls Hostel"
"Late GN Sapkal College of Engineering, Nashik",https://www.careers360.com/colleges/late-gn-sapkal-college-of-engineering-nashik,Engineering,Nashik,Private,BE Civil Engineering,4 Years,"Boys Hostel, Girls Hostel"
"Late GN Sapkal College of Engineering, Nashik",https://www.careers360.com/colleges/late-gn-sapkal-college-of-engineering-nashik,Engineering,Nashik,Private,BE Electrical Engineering,4 Years,"Boys Hostel, Girls Hostel"
"Late GN Sapkal College of Engineering, Nashik",https://www.careers360.com/colleges/late-gn-sapkal-college-of-engineering-nashik,Engineering,Nashik,Private,ME Computer Engineering,2 Years,"Boys Hostel, Girls Hostel"
"Late GN Sapkal College of Engineering, Nashik",https://www.careers360.com/colleges/late-gn-sapkal-college-of-engineering-nashik,Engineering,Nashik,Private,ME Mechanical Engineering Design,2 Years,"Boys Hostel, Girls Hostel"
"Late GN Sapkal College of Engineering, Nashik",https://www.careers360.com/colleges/late-gn-sapkal-college-of-engineering-nashik,Engineering,Nashik,Private,ME Civil Engineering,2 Years,"Boys Hostel, Girls Hostel"
"Late GN Sapkal College of Engineering, Nashik",https://www.careers360.com/colleges/late-gn-sapkal-college-of-engineering-nashik,Engineering,Nashik,Private,ME Signal Processing,2 Years,"Boys Hostel, Girls Hostel"
"Loknete Gopalraoji Gulve Polytechnic, Nashik",https://www.careers360.com/colleges/loknete-gopalraoji-gulve-polytechnic-nashik,Engineering,Nashik,Private,Diploma in Electrical Engineering,3 Years,"Boys Hostel, Girls Hostel"
"Loknete Gopalraoji Gulve Polytechnic, Nashik",https://www.careers360.com/colleges/loknete-gopalraoji-gulve-polytechnic-nashik,Engineering,Nashik,Private,Diploma in Artificial Intelligence,3 Years,"Boys Hostel, Girls Hostel"
"Loknete Gopalraoji Gulve Polytechnic, Nashik",https://www.careers360.com/colleges/loknete-gopalraoji-gulve-polytechnic-nashik,Engineering,Nashik,Private,Diploma in Mechanical Engineering,3 Years,"Boys Hostel, Girls Hostel"
"Loknete Gopalraoji Gulve Polytechnic, Nashik",https://www.careers360.com/colleges/loknete-gopalraoji-gulve-polytechnic-nashik,Engineering,Nashik,Private,Diploma in Civil Engineering,3 Years,"Boys Hostel, Girls Hostel"
"Loknete Gopinathji Munde Institute of Engineering Education and Research, Nashik",https://www.careers360.com/colleges/loknete-gopinathji-munde-institute-of-engineering-education-and-research-nashik,Engineering,Nashik,Private,Diploma in Mechanical Engineering,3 Years,Boys Hostel
"Loknete Gopinathji Munde Institute of Engineering Education and Research, Nashik",https://www.careers360.com/colleges/loknete-gopinathji-munde-institute-of-engineering-education-and-research-nashik,Engineering,Nashik,Private,Diploma in Electrical Engineering,3 Years,Boys Hostel
"Loknete Gopinathji Munde Institute of Engineering Education and Research, Nashik",https://www.careers360.com/colleges/loknete-gopinathji-munde-institute-of-engineering-education-and-research-nashik,Engineering,Nashik,Private,BE Mechanical Engineering,4 Years,Boys Hostel
"Loknete Gopinathji Munde Institute of Engineering Education and Research, Nashik",https://www.careers360.com/colleges/loknete-gopinathji-munde-institute-of-engineering-education-and-research-nashik,Engineering,Nashik,Private,BE Civil Engineering,4 Years,Boys Hostel
"Loknete Gopinathji Munde Institute of Engineering Education and Research, Nashik",https://www.careers360.com/colleges/loknete-gopinathji-munde-institute-of-engineering-education-and-research-nashik,Engineering,Nashik,Private,BE Artificial Intelligence and Machine Learning,4 Years,Boys Hostel
"Loknete Gopinathji Munde Institute of Engineering Education and Research, Nashik",https://www.careers360.com/colleges/loknete-gopinathji-munde-institute-of-engineering-education-and-research-nashik,Engineering,Nashik,Private,Diploma in Civil Engineering,3 Years,Boys Hostel
"Loknete Gopinathji Munde Institute of Engineering Education and Research, Nashik",https://www.careers360.com/colleges/loknete-gopinathji-munde-institute-of-engineering-education-and-research-nashik,Engineering,Nashik,Private,BE Electrical Engineering,4 Years,Boys Hostel
"Loknete Gopinathji Munde Institute of Engineering Education and Research, Nashik",https://www.careers360.com/colleges/loknete-gopinathji-munde-institute-of-engineering-education-and-research-nashik,Engineering,Nashik,Private,BE Computer Engineering,4 Years,Boys Hostel
"Loknete Gopinathji Munde Institute of Engineering Education and Research, Nashik",https://www.careers360.com/colleges/loknete-gopinathji-munde-institute-of-engineering-education-and-research-nashik,Engineering,Nashik,Private,B.Tech Information Technology,4 Years,Boys Hostel
"Loknete Vyankatrao Hiray Arts, Science and Commerce College, Nashik",https://www.careers360.com/colleges/loknete-vyankatrao-hiray-arts-science-and-commerce-college-nashik,Engineering,Nashik,Private,Advanced Diploma in Automobile Technology,2 Years,"Boys Hostel, Girls Hostel"
"Loknete Vyankatrao Hiray Arts, Science and Commerce College, Nashik",https://www.careers360.com/colleges/loknete-vyankatrao-hiray-arts-science-and-commerce-college-nashik,Engineering,Nashik,Private,Diploma in Automobile Technology,1 Year,"Boys Hostel, Girls Hostel"
"Loknete Vyankatrao Hiray Arts, Science and Commerce College, Nashik",https://www.careers360.com/colleges/loknete-vyankatrao-hiray-arts-science-and-commerce-college-nashik,Engineering,Nashik,Private,B.Voc Automobile Technology,3 Years,"Boys Hostel, Girls Hostel"
"Mahatma Gandhi Vidyamandir's Arts Science and Commerce College, Manmad",https://www.careers360.com/colleges/mahatma-gandhi-vidyamandirs-arts-science-and-commerce-college-manmad,Engineering,Nashik,Private,B.Voc Electronics,3 Years,
"Mahatma Gandhi Vidyamandir's Arts Science and Commerce College, Manmad",https://www.careers360.com/colleges/mahatma-gandhi-vidyamandirs-arts-science-and-commerce-college-manmad,Engineering,Nashik,Private,B.Voc Information Technology,3 Years,
"Mahavir Polytechnic, Nashik",https://www.careers360.com/colleges/mahavir-polytechnic-nashik,Engineering,Nashik,Private,Diploma in Electrical Engineering,3 Years,
"Mahavir Polytechnic, Nashik",https://www.careers360.com/colleges/mahavir-polytechnic-nashik,Engineering,Nashik,Private,Diploma in Artificial Intelligence and Machine Learning,3 Years,
"Mahavir Polytechnic, Nashik",https://www.careers360.com/colleges/mahavir-polytechnic-nashik,Engineering,Nashik,Private,Diploma in Civil Engineering,3 Years,
"Mahavir Polytechnic, Nashik",https://www.careers360.com/colleges/mahavir-polytechnic-nashik,Engineering,Nashik,Private,Diploma in Information Technology,3 Years,
"Mahavir Polytechnic, Nashik",https://www.careers360.com/colleges/mahavir-polytechnic-nashik,Engineering,Nashik,Private,Diploma in Mechanical Engineering,3 Years,
"Maratha Vidya Prasarak Samaj's Karmaveer Adv Baburao Ganpatrao Thakare College of Engineering, Nashik",https://www.careers360.com/colleges/maratha-vidya-prasarak-samajs-karmaveer-adv-baburao-ganpatrao-thakare-college-of-engineering-nashik,Engineering,Nashik,Private,BE Information Technology,4 Years,"Boys Hostel, Girls Hostel"
"Maratha Vidya Prasarak Samaj's Karmaveer Adv Baburao Ganpatrao Thakare College of Engineering, Nashik",https://www.careers360.com/colleges/maratha-vidya-prasarak-samajs-karmaveer-adv-baburao-ganpatrao-thakare-college-of-engineering-nashik,Engineering,Nashik,Private,BE Computer Engineering,4 Years,"Boys Hostel, Girls Hostel"
"Maratha Vidya Prasarak Samaj's Karmaveer Adv Baburao Ganpatrao Thakare College of Engineering, Nashik",https://www.careers360.com/colleges/maratha-vidya-prasarak-samajs-karmaveer-adv-baburao-ganpatrao-thakare-college-of-engineering-nashik,Engineering,Nashik,Private,BE Electronics and Telecommunication Engineering,4 Years,"Boys Hostel, Girls Hostel"
"Maratha Vidya Prasarak Samaj's Karmaveer Adv Baburao Ganpatrao Thakare College of Engineering, Nashik",https://www.careers360.com/colleges/maratha-vidya-prasarak-samajs-karmaveer-adv-baburao-ganpatrao-thakare-college-of-engineering-nashik,Engineering,Nashik,Private,BE Civil Engineering,4 Years,"Boys Hostel, Girls Hostel"
"Maratha Vidya Prasarak Samaj's Karmaveer Adv Baburao Ganpatrao Thakare College of Engineering, Nashik",https://www.careers360.com/colleges/maratha-vidya-prasarak-samajs-karmaveer-adv-baburao-ganpatrao-thakare-college-of-engineering-nashik,Engineering,Nashik,Private,BE Mechanical Engineering,4 Years,"Boys Hostel, Girls Hostel"
"Maratha Vidya Prasarak Samaj's Karmaveer Adv Baburao Ganpatrao Thakare College of Engineering, Nashik",https://www.careers360.com/colleges/maratha-vidya-prasarak-samajs-karmaveer-adv-baburao-ganpatrao-thakare-college-of-engineering-nashik,Engineering,Nashik,Private,BE Artificial Intelligence and Data Science,4 Years,"Boys Hostel, Girls Hostel"
"Maratha Vidya Prasarak Samaj's Karmaveer Adv Baburao Ganpatrao Thakare College of Engineering, Nashik",https://www.careers360.com/colleges/maratha-vidya-prasarak-samajs-karmaveer-adv-baburao-ganpatrao-thakare-college-of-engineering-nashik,Engineering,Nashik,Private,BE Automation and Robotics,4 Years,"Boys Hostel, Girls Hostel"
"Maratha Vidya Prasarak Samaj's Karmaveer Adv Baburao Ganpatrao Thakare College of Engineering, Nashik",https://www.careers360.com/colleges/maratha-vidya-prasarak-samajs-karmaveer-adv-baburao-ganpatrao-thakare-college-of-engineering-nashik,Engineering,Nashik,Private,BE Electrical Engineering,4 Years,"Boys Hostel, Girls Hostel"
"Maratha Vidya Prasarak Samaj's Karmaveer Adv Baburao Ganpatrao Thakare College of Engineering, Nashik",https://www.careers360.com/colleges/maratha-vidya-prasarak-samajs-karmaveer-adv-baburao-ganpatrao-thakare-college-of-engineering-nashik,Engineering,Nashik,Private,BE Instrumentation and Control Engineering,4 Years,"Boys Hostel, Girls Hostel"
"Maratha Vidya Prasarak Samaj's Karmaveer Adv Baburao Ganpatrao Thakare College of Engineering, Nashik",https://www.careers360.com/colleges/maratha-vidya-prasarak-samajs-karmaveer-adv-baburao-ganpatrao-thakare-college-of-engineering-nashik,Engineering,Nashik,Private,ME Construction Management,2 Years,"Boys Hostel, Girls Hostel"
"Maratha Vidya Prasarak Samaj's Karmaveer Adv Baburao Ganpatrao Thakare College of Engineering, Nashik",https://www.careers360.com/colleges/maratha-vidya-prasarak-samajs-karmaveer-adv-baburao-ganpatrao-thakare-college-of-engineering-nashik,Engineering,Nashik,Private,ME Mechanical Engineering Design,2 Years,"Boys Hostel, Girls Hostel"
"Maratha Vidya Prasarak Samaj's Karmaveer Adv Baburao Ganpatrao Thakare College of Engineering, Nashik",https://www.careers360.com/colleges/maratha-vidya-prasarak-samajs-karmaveer-adv-baburao-ganpatrao-thakare-college-of-engineering-nashik,Engineering,Nashik,Private,ME VLSI and Embedded Systems,2 Years,"Boys Hostel, Girls Hostel"
"Maratha Vidya Prasarak Samaj's Karmaveer Adv Baburao Ganpatrao Thakare College of Engineering, Nashik",https://www.careers360.com/colleges/maratha-vidya-prasarak-samajs-karmaveer-adv-baburao-ganpatrao-thakare-college-of-engineering-nashik,Engineering,Nashik,Private,ME Structural Engineering,2 Years,"Boys Hostel, Girls Hostel"
"Maratha Vidya Prasarak Samaj's Karmaveer Adv Baburao Ganpatrao Thakare College of Engineering, Nashik",https://www.careers360.com/colleges/maratha-vidya-prasarak-samajs-karmaveer-adv-baburao-ganpatrao-thakare-college-of-engineering-nashik,Engineering,Nashik,Private,ME Computer Engineering,2 Years,"Boys Hostel, Girls Hostel"
"Matoshri Aasarabai Polytechnic, Nashik",https://www.careers360.com/colleges/matoshri-aasarabai-polytechnic-nashik,Engineering,Nashik,Private,Diploma in Electrical Engineering,3 Years,"Boys Hostel, Girls Hostel"
"Matoshri Aasarabai Polytechnic, Nashik",https://www.careers360.com/colleges/matoshri-aasarabai-polytechnic-nashik,Engineering,Nashik,Private,Diploma in Information Technology,3 Years,"Boys Hostel, Girls Hostel"
"Matoshri Aasarabai Polytechnic, Nashik",https://www.careers360.com/colleges/matoshri-aasarabai-polytechnic-nashik,Engineering,Nashik,Private,Diploma in Mechanical Engineering,3 Years,"Boys Hostel, Girls Hostel"
"Matoshri Aasarabai Polytechnic, Nashik",https://www.careers360.com/colleges/matoshri-aasarabai-polytechnic-nashik,Engineering,Nashik,Private,Diploma in Electronics and Telecommunication Engineering,3 Years,"Boys Hostel, Girls Hostel"
"Matoshri Aasarabai Polytechnic, Nashik",https://www.careers360.com/colleges/matoshri-aasarabai-polytechnic-nashik,Engineering,Nashik,Private,B.Tech Computer Engineering,4 Years,"Boys Hostel, Girls Hostel"
"Matoshri Aasarabai Polytechnic, Nashik",https://www.careers360.com/colleges/matoshri-aasarabai-polytechnic-nashik,Engineering,Nashik,Private,B.Tech Information Technology,4 Years,"Boys Hostel, Girls Hostel"
"Matoshri Aasarabai Polytechnic, Nashik",https://www.careers360.com/colleges/matoshri-aasarabai-polytechnic-nashik,Engineering,Nashik,Private,Diploma in Civil Engineering,3 Years,"Boys Hostel, Girls Hostel"
"Matoshri Aasarabai Polytechnic, Nashik",https://www.careers360.com/colleges/matoshri-aasarabai-polytechnic-nashik,Engineering,Nashik,Private,Diploma in Automobile Engineering,3 Years,"Boys Hostel, Girls Hostel"
"Matoshri College of Engineering and Research Centre, Nashik",https://www.careers360.com/colleges/matoshri-college-of-engineering-and-research-centre-nashik,Engineering,Nashik,Private,BE Computer Engineering,4 Years,"Boys Hostel, Girls Hostel"
"Matoshri College of Engineering and Research Centre, Nashik",https://www.careers360.com/colleges/matoshri-college-of-engineering-and-research-centre-nashik,Engineering,Nashik,Private,BE Information Technology,4 Years,"Boys Hostel, Girls Hostel"
"Matoshri College of Engineering and Research Centre, Nashik",https://www.careers360.com/colleges/matoshri-college-of-engineering-and-research-centre-nashik,Engineering,Nashik,Private,BE Electronics and Computer Engineering,4 Years,"Boys Hostel, Girls Hostel"
"Matoshri College of Engineering and Research Centre, Nashik",https://www.careers360.com/colleges/matoshri-college-of-engineering-and-research-centre-nashik,Engineering,Nashik,Private,BE Artificial Intelligence and Data Science,4 Years,"Boys Hostel, Girls Hostel"
"Matoshri College of Engineering and Research Centre, Nashik",https://www.careers360.com/colleges/matoshri-college-of-engineering-and-research-centre-nashik,Engineering,Nashik,Private,BE Mechanical Engineering,4 Years,"Boys Hostel, Girls Hostel"
"Matoshri College of Engineering and Research Centre, Nashik",https://www.careers360.com/colleges/matoshri-college-of-engineering-and-research-centre-nashik,Engineering,Nashik,Private,BE Civil Engineering,4 Years,"Boys Hostel, Girls Hostel"
"Matoshri College of Engineering and Research Centre, Nashik",https://www.careers360.com/colleges/matoshri-college-of-engineering-and-research-centre-nashik,Engineering,Nashik,Private,BE Electronics and Telecommunication Engineering,4 Years,"Boys Hostel, Girls Hostel"
"Matoshri College of Engineering and Research Centre, Nashik",https://www.careers360.com/colleges/matoshri-college-of-engineering-and-research-centre-nashik,Engineering,Nashik,Private,BE Electrical Engineering,4 Years,"Boys Hostel, Girls Hostel"
"Matoshri College of Engineering and Research Centre, Nashik",https://www.careers360.com/colleges/matoshri-college-of-engineering-and-research-centre-nashik,Engineering,Nashik,Private,ME Geotechnical Engineering,2 Years,"Boys Hostel, Girls Hostel"
"Matoshri College of Engineering and Research Centre, Nashik",https://www.careers360.com/colleges/matoshri-college-of-engineering-and-research-centre-nashik,Engineering,Nashik,Private,ME Electrical Power Systems,2 Years,"Boys Hostel, Girls Hostel"
"Matoshri College of Engineering and Research Centre, Nashik",https://www.careers360.com/colleges/matoshri-college-of-engineering-and-research-centre-nashik,Engineering,Nashik,Private,ME Data Science,2 Years,"Boys Hostel, Girls Hostel"
"Matoshri College of Engineering and Research Centre, Nashik",https://www.careers360.com/colleges/matoshri-college-of-engineering-and-research-centre-nashik,Engineering,Nashik,Private,ME Heat Power Engineering,2 Years,"Boys Hostel, Girls Hostel"
"Matoshri College of Engineering and Research Centre, Nashik",https://www.careers360.com/colleges/matoshri-college-of-engineering-and-research-centre-nashik,Engineering,Nashik,Private,ME VLSI and Embedded System Design,2 Years,"Boys Hostel, Girls Hostel"
"Matoshri College of Engineering and Research Centre, Nashik",https://www.careers360.com/colleges/matoshri-college-of-engineering-and-research-centre-nashik,Engineering,Nashik,Private,ME Computer Engineering,2 Years,"Boys Hostel, Girls Hostel"
"Matoshri College of Engineering and Research Centre, Nashik",https://www.careers360.com/colleges/matoshri-college-of-engineering-and-research-centre-nashik,Engineering,Nashik,Private,Ph.D Electronics and Telecommunication Engineering,6 Years,"Boys Hostel, Girls Hostel"
"Matoshri College of Engineering and Research Centre, Nashik",https://www.careers360.com/colleges/matoshri-college-of-engineering-and-research-centre-nashik,Engineering,Nashik,Private,Ph.D Mechanical Engineering,6 Years,"Boys Hostel, Girls Hostel"
"Matoshri Institute of Technology, Dhanore",https://www.careers360.com/colleges/matoshri-institute-of-technology-dhanore,Engineering,Nashik,Private,Diploma in Electrical Engineering,3 Years,"Boys Hostel, Girls Hostel"
"Matoshri Institute of Technology, Dhanore",https://www.careers360.com/colleges/matoshri-institute-of-technology-dhanore,Engineering,Nashik,Private,Diploma in Civil Engineering,3 Years,"Boys Hostel, Girls Hostel"
"Matoshri Institute of Technology, Dhanore",https://www.careers360.com/colleges/matoshri-institute-of-technology-dhanore,Engineering,Nashik,Private,BE Electrical Engineering,4 Years,"Boys Hostel, Girls Hostel"
"Matoshri Institute of Technology, Dhanore",https://www.careers360.com/colleges/matoshri-institute-of-technology-dhanore,Engineering,Nashik,Private,BE Computer Engineering,4 Years,"Boys Hostel, Girls Hostel"
"Matoshri Institute of Technology, Dhanore",https://www.careers360.com/colleges/matoshri-institute-of-technology-dhanore,Engineering,Nashik,Private,Diploma in Mechanical Engineering,3 Years,"Boys Hostel, Girls Hostel"
"Matoshri Institute of Technology, Dhanore",https://www.careers360.com/colleges/matoshri-institute-of-technology-dhanore,Engineering,Nashik,Private,BE Electronics and Telecommunication Engineering,4 Years,"Boys Hostel, Girls Hostel"
"MET Bhujbal Knowledge City, Nashik",https://www.careers360.com/colleges/met-bhujbal-knowledge-city-nashik,Engineering,Nashik,Private,B.Tech Mechanical Engineering,4 Years,"Boys Hostel, Girls Hostel"
"MET Bhujbal Knowledge City, Nashik",https://www.careers360.com/colleges/met-bhujbal-knowledge-city-nashik,Engineering,Nashik,Private,Diploma in Civil Engineering,3 Years,"Boys Hostel, Girls Hostel"
"MET Bhujbal Knowledge City, Nashik",https://www.careers360.com/colleges/met-bhujbal-knowledge-city-nashik,Engineering,Nashik,Private,B.Tech Computer Engineering,4 Years,"Boys Hostel, Girls Hostel"
"MET Bhujbal Knowledge City, Nashik",https://www.careers360.com/colleges/met-bhujbal-knowledge-city-nashik,Engineering,Nashik,Private,Diploma in Mechanical Engineering,3 Years,"Boys Hostel, Girls Hostel"
"MET Bhujbal Knowledge City, Nashik",https://www.careers360.com/colleges/met-bhujbal-knowledge-city-nashik,Engineering,Nashik,Private,B.Tech Civil Engineering,4 Years,"Boys Hostel, Girls Hostel"
"MET Bhujbal Knowledge City, Nashik",https://www.careers360.com/colleges/met-bhujbal-knowledge-city-nashik,Engineering,Nashik,Private,Diploma in Information Technology,3 Years,"Boys Hostel, Girls Hostel"
"MET Bhujbal Knowledge City, Nashik",https://www.careers360.com/colleges/met-bhujbal-knowledge-city-nashik,Engineering,Nashik,Private,Diploma in Electrical Engineering,3 Years,"Boys Hostel, Girls Hostel"
"MET Bhujbal Knowledge City, Nashik",https://www.careers360.com/colleges/met-bhujbal-knowledge-city-nashik,Engineering,Nashik,Private,B.Tech Electronics and Telecommunication Engineering,4 Years,"Boys Hostel, Girls Hostel"
"MET Bhujbal Knowledge City, Nashik",https://www.careers360.com/colleges/met-bhujbal-knowledge-city-nashik,Engineering,Nashik,Private,B.Tech Civil and Environmental Engineering,4 Years,"Boys Hostel, Girls Hostel"
"MET Bhujbal Knowledge City, Nashik",https://www.careers360.com/colleges/met-bhujbal-knowledge-city-nashik,Engineering,Nashik,Private,B.Tech Artificial Intelligence and Data Science,4 Years,"Boys Hostel, Girls Hostel"
"MET Institute of Engineering, Nashik",https://www.careers360.com/colleges/met-institute-of-engineering-nashik,Engineering,Nashik,Private,BE Mechanical Engineering,4 Years,"Boys Hostel, Girls Hostel"
"MET Institute of Engineering, Nashik",https://www.careers360.com/colleges/met-institute-of-engineering-nashik,Engineering,Nashik,Private,BE Computer Engineering,4 Years,"Boys Hostel, Girls Hostel"
"MET Institute of Engineering, Nashik",https://www.careers360.com/colleges/met-institute-of-engineering-nashik,Engineering,Nashik,Private,BE Information Technology,4 Years,"Boys Hostel, Girls Hostel"
"MET Institute of Engineering, Nashik",https://www.careers360.com/colleges/met-institute-of-engineering-nashik,Engineering,Nashik,Private,BE Artificial Intelligence and Data Science,4 Years,"Boys Hostel, Girls Hostel"
"MET Institute of Engineering, Nashik",https://www.careers360.com/colleges/met-institute-of-engineering-nashik,Engineering,Nashik,Private,BE Civil Engineering,4 Years,"Boys Hostel, Girls Hostel"
"MET Institute of Engineering, Nashik",https://www.careers360.com/colleges/met-institute-of-engineering-nashik,Engineering,Nashik,Private,BE Electronics and Computer Engineering,4 Years,"Boys Hostel, Girls Hostel"
"MET Institute of Engineering, Nashik",https://www.careers360.com/colleges/met-institute-of-engineering-nashik,Engineering,Nashik,Private,BE Electrical Engineering,4 Years,"Boys Hostel, Girls Hostel"
"MET Institute of Engineering, Nashik",https://www.careers360.com/colleges/met-institute-of-engineering-nashik,Engineering,Nashik,Private,BE Electronics and Telecommunication Engineering,4 Years,"Boys Hostel, Girls Hostel"
"MET Institute of Engineering, Nashik",https://www.careers360.com/colleges/met-institute-of-engineering-nashik,Engineering,Nashik,Private,ME CAD CAM,2 Years,"Boys Hostel, Girls Hostel"
"MET Institute of Engineering, Nashik",https://www.careers360.com/colleges/met-institute-of-engineering-nashik,Engineering,Nashik,Private,ME Computer Engineering,2 Years,"Boys Hostel, Girls Hostel"
"MET Institute of Engineering, Nashik",https://www.careers360.com/colleges/met-institute-of-engineering-nashik,Engineering,Nashik,Private,Ph.D Mechanical Engineering,6 Years,"Boys Hostel, Girls Hostel"
"MET Institute of Technology Polytechnic, Nashik",https://www.careers360.com/colleges/met-institute-of-technology-polytechnic-nashik,Engineering,Nashik,Private,Diploma in Civil Engineering,3 Years,"Boys Hostel, Girls Hostel"
"MET Institute of Technology Polytechnic, Nashik",https://www.careers360.com/colleges/met-institute-of-technology-polytechnic-nashik,Engineering,Nashik,Private,Diploma in Mechanical Engineering,3 Years,"Boys Hostel, Girls Hostel"
"MET Institute of Technology Polytechnic, Nashik",https://www.careers360.com/colleges/met-institute-of-technology-polytechnic-nashik,Engineering,Nashik,Private,B.Tech Computer Science and Design,4 Years,"Boys Hostel, Girls Hostel"
"MET Institute of Technology Polytechnic, Nashik",https://www.careers360.com/colleges/met-institute-of-technology-polytechnic-nashik,Engineering,Nashik,Private,B.Tech Automation and Robotics,4 Years,"Boys Hostel, Girls Hostel"
"MET Institute of Technology Polytechnic, Nashik",https://www.careers360.com/colleges/met-institute-of-technology-polytechnic-nashik,Engineering,Nashik,Private,Diploma in Electrical Engineering,3 Years,"Boys Hostel, Girls Hostel"
"MET Institute of Technology Polytechnic, Nashik",https://www.careers360.com/colleges/met-institute-of-technology-polytechnic-nashik,Engineering,Nashik,Private,Diploma in Information Technology,3 Years,"Boys Hostel, Girls Hostel"
"MET Institute of Technology Polytechnic, Nashik",https://www.careers360.com/colleges/met-institute-of-technology-polytechnic-nashik,Engineering,Nashik,Private,B.Tech Civil and Environmental Engineering,4 Years,"Boys Hostel, Girls Hostel"
"Pune Vidhyarthi Griha's College of Engineering, Nashik",https://www.careers360.com/colleges/pune-vidhyarthi-grihas-college-of-engineering-nashik,Engineering,Nashik,Private,BE Computer Engineering,4 Years,
"Pune Vidhyarthi Griha's College of Engineering, Nashik",https://www.careers360.com/colleges/pune-vidhyarthi-grihas-college-of-engineering-nashik,Engineering,Nashik,Private,BE Information Technology,4 Years,
"Pune Vidhyarthi Griha's College of Engineering, Nashik",https://www.careers360.com/colleges/pune-vidhyarthi-grihas-college-of-engineering-nashik,Engineering,Nashik,Private,BE Artificial Intelligence and Data Science,4 Years,
"Pune Vidhyarthi Griha's College of Engineering, Nashik",https://www.careers360.com/colleges/pune-vidhyarthi-grihas-college-of-engineering-nashik,Engineering,Nashik,Private,BE Mechanical Engineering,4 Years,
"Pune Vidhyarthi Griha's College of Engineering, Nashik",https://www.careers360.com/colleges/pune-vidhyarthi-grihas-college-of-engineering-nashik,Engineering,Nashik,Private,BE Electronics and Telecommunication Engineering,4 Years,
"Pune Vidyarthi Griha's College of Engineering and SS Dhamankar Institute of Management, Nashik",https://www.careers360.com/colleges/pune-vidyarthi-grihas-college-of-engineering-and-ss-dhamankar-institute-of-management-nashik,Engineering,Nashik,Private,BE Mechanical Engineering,4 Years,
"Pune Vidyarthi Griha's College of Engineering and SS Dhamankar Institute of Management, Nashik",https://www.careers360.com/colleges/pune-vidyarthi-grihas-college-of-engineering-and-ss-dhamankar-institute-of-management-nashik,Engineering,Nashik,Private,BE Computer Engineering,4 Years,
"Pune Vidyarthi Griha's College of Engineering and SS Dhamankar Institute of Management, Nashik",https://www.careers360.com/colleges/pune-vidyarthi-grihas-college-of-engineering-and-ss-dhamankar-institute-of-management-nashik,Engineering,Nashik,Private,BE Information Technology,4 Years,
"Pune Vidyarthi Griha's College of Engineering and SS Dhamankar Institute of Management, Nashik",https://www.careers360.com/colleges/pune-vidyarthi-grihas-college-of-engineering-and-ss-dhamankar-institute-of-management-nashik,Engineering,Nashik,Private,BE Electronics and Telecommunications Engineering,4 Years,
"Pune Vidyarthi Griha's College of Engineering and SS Dhamankar Institute of Management, Nashik",https://www.careers360.com/colleges/pune-vidyarthi-grihas-college-of-engineering-and-ss-dhamankar-institute-of-management-nashik,Engineering,Nashik,Private,BE Artificial Intelligence and Data Science,4 Years,
"Rajarshi Shahu Maharaj Polytechnic, Nashik",https://www.careers360.com/colleges/rajarshi-shahu-maharaj-polytechnic-nashik,Engineering,Nashik,Private,Diploma in Information Technology,3 Years,"Boys Hostel, Girls Hostel"
"Rajarshi Shahu Maharaj Polytechnic, Nashik",https://www.careers360.com/colleges/rajarshi-shahu-maharaj-polytechnic-nashik,Engineering,Nashik,Private,Diploma in Electronics and Telecommunication Engineering,3 Years,"Boys Hostel, Girls Hostel"
"Rajarshi Shahu Maharaj Polytechnic, Nashik",https://www.careers360.com/colleges/rajarshi-shahu-maharaj-polytechnic-nashik,Engineering,Nashik,Private,Diploma in Electrical Engineering,3 Years,"Boys Hostel, Girls Hostel"
"Rajarshi Shahu Maharaj Polytechnic, Nashik",https://www.careers360.com/colleges/rajarshi-shahu-maharaj-polytechnic-nashik,Engineering,Nashik,Private,Diploma in Artificial Intelligence and Machine Learning,3 Years,"Boys Hostel, Girls Hostel"
"Rajarshi Shahu Maharaj Polytechnic, Nashik",https://www.careers360.com/colleges/rajarshi-shahu-maharaj-polytechnic-nashik,Engineering,Nashik,Private,Diploma in Mechanical Engineering,3 Years,"Boys Hostel, Girls Hostel"
"Rajarshi Shahu Polytechnic, Buldhana",https://www.careers360.com/colleges/rajarshi-shahu-polytechnic-buldhana,Engineering,Nashik,Private,Diploma in Electrical Engineering,3 Years,
"Rajarshi Shahu Polytechnic, Buldhana",https://www.careers360.com/colleges/rajarshi-shahu-polytechnic-buldhana,Engineering,Nashik,Private,Diploma in Mechanical Engineering,3 Years,
"Rajarshi Shahu Polytechnic, Buldhana",https://www.careers360.com/colleges/rajarshi-shahu-polytechnic-buldhana,Engineering,Nashik,Private,Diploma in Civil Engineering,3 Years,
"RH Sapat College of Engineering, Management Studies and Research, Nashik",https://www.careers360.com/colleges/rh-sapat-college-of-engineering-management-studies-and-research-nashik,Engineering,Nashik,Private,BE Computer Engineering,4 Years,"Boys Hostel, Girls Hostel"
"RH Sapat College of Engineering, Management Studies and Research, Nashik",https://www.careers360.com/colleges/rh-sapat-college-of-engineering-management-studies-and-research-nashik,Engineering,Nashik,Private,BE Electrical Engineering,4 Years,"Boys Hostel, Girls Hostel"
"RH Sapat College of Engineering, Management Studies and Research, Nashik",https://www.careers360.com/colleges/rh-sapat-college-of-engineering-management-studies-and-research-nashik,Engineering,Nashik,Private,BE Mechanical Engineering,4 Years,"Boys Hostel, Girls Hostel"
"RH Sapat College of Engineering, Management Studies and Research, Nashik",https://www.careers360.com/colleges/rh-sapat-college-of-engineering-management-studies-and-research-nashik,Engineering,Nashik,Private,BE Civil Engineering,4 Years,"Boys Hostel, Girls Hostel"
"RH Sapat College of Engineering, Management Studies and Research, Nashik",https://www.careers360.com/colleges/rh-sapat-college-of-engineering-management-studies-and-research-nashik,Engineering,Nashik,Private,BE Artificial Intelligence and Data Science,4 Years,"Boys Hostel, Girls Hostel"
"RH Sapat College of Engineering, Management Studies and Research, Nashik",https://www.careers360.com/colleges/rh-sapat-college-of-engineering-management-studies-and-research-nashik,Engineering,Nashik,Private,BE Electronics and Telecommunication Engineering,4 Years,"Boys Hostel, Girls Hostel"
"RH Sapat College of Engineering, Management Studies and Research, Nashik",https://www.careers360.com/colleges/rh-sapat-college-of-engineering-management-studies-and-research-nashik,Engineering,Nashik,Private,ME Mechanical Engineering Design,2 Years,"Boys Hostel, Girls Hostel"
"RH Sapat College of Engineering, Management Studies and Research, Nashik",https://www.careers360.com/colleges/rh-sapat-college-of-engineering-management-studies-and-research-nashik,Engineering,Nashik,Private,ME Power Electronics and Drives,2 Years,"Boys Hostel, Girls Hostel"
"RH Sapat College of Engineering, Management Studies and Research, Nashik",https://www.careers360.com/colleges/rh-sapat-college-of-engineering-management-studies-and-research-nashik,Engineering,Nashik,Private,ME Digital Systems,2 Years,"Boys Hostel, Girls Hostel"
"RH Sapat College of Engineering, Management Studies and Research, Nashik",https://www.careers360.com/colleges/rh-sapat-college-of-engineering-management-studies-and-research-nashik,Engineering,Nashik,Private,ME Computer Engineering,2 Years,"Boys Hostel, Girls Hostel"
"SIEM Nashik - Sandip Institute of Engineering and Management, Nashik",https://www.careers360.com/colleges/sandip-institute-of-engineering-and-management-nashik,Engineering,Nashik,Private,BE Computer Engineering,4 Years,"Boys Hostel, Girls Hostel"
"SIEM Nashik - Sandip Institute of Engineering and Management, Nashik",https://www.careers360.com/colleges/sandip-institute-of-engineering-and-management-nashik,Engineering,Nashik,Private,BE Mechanical Engineering,4 Years,"Boys Hostel, Girls Hostel"
"SIEM Nashik - Sandip Institute of Engineering and Management, Nashik",https://www.careers360.com/colleges/sandip-institute-of-engineering-and-management-nashik,Engineering,Nashik,Private,BE Electronics and Telecommunications Engineering,4 Years,"Boys Hostel, Girls Hostel"
"SIEM Nashik - Sandip Institute of Engineering and Management, Nashik",https://www.careers360.com/colleges/sandip-institute-of-engineering-and-management-nashik,Engineering,Nashik,Private,BE Information Technology,4 Years,"Boys Hostel, Girls Hostel"
"SIEM Nashik - Sandip Institute of Engineering and Management, Nashik",https://www.careers360.com/colleges/sandip-institute-of-engineering-and-management-nashik,Engineering,Nashik,Private,BE Artificial Intelligence and Data Science,4 Years,"Boys Hostel, Girls Hostel"
"SIEM Nashik - Sandip Institute of Engineering and Management, Nashik",https://www.careers360.com/colleges/sandip-institute-of-engineering-and-management-nashik,Engineering,Nashik,Private,BE Electrical Engineering,4 Years,"Boys Hostel, Girls Hostel"
"SIEM Nashik - Sandip Institute of Engineering and Management, Nashik",https://www.careers360.com/colleges/sandip-institute-of-engineering-and-management-nashik,Engineering,Nashik,Private,BE Civil Engineering,4 Years,"Boys Hostel, Girls Hostel"
"Sandip Institute of Polytechnic, Nashik",https://www.careers360.com/colleges/sandip-institute-of-polytechnic-nashik,Engineering,Nashik,Private,Diploma in Mechanical Engineering,3 Years,"Boys Hostel, Girls Hostel"
"Sandip Institute of Polytechnic, Nashik",https://www.careers360.com/colleges/sandip-institute-of-polytechnic-nashik,Engineering,Nashik,Private,Diploma in Electrical Engineering,3 Years,"Boys Hostel, Girls Hostel"
"Sandip Institute of Polytechnic, Nashik",https://www.careers360.com/colleges/sandip-institute-of-polytechnic-nashik,Engineering,Nashik,Private,Diploma in Electronics and Telecommunication Engineering,3 Years,"Boys Hostel, Girls Hostel"
"Sandip Institute of Polytechnic, Nashik",https://www.careers360.com/colleges/sandip-institute-of-polytechnic-nashik,Engineering,Nashik,Private,Diploma in Civil Engineering,3 Years,"Boys Hostel, Girls Hostel"
"Sandip Polytechnic, Nashik",https://www.careers360.com/colleges/sandip-polytechnic-nashik,Engineering,Nashik,Private,Diploma in Electrical Engineering,3 Years,"Boys Hostel, Girls Hostel"
"Sandip Polytechnic, Nashik",https://www.careers360.com/colleges/sandip-polytechnic-nashik,Engineering,Nashik,Private,Diploma in Mechanical Engineering,3 Years,"Boys Hostel, Girls Hostel"
"Sandip Polytechnic, Nashik",https://www.careers360.com/colleges/sandip-polytechnic-nashik,Engineering,Nashik,Private,Diploma in Civil Engineering,3 Years,"Boys Hostel, Girls Hostel"
"Sandip Polytechnic, Nashik",https://www.careers360.com/colleges/sandip-polytechnic-nashik,Engineering,Nashik,Private,Diploma in Information Technology,3 Years,"Boys Hostel, Girls Hostel"
"Sandip University, Nashik",https://www.careers360.com/university/sandip-university-nashik,Engineering,Nashik,Private,B.Tech Electronics and Telecommunication,4 Years,"Boys Hostel, Girls Hostel"
"Sandip University, Nashik",https://www.careers360.com/university/sandip-university-nashik,Engineering,Nashik,Private,B.Tech Electrical Engineering,4 Years,"Boys Hostel, Girls Hostel"
"Sandip University, Nashik",https://www.careers360.com/university/sandip-university-nashik,Engineering,Nashik,Private,B.Tech Aeronautical Engineering,4 Years,"Boys Hostel, Girls Hostel"
"Sanghavi College of Engineering, Nashik",https://www.careers360.com/colleges/sanghavi-college-of-engineering-nashik,Engineering,Nashik,Private,B.Tech Computer Engineering,4 Years,
"Sanghavi College of Engineering, Nashik",https://www.careers360.com/colleges/sanghavi-college-of-engineering-nashik,Engineering,Nashik,Private,B.Tech Civil Engineering,4 Years,
"Sanghavi College of Engineering, Nashik",https://www.careers360.com/colleges/sanghavi-college-of-engineering-nashik,Engineering,Nashik,Private,B.Tech Artificial Intelligence and Machine Learning,4 Years,
"Sanghavi College of Engineering, Nashik",https://www.careers360.com/colleges/sanghavi-college-of-engineering-nashik,Engineering,Nashik,Private,B.Tech Electrical Engineering,4 Years,
"Sanghavi College of Engineering, Nashik",https://www.careers360.com/colleges/sanghavi-college-of-engineering-nashik,Engineering,Nashik,Private,B.Tech Information Technology,4 Years,
"Sanghavi College of Engineering, Nashik",https://www.careers360.com/colleges/sanghavi-college-of-engineering-nashik,Engineering,Nashik,Private,B.Tech Mechanical Engineering,4 Years,
"Sanghavi College of Engineering, Nashik",https://www.careers360.com/colleges/sanghavi-college-of-engineering-nashik,Engineering,Nashik,Private,M.Tech Artificial Intelligence,2 Years,
"Sanghavi College of Engineering, Nashik",https://www.careers360.com/colleges/sanghavi-college-of-engineering-nashik,Engineering,Nashik,Private,M.Tech Computer Engineering,2 Years,
"School of Artillery, Nashik",https://www.careers360.com/colleges/school-of-artillery-nashik,Engineering,Nashik,Private,B.Tech Weapons Engineering,4 Years,Boys Hostel
"School of Artillery, Nashik",https://www.careers360.com/colleges/school-of-artillery-nashik,Engineering,Nashik,Private,M.Tech Weapons Engineering,2 Years,Boys Hostel
"Shatabdi Institute of Engineering and Research, Nashik",https://www.careers360.com/colleges/shatabdi-institute-of-engineering-and-research-nashik,Engineering,Nashik,Private,BE Electrical Engineering,4 Years,"Boys Hostel, Girls Hostel"
"Shatabdi Institute of Engineering and Research, Nashik",https://www.careers360.com/colleges/shatabdi-institute-of-engineering-and-research-nashik,Engineering,Nashik,Private,BE Mechanical Engineering,4 Years,"Boys Hostel, Girls Hostel"
"Shatabdi Institute of Engineering and Research, Nashik",https://www.careers360.com/colleges/shatabdi-institute-of-engineering-and-research-nashik,Engineering,Nashik,Private,BE Civil Engineering,4 Years,"Boys Hostel, Girls Hostel"
"Shatabdi Institute of Engineering and Research, Nashik",https://www.careers360.com/colleges/shatabdi-institute-of-engineering-and-research-nashik,Engineering,Nashik,Private,BE Electronics and Telecommunication Engineering,4 Years,"Boys Hostel, Girls Hostel"
"Shatabdi Institute of Engineering and Research, Nashik",https://www.careers360.com/colleges/shatabdi-institute-of-engineering-and-research-nashik,Engineering,Nashik,Private,BE Computer Engineering,4 Years,"Boys Hostel, Girls Hostel"
"Shatabdi Institute of Technology, Nashik",https://www.careers360.com/colleges/shatabdi-institute-of-technology-nashik,Engineering,Nashik,Private,Diploma in Electronics and Telecommunication Engineering,3 Years,"Boys Hostel, Girls Hostel"
"Shatabdi Institute of Technology, Nashik",https://www.careers360.com/colleges/shatabdi-institute-of-technology-nashik,Engineering,Nashik,Private,Diploma in Electrical Engineering,3 Years,"Boys Hostel, Girls Hostel"
"Shatabdi Institute of Technology, Nashik",https://www.careers360.com/colleges/shatabdi-institute-of-technology-nashik,Engineering,Nashik,Private,Diploma in Civil Engineering,3 Years,"Boys Hostel, Girls Hostel"
"Shatabdi Institute of Technology, Nashik",https://www.careers360.com/colleges/shatabdi-institute-of-technology-nashik,Engineering,Nashik,Private,Diploma in Mechanical Engineering,3 Years,"Boys Hostel, Girls Hostel"
"Shree Mahavir Education Society's Institute of Technology Polytechnic, Nashik",https://www.careers360.com/colleges/shree-mahavir-education-societys-institute-of-technology-polytechnic-nashik,Engineering,Nashik,Private,Diploma in Information Technology,3 Years,"Boys Hostel, Girls Hostel"
"Shree Mahavir Education Society's Institute of Technology Polytechnic, Nashik",https://www.careers360.com/colleges/shree-mahavir-education-societys-institute-of-technology-polytechnic-nashik,Engineering,Nashik,Private,Diploma in Mechanical Engineering,3 Years,"Boys Hostel, Girls Hostel"
"Shree Mahavir Education Society's Institute of Technology Polytechnic, Nashik",https://www.careers360.com/colleges/shree-mahavir-education-societys-institute-of-technology-polytechnic-nashik,Engineering,Nashik,Private,Diploma in Civil Engineering,3 Years,"Boys Hostel, Girls Hostel"
"Shree Mahavir Education Society's Institute of Technology Polytechnic, Nashik",https://www.careers360.com/colleges/shree-mahavir-education-societys-institute-of-technology-polytechnic-nashik,Engineering,Nashik,Private,Diploma in Electrical Engineering,3 Years,"Boys Hostel, Girls Hostel"
"Shree Mahavir Education Society's Institute of Technology Polytechnic, Nashik",https://www.careers360.com/colleges/shree-mahavir-education-societys-institute-of-technology-polytechnic-nashik,Engineering,Nashik,Private,Diploma in Artificial Intelligence and Machine Learning,3 Years,"Boys Hostel, Girls Hostel"
"Sir Dr MS Gosavi Polytechnic Institute, Nashik",https://www.careers360.com/colleges/sir-dr-ms-gosavi-polytechnic-institute-nashik,Engineering,Nashik,Private,Diploma in Mechanical Engineering,3 Years,
"Sir Dr MS Gosavi Polytechnic Institute, Nashik",https://www.careers360.com/colleges/sir-dr-ms-gosavi-polytechnic-institute-nashik,Engineering,Nashik,Private,Diploma in Electrical Engineering,3 Years,
"Sir Dr MS Gosavi Polytechnic Institute, Nashik",https://www.careers360.com/colleges/sir-dr-ms-gosavi-polytechnic-institute-nashik,Engineering,Nashik,Private,Diploma in Civil Engineering,3 Years,
"SNJB's Late Sau Kantabai Bhavarlalji Jain College of Engineering, Nashik",https://www.careers360.com/colleges/snjbs-late-sau-kantabai-bhavarlalji-jain-college-of-engineering-nashik,Engineering,Nashik,Private,BE Computer Engineering,4 Years,"Boys Hostel, Girls Hostel"
"SNJB's Late Sau Kantabai Bhavarlalji Jain College of Engineering, Nashik",https://www.careers360.com/colleges/snjbs-late-sau-kantabai-bhavarlalji-jain-college-of-engineering-nashik,Engineering,Nashik,Private,BE Artificial Intelligence and Data Science,4 Years,"Boys Hostel, Girls Hostel"
"SNJB's Late Sau Kantabai Bhavarlalji Jain College of Engineering, Nashik",https://www.careers360.com/colleges/snjbs-late-sau-kantabai-bhavarlalji-jain-college-of-engineering-nashik,Engineering,Nashik,Private,BE Electronics and Telecommunication Engineering,4 Years,"Boys Hostel, Girls Hostel"
"SNJB's Late Sau Kantabai Bhavarlalji Jain College of Engineering, Nashik",https://www.careers360.com/colleges/snjbs-late-sau-kantabai-bhavarlalji-jain-college-of-engineering-nashik,Engineering,Nashik,Private,BE Civil Engineering,4 Years,"Boys Hostel, Girls Hostel"
"SNJB's Late Sau Kantabai Bhavarlalji Jain College of Engineering, Nashik",https://www.careers360.com/colleges/snjbs-late-sau-kantabai-bhavarlalji-jain-college-of-engineering-nashik,Engineering,Nashik,Private,BE Mechanical Engineering,4 Years,"Boys Hostel, Girls Hostel"
"SNJB's Late Sau Kantabai Bhavarlalji Jain College of Engineering, Nashik",https://www.careers360.com/colleges/snjbs-late-sau-kantabai-bhavarlalji-jain-college-of-engineering-nashik,Engineering,Nashik,Private,M.Tech Computer Engineering,2 Years,"Boys Hostel, Girls Hostel"
"SNJB's Late Sau Kantabai Bhavarlalji Jain College of Engineering, Nashik",https://www.careers360.com/colleges/snjbs-late-sau-kantabai-bhavarlalji-jain-college-of-engineering-nashik,Engineering,Nashik,Private,M.Tech Mechanical Engineering,2 Years,"Boys Hostel, Girls Hostel"
"Sunsuba Polytechnic, Nashik",https://www.careers360.com/colleges/sunsuba-polytechnic-nashik,Engineering,Nashik,Private,Diploma in Mechanical Engineering,3 Years,Boys Hostel
"Sunsuba Polytechnic, Nashik",https://www.careers360.com/colleges/sunsuba-polytechnic-nashik,Engineering,Nashik,Private,Diploma in Electrical Engineering,3 Years,Boys Hostel
"Sunsuba Polytechnic, Nashik",https://www.careers360.com/colleges/sunsuba-polytechnic-nashik,Engineering,Nashik,Private,Diploma in Civil Engineering,3 Years,Boys Hostel
"Sunsuba Polytechnic, Nashik",https://www.careers360.com/colleges/sunsuba-polytechnic-nashik,Engineering,Nashik,Private,Diploma in Electronics and Telecommunication Engineering,3 Years,Boys Hostel
"Central India College of Law, Nagpur",https://www.careers360.com/colleges/central-india-college-of-law-nagpur,Law,Nagpur,Private,LLB,3 Years,
"Central India College of Law, Nagpur",https://www.careers360.com/colleges/central-india-college-of-law-nagpur,Law,Nagpur,Private,BA LLB,5 Years,
"Central India College of Law, Nagpur",https://www.careers360.com/colleges/central-india-college-of-law-nagpur,Law,Nagpur,Private,LLM Constitutional Law and Administrative Law,2 Years,
"Central India College of Law, Nagpur",https://www.careers360.com/colleges/central-india-college-of-law-nagpur,Law,Nagpur,Private,LLM Intellectual Property Laws.,2 Years,
"Central India College of Law, Nagpur",https://www.careers360.com/colleges/central-india-college-of-law-nagpur,Law,Nagpur,Private,LLM Criminal Law,2 Years,
"Central India College of Law, Nagpur",https://www.careers360.com/colleges/central-india-college-of-law-nagpur,Law,Nagpur,Private,LLM Intellectual Property Laws,2 Years,
"Central Province College of Law, Lonara",https://www.careers360.com/colleges/central-province-college-of-law-lonara,Law,Nagpur,Private,LLB,3 Years,
"Dr Ambedkar College, Nagpur",https://www.careers360.com/colleges/dr-ambedkar-college-nagpur,Law,Nagpur,Private,LLB,3 Years,
"Dr Ambedkar College, Nagpur",https://www.careers360.com/colleges/dr-ambedkar-college-nagpur,Law,Nagpur,Private,BA LLB,5 Years,
"Dr Ambedkar College, Nagpur",https://www.careers360.com/colleges/dr-ambedkar-college-nagpur,Law,Nagpur,Private,LLM Constitutional and Administrative Law,2 Years,
"Dr Ambedkar College, Nagpur",https://www.careers360.com/colleges/dr-ambedkar-college-nagpur,Law,Nagpur,Private,LLM Business Law,2 Years,
"Dr Ambedkar College, Nagpur",https://www.careers360.com/colleges/dr-ambedkar-college-nagpur,Law,Nagpur,Private,PGD Cyber Law,1 Year,
"Dr Babasaheb Ambedkar College of Law, Nagpur",https://www.careers360.com/colleges/dr-babasaheb-ambedkar-college-of-law-nagpur,Law,Nagpur,Private,LLB,3 Years,"Boys Hostel, Girls Hostel"
"Dr Babasaheb Ambedkar College of Law, Nagpur",https://www.careers360.com/colleges/dr-babasaheb-ambedkar-college-of-law-nagpur,Law,Nagpur,Private,BA LLB Integrated,5 Years,"Boys Hostel, Girls Hostel"
"Dr BRA Law College, Nagpur",https://www.careers360.com/colleges/dr-bra-law-college-nagpur,Law,Nagpur,Private,LLB,3 Years,
"Dr BRA Law College, Nagpur",https://www.careers360.com/colleges/dr-bra-law-college-nagpur,Law,Nagpur,Private,BA LLB,5 Years,
"GH Raisoni Law School, Nagpur",https://www.careers360.com/colleges/gh-raisoni-law-school-nagpur,Law,Nagpur,Private,LLB,3 Years,"Boys Hostel, Girls Hostel"
"GH Raisoni Law School, Nagpur",https://www.careers360.com/colleges/gh-raisoni-law-school-nagpur,Law,Nagpur,Private,BA LLB,5 Years,"Boys Hostel, Girls Hostel"
"Government Institute of Forensic Science, Nagpur",https://www.careers360.com/colleges/government-institute-of-forensic-science-nagpur,Law,Nagpur,Government,PGD Digital and Cyber Forensic and Related Law,1 Year,"Boys Hostel, Girls Hostel"
"Late Govindrao Wanjari College of Law, Nagpur",https://www.careers360.com/colleges/late-govindrao-wanjari-college-of-law-nagpur,Law,Nagpur,Private,PG Diploma in Cyber Law and Information Technology,1 Year,"Girls Hostel, Boys Hostel"
"Late Govindrao Wanjari College of Law, Nagpur",https://www.careers360.com/colleges/late-govindrao-wanjari-college-of-law-nagpur,Law,Nagpur,Private,LLM Business Laws,2 Years,"Girls Hostel, Boys Hostel"
"Late Govindrao Wanjari College of Law, Nagpur",https://www.careers360.com/colleges/late-govindrao-wanjari-college-of-law-nagpur,Law,Nagpur,Private,BA LLB,5 Years,"Girls Hostel, Boys Hostel"
"Late Govindrao Wanjari College of Law, Nagpur",https://www.careers360.com/colleges/late-govindrao-wanjari-college-of-law-nagpur,Law,Nagpur,Private,LLM International Law,2 Years,"Girls Hostel, Boys Hostel"
"Late Govindrao Wanjari College of Law, Nagpur",https://www.careers360.com/colleges/late-govindrao-wanjari-college-of-law-nagpur,Law,Nagpur,Private,LLB,3 Years,"Girls Hostel, Boys Hostel"
"Late Govindrao Wanjari College of Law, Nagpur",https://www.careers360.com/colleges/late-govindrao-wanjari-college-of-law-nagpur,Law,Nagpur,Private,LLM Constitutional and Administrative Law,2 Years,"Girls Hostel, Boys Hostel"
"Late Govindrao Wanjari College of Law, Nagpur",https://www.careers360.com/colleges/late-govindrao-wanjari-college-of-law-nagpur,Law,Nagpur,Private,LLM Intellectual Property Law,2 Years,"Girls Hostel, Boys Hostel"
"MNLU Nagpur - Maharashtra National Law University, Nagpur",https://www.careers360.com/university/maharashtra-national-law-university-nagpur,Law,Nagpur,Government,BA LLB,5 Years,"Boys Hostel, Girls Hostel"
"MNLU Nagpur - Maharashtra National Law University, Nagpur",https://www.careers360.com/university/maharashtra-national-law-university-nagpur,Law,Nagpur,Government,LLM,1 Year,"Boys Hostel, Girls Hostel"
"MNLU Nagpur - Maharashtra National Law University, Nagpur",https://www.careers360.com/university/maharashtra-national-law-university-nagpur,Law,Nagpur,Government,BBA LLB Hons,5 Years,"Boys Hostel, Girls Hostel"
"MNLU Nagpur - Maharashtra National Law University, Nagpur",https://www.careers360.com/university/maharashtra-national-law-university-nagpur,Law,Nagpur,Government,BA LLB Honours in Adjudication and Justicing,5 Years,"Boys Hostel, Girls Hostel"
"MNLU Nagpur - Maharashtra National Law University, Nagpur",https://www.careers360.com/university/maharashtra-national-law-university-nagpur,Law,Nagpur,Government,PG Diploma in Labour and Industrial Law,1 Year,"Boys Hostel, Girls Hostel"
"MNLU Nagpur - Maharashtra National Law University, Nagpur",https://www.careers360.com/university/maharashtra-national-law-university-nagpur,Law,Nagpur,Government,PG Diploma in International Trade Law,1 Year,"Boys Hostel, Girls Hostel"
"MNLU Nagpur - Maharashtra National Law University, Nagpur",https://www.careers360.com/university/maharashtra-national-law-university-nagpur,Law,Nagpur,Government,PG Diploma in Forensic Science and Law,1 Year,"Boys Hostel, Girls Hostel"
"MNLU Nagpur - Maharashtra National Law University, Nagpur",https://www.careers360.com/university/maharashtra-national-law-university-nagpur,Law,Nagpur,Government,PG Diploma in Banking Law,1 Year,"Boys Hostel, Girls Hostel"
"MNLU Nagpur - Maharashtra National Law University, Nagpur",https://www.careers360.com/university/maharashtra-national-law-university-nagpur,Law,Nagpur,Government,PG Diploma in Real Estate Law,1 Year,"Boys Hostel, Girls Hostel"
"MNLU Nagpur - Maharashtra National Law University, Nagpur",https://www.careers360.com/university/maharashtra-national-law-university-nagpur,Law,Nagpur,Government,PG Diploma in Maritime Law,1 Year,"Boys Hostel, Girls Hostel"
"MNLU Nagpur - Maharashtra National Law University, Nagpur",https://www.careers360.com/university/maharashtra-national-law-university-nagpur,Law,Nagpur,Government,PG Diploma in Infrastructure  Law,1 Year,"Boys Hostel, Girls Hostel"
"MNLU Nagpur - Maharashtra National Law University, Nagpur",https://www.careers360.com/university/maharashtra-national-law-university-nagpur,Law,Nagpur,Government,PG Diploma in Cyber Law and Artificial Intelligence,1 Year,"Boys Hostel, Girls Hostel"
"MNLU Nagpur - Maharashtra National Law University, Nagpur",https://www.careers360.com/university/maharashtra-national-law-university-nagpur,Law,Nagpur,Government,PG Diploma in Aviation Law,1 Year,"Boys Hostel, Girls Hostel"
"RTMNU Nagpur - Rashtrasant Tukadoji Maharaj Nagpur University, Nagpur",https://www.careers360.com/university/rashtrasant-tukadoji-maharaj-nagpur-university-nagpur,Law,Nagpur,Government,LLB,3 Years,"Boys Hostel, Girls Hostel"
"RTMNU Nagpur - Rashtrasant Tukadoji Maharaj Nagpur University, Nagpur",https://www.careers360.com/university/rashtrasant-tukadoji-maharaj-nagpur-university-nagpur,Law,Nagpur,Government,BA LLB,5 Years,"Boys Hostel, Girls Hostel"
"SLS Nagpur - Symbiosis Law School, Nagpur",https://www.careers360.com/colleges/symbiosis-law-school-nagpur,Law,Nagpur,Private,BA LLB,5 Years,"Boys Hostel, Girls Hostel"
"SLS Nagpur - Symbiosis Law School, Nagpur",https://www.careers360.com/colleges/symbiosis-law-school-nagpur,Law,Nagpur,Private,BBA LLB,5 Years,"Boys Hostel, Girls Hostel"
"SLS Nagpur - Symbiosis Law School, Nagpur",https://www.careers360.com/colleges/symbiosis-law-school-nagpur,Law,Nagpur,Private,LLM Criminal and Security Law,1 Year,"Boys Hostel, Girls Hostel"
"SLS Nagpur - Symbiosis Law School, Nagpur",https://www.careers360.com/colleges/symbiosis-law-school-nagpur,Law,Nagpur,Private,LLM Business and Corporate Law,1 Year,"Boys Hostel, Girls Hostel"
"Abhinav Education Society College of Law, Pune",https://www.careers360.com/colleges/abhinav-education-society-college-of-law-pune,Law,Nagpur,Private,LLB,3 Years,
"Abhinav Education Society College of Law, Pune",https://www.careers360.com/colleges/abhinav-education-society-college-of-law-pune,Law,Nagpur,Private,BA LLB,5 Years,
"Abhinav Education Society College of Law, Pune",https://www.careers360.com/colleges/abhinav-education-society-college-of-law-pune,Law,Nagpur,Private,Diploma in Taxation Law,1 Year,
"Adsul Law College, Ahmednagar",https://www.careers360.com/colleges/adsul-law-college-ahmednagar,Law,Nagpur,Private,LLB,3 Years,"Boys Hostel, Girls Hostel"
"Adv Balasahab Apte College of Law, Mumbai",https://www.careers360.com/colleges/adv-balasahab-apte-college-of-law-mumbai,Law,Nagpur,Private,BA LLB,5 Years,
"Adv Balasahab Apte College of Law, Mumbai",https://www.careers360.com/colleges/adv-balasahab-apte-college-of-law-mumbai,Law,Nagpur,Private,LLB,3 Years,
"Adv Balasahab Apte College of Law, Mumbai",https://www.careers360.com/colleges/adv-balasahab-apte-college-of-law-mumbai,Law,Nagpur,Private,BLS LLB,5 Years,
"Adv Balasaheb Apte College of Law, Mumbai",https://www.careers360.com/colleges/adv-balasaheb-apte-college-of-law-mumbai,Law,Nagpur,Private,BLS LLB,5 Years,
"Adv Balasaheb Apte College of Law, Mumbai",https://www.careers360.com/colleges/adv-balasaheb-apte-college-of-law-mumbai,Law,Nagpur,Private,LLB,3 Years,
"Adv Balasaheb Apte College of Law, Mumbai",https://www.careers360.com/colleges/adv-balasaheb-apte-college-of-law-mumbai,Law,Nagpur,Private,BA LLB,5 Years,
"Adv BD Hambarde Mahavidyalaya, Ashti",https://www.careers360.com/colleges/adv-bd-hambarde-mahavidyalaya-ashti,Law,Nagpur,Private,LLB,3 Years,Girls Hostel
"Advocate Ramkrishnaji Rathi Law College, Washim",https://www.careers360.com/colleges/advocate-ramkrishnaji-rathi-law-college-washim,Law,Nagpur,Private,LLB,3 Years,
"Advocate Ramkrishnaji Rathi Law College, Washim",https://www.careers360.com/colleges/advocate-ramkrishnaji-rathi-law-college-washim,Law,Nagpur,Private,LLM Criminal Law,2 Years,
"Advocate Ramkrishnaji Rathi Law College, Washim",https://www.careers360.com/colleges/advocate-ramkrishnaji-rathi-law-college-washim,Law,Nagpur,Private,LLM Business Law,2 Years,
"Adv PC Patil Law College, Navi Mumbai",https://www.careers360.com/colleges/adv-pc-patil-law-college-navi-mumbai,Law,Nagpur,Private,BA LLB,5 Years,
"Adv PC Patil Law College, Navi Mumbai",https://www.careers360.com/colleges/adv-pc-patil-law-college-navi-mumbai,Law,Nagpur,Private,LLB,3 Years,
"Agnel School of Law, Navi Mumbai",https://www.careers360.com/colleges/agnel-school-of-law-navi-mumbai,Law,Nagpur,Private,LLB,3 Years,"Boys Hostel, Girls Hostel"
"Agnel School of Law, Navi Mumbai",https://www.careers360.com/colleges/agnel-school-of-law-navi-mumbai,Law,Nagpur,Private,BA LLB,5 Years,"Boys Hostel, Girls Hostel"
"Agnel School of Law, Navi Mumbai",https://www.careers360.com/colleges/agnel-school-of-law-navi-mumbai,Law,Nagpur,Private,BLS LLB Integrated,5 Years,"Boys Hostel, Girls Hostel"
"Agnihotri College of Law, Wardha",https://www.careers360.com/colleges/agnihotri-college-of-law-wardha,Law,Nagpur,Private,L.L.B,3 Years,
"Agnihotri College of Law, Wardha",https://www.careers360.com/colleges/agnihotri-college-of-law-wardha,Law,Nagpur,Private,BA LLB,5 Years,
"New Law College Ahmednagar - Ahmednagar Jilha Maratha Vidya Prasarak Samajs New Law College, Ahmednagar",https://www.careers360.com/colleges/ahmednagar-jilha-maratha-vidya-prasarak-samajs-new-law-college-ahmednagar,Law,Nagpur,Private,LLB,3 Years,"Boys Hostel, Girls Hostel"
"New Law College Ahmednagar - Ahmednagar Jilha Maratha Vidya Prasarak Samajs New Law College, Ahmednagar",https://www.careers360.com/colleges/ahmednagar-jilha-maratha-vidya-prasarak-samajs-new-law-college-ahmednagar,Law,Nagpur,Private,BA LLB,5 Years,"Boys Hostel, Girls Hostel"
"New Law College Ahmednagar - Ahmednagar Jilha Maratha Vidya Prasarak Samajs New Law College, Ahmednagar",https://www.careers360.com/colleges/ahmednagar-jilha-maratha-vidya-prasarak-samajs-new-law-college-ahmednagar,Law,Nagpur,Private,Diploma in Taxation Law,1 Year,"Boys Hostel, Girls Hostel"
"New Law College Ahmednagar - Ahmednagar Jilha Maratha Vidya Prasarak Samajs New Law College, Ahmednagar",https://www.careers360.com/colleges/ahmednagar-jilha-maratha-vidya-prasarak-samajs-new-law-college-ahmednagar,Law,Nagpur,Private,LLM,2 Years,"Boys Hostel, Girls Hostel"
"ADYPU, Pune - Ajeenkya DY Patil University, Pune",https://www.careers360.com/university/ajeenkya-dy-patil-university-pune,Law,Nagpur,Private,BA LLB Integrated,5 Years,"Boys Hostel, Girls Hostel"
"ADYPU, Pune - Ajeenkya DY Patil University, Pune",https://www.careers360.com/university/ajeenkya-dy-patil-university-pune,Law,Nagpur,Private,LLB,3 Years,"Boys Hostel, Girls Hostel"
"ADYPU, Pune - Ajeenkya DY Patil University, Pune",https://www.careers360.com/university/ajeenkya-dy-patil-university-pune,Law,Nagpur,Private,LLB,3 Years,"Boys Hostel, Girls Hostel"
"ADYPU, Pune - Ajeenkya DY Patil University, Pune",https://www.careers360.com/university/ajeenkya-dy-patil-university-pune,Law,Nagpur,Private,BA LLB,5 Years,"Boys Hostel, Girls Hostel"
"ADYPU, Pune - Ajeenkya DY Patil University, Pune",https://www.careers360.com/university/ajeenkya-dy-patil-university-pune,Law,Nagpur,Private,LLM,1 Year,"Boys Hostel, Girls Hostel"
"Ajeenkya DY Patil University School of Law, Pune",https://www.careers360.com/colleges/ajeenkya-dy-patil-university-school-of-law-pune,Law,Nagpur,Private,LLB,3 Years,
"Ajeenkya DY Patil University School of Law, Pune",https://www.careers360.com/colleges/ajeenkya-dy-patil-university-school-of-law-pune,Law,Nagpur,Private,BA LLB,5 Years,
"Ajeenkya DY Patil University School of Law, Pune",https://www.careers360.com/colleges/ajeenkya-dy-patil-university-school-of-law-pune,Law,Nagpur,Private,LLM,1 Year,
"AK Khan New Law Academy, Pune",https://www.careers360.com/colleges/ak-khan-new-law-academy-pune,Law,Nagpur,Private,LLB,3 Years,"Boys Hostel, Girls Hostel"
"AK Khan New Law Academy, Pune",https://www.careers360.com/colleges/ak-khan-new-law-academy-pune,Law,Nagpur,Private,BA LLB,5 Years,"Boys Hostel, Girls Hostel"
"AK Khan New Law Academy, Pune",https://www.careers360.com/colleges/ak-khan-new-law-academy-pune,Law,Nagpur,Private,LLM,2 Years,"Boys Hostel, Girls Hostel"
"AK Khan New Law Academy, Pune",https://www.careers360.com/colleges/ak-khan-new-law-academy-pune,Law,Nagpur,Private,Diploma in Taxation Law,1 Year,"Boys Hostel, Girls Hostel"
"Akola Law College, Akola",https://www.careers360.com/colleges/akola-law-college-akola,Law,Nagpur,Private,BA LLB,5 Years,
"Akola Law College, Akola",https://www.careers360.com/colleges/akola-law-college-akola,Law,Nagpur,Private,LLB,3 Years,
"Alard School Of Law, Pune",https://www.careers360.com/colleges/alard-school-of-law-pune,Law,Nagpur,Private,LLB,3 Years,
"Alard School Of Law, Pune",https://www.careers360.com/colleges/alard-school-of-law-pune,Law,Nagpur,Private,BA LLB,5 Years,
"Alard School Of Law, Pune",https://www.careers360.com/colleges/alard-school-of-law-pune,Law,Nagpur,Private,LLM Corporate Law,2 Years,
"Alard School Of Law, Pune",https://www.careers360.com/colleges/alard-school-of-law-pune,Law,Nagpur,Private,LLM Criminal Law,2 Years,
"Alard School Of Law, Pune",https://www.careers360.com/colleges/alard-school-of-law-pune,Law,Nagpur,Private,LLM Constitutional Law,2 Years,
"Amity Law School, Mumbai",https://www.careers360.com/colleges/amity-law-school-mumbai,Law,Nagpur,Private,BA LLB Hons,5 Years,"Boys Hostel, Girls Hostel"
"Amity Law School, Mumbai",https://www.careers360.com/colleges/amity-law-school-mumbai,Law,Nagpur,Private,LLB,3 Years,"Boys Hostel, Girls Hostel"
"Amity Law School, Mumbai",https://www.careers360.com/colleges/amity-law-school-mumbai,Law,Nagpur,Private,B.Sc LLB Hons,5 Years,"Boys Hostel, Girls Hostel"
"Amity Law School, Mumbai",https://www.careers360.com/colleges/amity-law-school-mumbai,Law,Nagpur,Private,BBA LLB Hons,5 Years,"Boys Hostel, Girls Hostel"
"Amity Law School, Mumbai",https://www.careers360.com/colleges/amity-law-school-mumbai,Law,Nagpur,Private,B.Com LLB Hons,5 Years,"Boys Hostel, Girls Hostel"
"Amity Law School, Mumbai",https://www.careers360.com/colleges/amity-law-school-mumbai,Law,Nagpur,Private,LLM,1 Year,"Boys Hostel, Girls Hostel"
"Amolakchand Law College, Yavatmal",https://www.careers360.com/colleges/amolakchand-law-college-yavatmal,Law,Nagpur,Private,BA LLB,5 Years,
"Amolakchand Law College, Yavatmal",https://www.careers360.com/colleges/amolakchand-law-college-yavatmal,Law,Nagpur,Private,LLB,3 Years,
"Mahatma Gandhi Vidyamandirs Karmaveer Bhausaheb Hiray Law College, Malegaon",https://www.careers360.com/colleges/mahatma-gandhi-vidyamandirs-karmaveer-bhausaheb-hiray-law-college-malegaon,Law,Nashik,Private,LLB,3 Years,
"Mahatma Gandhi Vidyamandirs Karmaveer Bhausaheb Hiray Law College, Malegaon",https://www.careers360.com/colleges/mahatma-gandhi-vidyamandirs-karmaveer-bhausaheb-hiray-law-college-malegaon,Law,Nashik,Private,Diploma in Taxation Law,1 Year,
"MGV's Samajshree Prashantdada Hiray Law College, Nashik",https://www.careers360.com/colleges/mgvs-samajshree-prashantdada-hiray-law-college-nashik,Law,Nashik,Private,BA LLB,5 Years,
"MGV's Samajshree Prashantdada Hiray Law College, Nashik",https://www.careers360.com/colleges/mgvs-samajshree-prashantdada-hiray-law-college-nashik,Law,Nashik,Private,Diploma in Labour Law and Labour Welfare,1 Year,
"MGV's Samajshree Prashantdada Hiray Law College, Nashik",https://www.careers360.com/colleges/mgvs-samajshree-prashantdada-hiray-law-college-nashik,Law,Nashik,Private,Diploma in Cyber Law,1 Year,
"MVP Samaj's Law College, Nashik",https://www.careers360.com/colleges/mvp-samajs-law-college-nashik,Law,Nashik,Private,LLB,3 Years,
"MVP Samaj's Law College, Nashik",https://www.careers360.com/colleges/mvp-samajs-law-college-nashik,Law,Nashik,Private,BA LLB,5 Years,
"MVP Samaj's Law College, Nashik",https://www.careers360.com/colleges/mvp-samajs-law-college-nashik,Law,Nashik,Private,Diploma in Intellectual Property Rights Law,1 Year,
"Navjeevan Law College, Nashik",https://www.careers360.com/colleges/navjeevan-law-college-nashik,Law,Nashik,Private,LLB,3 Years,
"Navjeevan Law College, Nashik",https://www.careers360.com/colleges/navjeevan-law-college-nashik,Law,Nashik,Private,Diploma in Taxation Law,1 Year,
"Navjeevan Law College, Nashik",https://www.careers360.com/colleges/navjeevan-law-college-nashik,Law,Nashik,Private,BA LLB,5 Years,
"Navjeevan Law College, Nashik",https://www.careers360.com/colleges/navjeevan-law-college-nashik,Law,Nashik,Private,Diploma in Labour Law and Labour Welfare,1 Year,
"N B Thakur Law College, Nashik",https://www.careers360.com/colleges/n-b-thakur-law-college-nashik,Law,Nashik,Private,LLB,3 Years,
"N B Thakur Law College, Nashik",https://www.careers360.com/colleges/n-b-thakur-law-college-nashik,Law,Nashik,Private,Diploma in Taxation Law,1 Year,
"N B Thakur Law College, Nashik",https://www.careers360.com/colleges/n-b-thakur-law-college-nashik,Law,Nashik,Private,BA LLB Integrated,5 Years,
"N B Thakur Law College, Nashik",https://www.careers360.com/colleges/n-b-thakur-law-college-nashik,Law,Nashik,Private,Diploma in Cyber Law,1 Year,
"N B Thakur Law College, Nashik",https://www.careers360.com/colleges/n-b-thakur-law-college-nashik,Law,Nashik,Private,LLM,2 Years,
"School of Law, Sandip University, Nashik",https://www.careers360.com/colleges/school-of-law-sandip-university-nashik,Law,Nashik,Private,BBA LLB Hons,5 Years,
"School of Law, Sandip University, Nashik",https://www.careers360.com/colleges/school-of-law-sandip-university-nashik,Law,Nashik,Private,BA LLB Hons,5 Years,
"School of Law, Sandip University, Nashik",https://www.careers360.com/colleges/school-of-law-sandip-university-nashik,Law,Nashik,Private,LLB Hons,3 Years,
"School of Law, Sandip University, Nashik",https://www.careers360.com/colleges/school-of-law-sandip-university-nashik,Law,Nashik,Private,LLM Criminal Law,2 Years,
"School of Law, Sandip University, Nashik",https://www.careers360.com/colleges/school-of-law-sandip-university-nashik,Law,Nashik,Private,LLM Corporate and Commercial Law,2 Years,
"School of Law, Sandip University, Nashik",https://www.careers360.com/colleges/school-of-law-sandip-university-nashik,Law,Nashik,Private,LLM Constitutional and Administrative Law,2 Years,
"Abhinav Education Society College of Law, Pune",https://www.careers360.com/colleges/abhinav-education-society-college-of-law-pune,Law,Nashik,Private,LLB,3 Years,
"Abhinav Education Society College of Law, Pune",https://www.careers360.com/colleges/abhinav-education-society-college-of-law-pune,Law,Nashik,Private,BA LLB,5 Years,
"Abhinav Education Society College of Law, Pune",https://www.careers360.com/colleges/abhinav-education-society-college-of-law-pune,Law,Nashik,Private,Diploma in Taxation Law,1 Year,
"Adsul Law College, Ahmednagar",https://www.careers360.com/colleges/adsul-law-college-ahmednagar,Law,Nashik,Private,LLB,3 Years,"Boys Hostel, Girls Hostel"
"Adv Balasahab Apte College of Law, Mumbai",https://www.careers360.com/colleges/adv-balasahab-apte-college-of-law-mumbai,Law,Nashik,Private,BA LLB,5 Years,
"Adv Balasahab Apte College of Law, Mumbai",https://www.careers360.com/colleges/adv-balasahab-apte-college-of-law-mumbai,Law,Nashik,Private,LLB,3 Years,
"Adv Balasahab Apte College of Law, Mumbai",https://www.careers360.com/colleges/adv-balasahab-apte-college-of-law-mumbai,Law,Nashik,Private,BLS LLB,5 Years,
"Adv Balasaheb Apte College of Law, Mumbai",https://www.careers360.com/colleges/adv-balasaheb-apte-college-of-law-mumbai,Law,Nashik,Private,BLS LLB,5 Years,
"Adv Balasaheb Apte College of Law, Mumbai",https://www.careers360.com/colleges/adv-balasaheb-apte-college-of-law-mumbai,Law,Nashik,Private,LLB,3 Years,
"Adv Balasaheb Apte College of Law, Mumbai",https://www.careers360.com/colleges/adv-balasaheb-apte-college-of-law-mumbai,Law,Nashik,Private,BA LLB,5 Years,
"Adv BD Hambarde Mahavidyalaya, Ashti",https://www.careers360.com/colleges/adv-bd-hambarde-mahavidyalaya-ashti,Law,Nashik,Private,LLB,3 Years,Girls Hostel
"Advocate Ramkrishnaji Rathi Law College, Washim",https://www.careers360.com/colleges/advocate-ramkrishnaji-rathi-law-college-washim,Law,Nashik,Private,LLB,3 Years,
"Advocate Ramkrishnaji Rathi Law College, Washim",https://www.careers360.com/colleges/advocate-ramkrishnaji-rathi-law-college-washim,Law,Nashik,Private,LLM Criminal Law,2 Years,
"Advocate Ramkrishnaji Rathi Law College, Washim",https://www.careers360.com/colleges/advocate-ramkrishnaji-rathi-law-college-washim,Law,Nashik,Private,LLM Business Law,2 Years,
"Adv PC Patil Law College, Navi Mumbai",https://www.careers360.com/colleges/adv-pc-patil-law-college-navi-mumbai,Law,Nashik,Private,BA LLB,5 Years,
"Adv PC Patil Law College, Navi Mumbai",https://www.careers360.com/colleges/adv-pc-patil-law-college-navi-mumbai,Law,Nashik,Private,LLB,3 Years,
"Agnel School of Law, Navi Mumbai",https://www.careers360.com/colleges/agnel-school-of-law-navi-mumbai,Law,Nashik,Private,LLB,3 Years,"Boys Hostel, Girls Hostel"
"Agnel School of Law, Navi Mumbai",https://www.careers360.com/colleges/agnel-school-of-law-navi-mumbai,Law,Nashik,Private,BA LLB,5 Years,"Boys Hostel, Girls Hostel"
"Agnel School of Law, Navi Mumbai",https://www.careers360.com/colleges/agnel-school-of-law-navi-mumbai,Law,Nashik,Private,BLS LLB Integrated,5 Years,"Boys Hostel, Girls Hostel"
"Agnihotri College of Law, Wardha",https://www.careers360.com/colleges/agnihotri-college-of-law-wardha,Law,Nashik,Private,L.L.B,3 Years,
"Agnihotri College of Law, Wardha",https://www.careers360.com/colleges/agnihotri-college-of-law-wardha,Law,Nashik,Private,BA LLB,5 Years,
"New Law College Ahmednagar - Ahmednagar Jilha Maratha Vidya Prasarak Samajs New Law College, Ahmednagar",https://www.careers360.com/colleges/ahmednagar-jilha-maratha-vidya-prasarak-samajs-new-law-college-ahmednagar,Law,Nashik,Private,LLB,3 Years,"Boys Hostel, Girls Hostel"
"New Law College Ahmednagar - Ahmednagar Jilha Maratha Vidya Prasarak Samajs New Law College, Ahmednagar",https://www.careers360.com/colleges/ahmednagar-jilha-maratha-vidya-prasarak-samajs-new-law-college-ahmednagar,Law,Nashik,Private,BA LLB,5 Years,"Boys Hostel, Girls Hostel"
"New Law College Ahmednagar - Ahmednagar Jilha Maratha Vidya Prasarak Samajs New Law College, Ahmednagar",https://www.careers360.com/colleges/ahmednagar-jilha-maratha-vidya-prasarak-samajs-new-law-college-ahmednagar,Law,Nashik,Private,Diploma in Taxation Law,1 Year,"Boys Hostel, Girls Hostel"
"New Law College Ahmednagar - Ahmednagar Jilha Maratha Vidya Prasarak Samajs New Law College, Ahmednagar",https://www.careers360.com/colleges/ahmednagar-jilha-maratha-vidya-prasarak-samajs-new-law-college-ahmednagar,Law,Nashik,Private,LLM,2 Years,"Boys Hostel, Girls Hostel"
"ADYPU, Pune - Ajeenkya DY Patil University, Pune",https://www.careers360.com/university/ajeenkya-dy-patil-university-pune,Law,Nashik,Private,BA LLB Integrated,5 Years,"Boys Hostel, Girls Hostel"
"ADYPU, Pune - Ajeenkya DY Patil University, Pune",https://www.careers360.com/university/ajeenkya-dy-patil-university-pune,Law,Nashik,Private,LLB,3 Years,"Boys Hostel, Girls Hostel"
"ADYPU, Pune - Ajeenkya DY Patil University, Pune",https://www.careers360.com/university/ajeenkya-dy-patil-university-pune,Law,Nashik,Private,LLB,3 Years,"Boys Hostel, Girls Hostel"
"ADYPU, Pune - Ajeenkya DY Patil University, Pune",https://www.careers360.com/university/ajeenkya-dy-patil-university-pune,Law,Nashik,Private,BA LLB,5 Years,"Boys Hostel, Girls Hostel"
"ADYPU, Pune - Ajeenkya DY Patil University, Pune",https://www.careers360.com/university/ajeenkya-dy-patil-university-pune,Law,Nashik,Private,LLM,1 Year,"Boys Hostel, Girls Hostel"
"Ajeenkya DY Patil University School of Law, Pune",https://www.careers360.com/colleges/ajeenkya-dy-patil-university-school-of-law-pune,Law,Nashik,Private,LLB,3 Years,
"Ajeenkya DY Patil University School of Law, Pune",https://www.careers360.com/colleges/ajeenkya-dy-patil-university-school-of-law-pune,Law,Nashik,Private,BA LLB,5 Years,
"Ajeenkya DY Patil University School of Law, Pune",https://www.careers360.com/colleges/ajeenkya-dy-patil-university-school-of-law-pune,Law,Nashik,Private,LLM,1 Year,
"AK Khan New Law Academy, Pune",https://www.careers360.com/colleges/ak-khan-new-law-academy-pune,Law,Nashik,Private,LLB,3 Years,"Boys Hostel, Girls Hostel"
"AK Khan New Law Academy, Pune",https://www.careers360.com/colleges/ak-khan-new-law-academy-pune,Law,Nashik,Private,BA LLB,5 Years,"Boys Hostel, Girls Hostel"
"AK Khan New Law Academy, Pune",https://www.careers360.com/colleges/ak-khan-new-law-academy-pune,Law,Nashik,Private,LLM,2 Years,"Boys Hostel, Girls Hostel"
"AK Khan New Law Academy, Pune",https://www.careers360.com/colleges/ak-khan-new-law-academy-pune,Law,Nashik,Private,Diploma in Taxation Law,1 Year,"Boys Hostel, Girls Hostel"
"Akola Law College, Akola",https://www.careers360.com/colleges/akola-law-college-akola,Law,Nashik,Private,BA LLB,5 Years,
"Akola Law College, Akola",https://www.careers360.com/colleges/akola-law-college-akola,Law,Nashik,Private,LLB,3 Years,
"Alard School Of Law, Pune",https://www.careers360.com/colleges/alard-school-of-law-pune,Law,Nashik,Private,LLB,3 Years,
"Alard School Of Law, Pune",https://www.careers360.com/colleges/alard-school-of-law-pune,Law,Nashik,Private,BA LLB,5 Years,
"Alard School Of Law, Pune",https://www.careers360.com/colleges/alard-school-of-law-pune,Law,Nashik,Private,LLM Corporate Law,2 Years,
"Alard School Of Law, Pune",https://www.careers360.com/colleges/alard-school-of-law-pune,Law,Nashik,Private,LLM Criminal Law,2 Years,
"Alard School Of Law, Pune",https://www.careers360.com/colleges/alard-school-of-law-pune,Law,Nashik,Private,LLM Constitutional Law,2 Years,
"Amity Law School, Mumbai",https://www.careers360.com/colleges/amity-law-school-mumbai,Law,Nashik,Private,BA LLB Hons,5 Years,"Boys Hostel, Girls Hostel"
"Amity Law School, Mumbai",https://www.careers360.com/colleges/amity-law-school-mumbai,Law,Nashik,Private,B.Sc LLB Hons,5 Years,"Boys Hostel, Girls Hostel"
"Amity Law School, Mumbai",https://www.careers360.com/colleges/amity-law-school-mumbai,Law,Nashik,Private,BBA LLB Hons,5 Years,"Boys Hostel, Girls Hostel"
"Amity Law School, Mumbai",https://www.careers360.com/colleges/amity-law-school-mumbai,Law,Nashik,Private,LLB,3 Years,"Boys Hostel, Girls Hostel"
"Amity Law School, Mumbai",https://www.careers360.com/colleges/amity-law-school-mumbai,Law,Nashik,Private,B.Com LLB Hons,5 Years,"Boys Hostel, Girls Hostel"
"Amity Law School, Mumbai",https://www.careers360.com/colleges/amity-law-school-mumbai,Law,Nashik,Private,LLM,1 Year,"Boys Hostel, Girls Hostel"
"Amolakchand Law College, Yavatmal",https://www.careers360.com/colleges/amolakchand-law-college-yavatmal,Law,Nashik,Private,BA LLB,5 Years,
"Amolakchand Law College, Yavatmal",https://www.careers360.com/colleges/amolakchand-law-college-yavatmal,Law,Nashik,Private,LLB,3 Years,
"Anand Vishwa Gurukul, Thane",https://www.careers360.com/colleges/anand-vishwa-gurukul-thane,Law,Nashik,Private,LLB,3 Years,
"Anand Vishwa Gurukul, Thane",https://www.careers360.com/colleges/anand-vishwa-gurukul-thane,Law,Nashik,Private,BA LLB,5 Years,
"Arham Law College, Pune",https://www.careers360.com/colleges/arham-law-college-pune,Law,Nashik,Private,BA LLB,5 Years,
"Army Law College, Pune",https://www.careers360.com/colleges/army-law-college-pune,Law,Nashik,Private,BA LLB,5 Years,"Boys Hostel, Girls Hostel"
"Army Law College, Pune",https://www.careers360.com/colleges/army-law-college-pune,Law,Nashik,Private,BBA LLB,5 Years,"Boys Hostel, Girls Hostel"
"Ashokdada Sable Law College, Raigad",https://www.careers360.com/colleges/ashokdada-sable-law-college-raigad,Law,Nashik,Private,BA LLB,5 Years,
"Ashokdada Sable Law College, Raigad",https://www.careers360.com/colleges/ashokdada-sable-law-college-raigad,Law,Nashik,Private,LLB,3 Years,
"Ashokdada Sable Law College, Raigad",https://www.careers360.com/colleges/ashokdada-sable-law-college-raigad,Law,Nashik,Private,LLM,2 Years,
"Balaji Law College, Pune",https://www.careers360.com/colleges/balaji-law-college-pune,Law,Nashik,Private,LLB,3 Years,"Boys Hostel, Girls Hostel"
"Balaji Law College, Pune",https://www.careers360.com/colleges/balaji-law-college-pune,Law,Nashik,Private,BA LLB,5 Years,"Boys Hostel, Girls Hostel"
"Balaji Law College, Pune",https://www.careers360.com/colleges/balaji-law-college-pune,Law,Nashik,Private,Diploma in Taxation Law,1 Year,"Boys Hostel, Girls Hostel"
"Barrister AR Antulay College of Law, Mumbai",https://www.careers360.com/colleges/barrister-ar-antulay-college-of-law-mumbai,Law,Nashik,Private,LLB,3 Years,
"Aakar Institute of Management and Research Studies, Nagpur",https://www.careers360.com/colleges/aakar-institute-of-management-and-research-studies-nagpur,Management,Nagpur,Private,BBA,3 Years,"Girls Hostel, Boys Hostel"
"Annasaheb Gundewar College, Nagpur",https://www.careers360.com/colleges/annasaheb-gundewar-college-nagpur,Management,Nagpur,Private,BBA,3 Years,
"Atlanta College, Nagpur",https://www.careers360.com/colleges/atlanta-college-nagpur,Management,Nagpur,Private,BBA,3 Years,
"Avatar Meherbaba Mahavidyalaya, Nagpur",https://www.careers360.com/colleges/avatar-meherbaba-mahavidyalaya-nagpur,Management,Nagpur,Private,BBA,3 Years,
"Central India College of Business Management and Studies, Nagpur",https://www.careers360.com/colleges/central-india-college-of-business-management-and-studies-nagpur,Management,Nagpur,Private,MBA,2 Years,
"Central India Institute of Management Studies, Nagpur",https://www.careers360.com/colleges/central-india-institute-of-management-studies-nagpur,Management,Nagpur,Private,Graduate Diploma in Management Studies,3 Years,
"Central India Institute of Management Studies, Nagpur",https://www.careers360.com/colleges/central-india-institute-of-management-studies-nagpur,Management,Nagpur,Private,Executive MBA,2 Years,
"Central India Institute of Management Studies, Nagpur",https://www.careers360.com/colleges/central-india-institute-of-management-studies-nagpur,Management,Nagpur,Private,PGD Business Management,2 Years,
"Central India Institute of Management Studies, Nagpur",https://www.careers360.com/colleges/central-india-institute-of-management-studies-nagpur,Management,Nagpur,Private,PGD International Business,2 Years,
"Central India Institute of Management Studies, Nagpur",https://www.careers360.com/colleges/central-india-institute-of-management-studies-nagpur,Management,Nagpur,Private,Master in Textile Management,2 Years,
"Central India Institute of Management Studies, Nagpur",https://www.careers360.com/colleges/central-india-institute-of-management-studies-nagpur,Management,Nagpur,Private,Ph.D Management Studies,6 Years,
"Central India Institute of Management Studies, Nagpur",https://www.careers360.com/colleges/central-india-institute-of-management-studies-nagpur,Management,Nagpur,Private,PGD Finance Management,2 Years,
"Central India Institute of Management Studies, Nagpur",https://www.careers360.com/colleges/central-india-institute-of-management-studies-nagpur,Management,Nagpur,Private,Graduate Diploma in Textile Management,3 Years,
"Central India Institute of Management Studies, Nagpur",https://www.careers360.com/colleges/central-india-institute-of-management-studies-nagpur,Management,Nagpur,Private,MBA,2 Years,
"CIBMRD Nagpur - Central Institute of Business Management Research and Development, Nagpur",https://www.careers360.com/colleges/central-institute-of-business-management-research-and-development-nagpur,Management,Nagpur,Private,MBA,2 Years,
"CIBMRD Nagpur - Central Institute of Business Management Research and Development, Nagpur",https://www.careers360.com/colleges/central-institute-of-business-management-research-and-development-nagpur,Management,Nagpur,Private,BBA,3 Years,
"CPC Nagpur - City Premier College, Nagpur",https://www.careers360.com/colleges/city-premier-college-nagpur,Management,Nagpur,Private,BBA,3 Years,
"City Premier College of Management, Nagpur",https://www.careers360.com/colleges/city-premier-college-of-management-nagpur,Management,Nagpur,Private,MBA,2 Years,
"CP and Berar Education Society's College, Nagpur",https://www.careers360.com/colleges/cp-and-berar-education-societys-college-nagpur,Management,Nagpur,Private,MBA,2 Years,
"Dada Ramchand Bakhru Sindhu Mahavidyalaya, Nagpur",https://www.careers360.com/colleges/dada-ramchand-bakhru-sindhu-mahavidyalaya-nagpur,Management,Nagpur,Private,BBA,4 Years,
"DMIMS Nagpur - Datta Meghe Institute of Management Studies, Nagpur",https://www.careers360.com/colleges/datta-meghe-institute-of-management-studies-nagpur,Management,Nagpur,Private,MBA,2 Years,
"Department of Business Management, Rashtrasant Tukadoji Maharaj Nagpur University, Nagpur",https://www.careers360.com/colleges/department-of-business-management-rashtrasant-tukadoji-maharaj-nagpur-university-nagpur,Management,Nagpur,Government,Diploma in Business Management,1 Year,
"Department of Business Management, Rashtrasant Tukadoji Maharaj Nagpur University, Nagpur",https://www.careers360.com/colleges/department-of-business-management-rashtrasant-tukadoji-maharaj-nagpur-university-nagpur,Management,Nagpur,Government,MBA,2 Years,
"DGICM Nagpur - Dhananjayrao Gadgil Institute of Cooperative Management, Nagpur",https://www.careers360.com/colleges/dhananjayrao-gadgil-institute-of-cooperative-management-nagpur,Management,Nagpur,Government,MBA,2 Years,
"Dhanwate National College, Nagpur",https://www.careers360.com/colleges/dhanwate-national-college-nagpur,Management,Nagpur,Private,MBA,2 Years,"Boys Hostel, Girls Hostel"
"Dhanwate National College, Nagpur",https://www.careers360.com/colleges/dhanwate-national-college-nagpur,Management,Nagpur,Private,BBA,3 Years,"Boys Hostel, Girls Hostel"
"Diamond College of Commerce and Science, Nagpur",https://www.careers360.com/colleges/diamond-college-of-commerce-and-science-nagpur,Management,Nagpur,Private,BBA Airlines Management,3 Years,
"Diamond College of Commerce and Science, Nagpur",https://www.careers360.com/colleges/diamond-college-of-commerce-and-science-nagpur,Management,Nagpur,Private,BBA Aviation Management,3 Years,
"Diamond College of Commerce and Science, Nagpur",https://www.careers360.com/colleges/diamond-college-of-commerce-and-science-nagpur,Management,Nagpur,Private,BBA,3 Years,
"Diamond College of Commerce and Science, Nagpur",https://www.careers360.com/colleges/diamond-college-of-commerce-and-science-nagpur,Management,Nagpur,Private,BBA Air Travel Management,3 Years,
"Dr Ambedkar Institute of Management and Research, Nagpur",https://www.careers360.com/colleges/dr-ambedkar-institute-of-management-and-research-nagpur,Management,Nagpur,Private,BBA,3 Years,
"Dr Ambedkar Institute of Management and Research, Nagpur",https://www.careers360.com/colleges/dr-ambedkar-institute-of-management-and-research-nagpur,Management,Nagpur,Private,MBA,2 Years,
"Dr Ambedkar Institute of Management and Research, Nagpur",https://www.careers360.com/colleges/dr-ambedkar-institute-of-management-and-research-nagpur,Management,Nagpur,Private,Ph.D Management,6 Years,
"Dr Ambedkar Institute of Management Studies and Research, Nagpur",https://www.careers360.com/colleges/dr-ambedkar-institute-of-management-studies-and-research-nagpur,Management,Nagpur,Private,MBA,2 Years,
"Dr Ambedkar Institute of Management Studies and Research, Nagpur",https://www.careers360.com/colleges/dr-ambedkar-institute-of-management-studies-and-research-nagpur,Management,Nagpur,Private,BBA,3 Years,
"Dr Panjabrao Deshmukh Institute of Management Technology and Research, Nagpur",https://www.careers360.com/colleges/dr-panjabrao-deshmukh-institute-of-management-technology-and-research-nagpur,Management,Nagpur,Private,MBA,2 Years,
"Dr Sarvepalli Radhakrishnan College of Business Management, Nagpur",https://www.careers360.com/colleges/dr-sarvepalli-radhakrishnan-college-of-business-management-nagpur,Management,Nagpur,Private,MBA,2 Years,
"Dr SC Gulhane Prerna College of Management and Technology, Nagpur",https://www.careers360.com/colleges/dr-sc-gulhane-prerna-college-of-management-and-technology-nagpur,Management,Nagpur,Private,MBA,2 Years,
"G H Raisoni College of Business Management, Khaperkheda",https://www.careers360.com/colleges/g-h-raisoni-college-of-business-management-khaperkheda,Management,Nagpur,Private,MBA,2 Years,
"GH Raisoni College of Commerce Science and Technology, Nagpur",https://www.careers360.com/colleges/gh-raisoni-college-of-commerce-science-and-technology-nagpur,Management,Nagpur,Private,BBA,3 Years,
"GHRCE Nagpur - GH Raisoni College of Engineering, Nagpur",https://www.careers360.com/colleges/gh-raisoni-college-of-engineering-nagpur,Management,Nagpur,Private,MBA,2 Years,"Boys Hostel, Girls Hostel"
"GH Raisoni Institute of Engineering and Technology, Nagpur",https://www.careers360.com/colleges/gh-raisoni-institute-of-engineering-and-technology-nagpur,Management,Nagpur,Private,MBA,2 Years,"Boys Hostel, Girls Hostel"
"GH Raisoni Institute of Engineering and Technology, Nagpur",https://www.careers360.com/colleges/gh-raisoni-institute-of-engineering-and-technology-nagpur,Management,Nagpur,Private,BBA Travel and Tourism Management,3 Years,"Boys Hostel, Girls Hostel"
"GH Raisoni Institute of Engineering and Technology, Nagpur",https://www.careers360.com/colleges/gh-raisoni-institute-of-engineering-and-technology-nagpur,Management,Nagpur,Private,BBA,3 Years,"Boys Hostel, Girls Hostel"
"GH Raisoni Institute of Information Technology, Nagpur",https://www.careers360.com/colleges/gh-raisoni-institute-of-information-technology-nagpur,Management,Nagpur,Private,MBA,2 Years,"Boys Hostel, Girls Hostel"
"GH Raisoni School of Business Management, Nagpur",https://www.careers360.com/colleges/gh-raisoni-school-of-business-management-nagpur,Management,Nagpur,Private,MBA,2 Years,
"Govindram Seksaria College of Commerce and Economics, Nagpur",https://www.careers360.com/colleges/govindram-seksaria-college-of-commerce-and-economics-nagpur,Management,Nagpur,Private,BBA Self Finance,4 Years,Boys Hostel
"Govindram Seksaria College of Commerce and Economics, Nagpur",https://www.careers360.com/colleges/govindram-seksaria-college-of-commerce-and-economics-nagpur,Management,Nagpur,Private,MBA Self Finance,2 Years,Boys Hostel
"Govindram Seksaria College of Commerce, Wardha",https://www.careers360.com/colleges/govindram-seksaria-college-of-commerce-wardha,Management,Nagpur,Private,MBA Self Finance,2 Years,"Boys Hostel, Girls Hostel"
"Govindram Seksaria College of Commerce, Wardha",https://www.careers360.com/colleges/govindram-seksaria-college-of-commerce-wardha,Management,Nagpur,Private,B.Com Accountancy and Business Studies Hons Self Finance,3 Years,"Boys Hostel, Girls Hostel"
"Govindram Seksaria College of Commerce, Wardha",https://www.careers360.com/colleges/govindram-seksaria-college-of-commerce-wardha,Management,Nagpur,Private,B.Com Accountancy and Business Studies Hons,3 Years,"Boys Hostel, Girls Hostel"
"GWCET Nagpur - Govindrao Wanjari College of Engineering and Technology, Nagpur",https://www.careers360.com/colleges/govindrao-wanjari-college-of-engineering-and-technology-nagpur,Management,Nagpur,Private,MBA,2 Years,"Boys Hostel, Girls Hostel"
"GS College of Commerce and Economics, Nagpur",https://www.careers360.com/colleges/gs-college-of-commerce-and-economics-nagpur,Management,Nagpur,Private,M.Com Management Marathi Medium Major,2 Years,"Boys Hostel, Girls Hostel"
"GS College of Commerce and Economics, Nagpur",https://www.careers360.com/colleges/gs-college-of-commerce-and-economics-nagpur,Management,Nagpur,Private,B.Com Management Hons Marathi Medium,4 Years,"Boys Hostel, Girls Hostel"
"GS College of Commerce and Economics, Nagpur",https://www.careers360.com/colleges/gs-college-of-commerce-and-economics-nagpur,Management,Nagpur,Private,BBA Finance and Marketing Hons Self Finance,4 Years,"Boys Hostel, Girls Hostel"
"GS College of Commerce and Economics, Nagpur",https://www.careers360.com/colleges/gs-college-of-commerce-and-economics-nagpur,Management,Nagpur,Private,MBA Self Finance,2 Years,"Boys Hostel, Girls Hostel"
"GS College of Commerce and Economics, Nagpur",https://www.careers360.com/colleges/gs-college-of-commerce-and-economics-nagpur,Management,Nagpur,Private,B.Com Management Hons Hindi Medium,4 Years,"Boys Hostel, Girls Hostel"
"GS College of Commerce and Economics, Nagpur",https://www.careers360.com/colleges/gs-college-of-commerce-and-economics-nagpur,Management,Nagpur,Private,M.Com Management Hindi Medium Major,2 Years,"Boys Hostel, Girls Hostel"
"GNIET Nagpur - Guru Nanak Institute of Engineering and Technology, Nagpur",https://www.careers360.com/colleges/guru-nanak-institute-of-engineering-and-technology-nagpur,Management,Nagpur,Private,MBA,2 Years,"Boys Hostel, Girls Hostel"
"Hislop College, Nagpur",https://www.careers360.com/colleges/hislop-college-nagpur,Management,Nagpur,Private,BBA,3 Years,Girls Hostel
IIM Nagpur - Indian Institute of Management Nagpur,https://www.careers360.com/university/indian-institute-of-management-nagpur,Management,Nagpur,Government,MBA,2 Years,"Boys Hostel, Girls Hostel"
IIM Nagpur - Indian Institute of Management Nagpur,https://www.careers360.com/university/indian-institute-of-management-nagpur,Management,Nagpur,Government,Certificate Programme in Project Management,6 Months,"Boys Hostel, Girls Hostel"
IIM Nagpur - Indian Institute of Management Nagpur,https://www.careers360.com/university/indian-institute-of-management-nagpur,Management,Nagpur,Government,Post Graduate Certificate Programme in Strategic Management,1 Year,"Boys Hostel, Girls Hostel"
IIM Nagpur - Indian Institute of Management Nagpur,https://www.careers360.com/university/indian-institute-of-management-nagpur,Management,Nagpur,Government,Post Graduate Certificate Programme in Business Management for IT Professionals,1 Year,"Boys Hostel, Girls Hostel"
IIM Nagpur - Indian Institute of Management Nagpur,https://www.careers360.com/university/indian-institute-of-management-nagpur,Management,Nagpur,Government,Ph.D Management Executive,6 Years,"Boys Hostel, Girls Hostel"
IIM Nagpur - Indian Institute of Management Nagpur,https://www.careers360.com/university/indian-institute-of-management-nagpur,Management,Nagpur,Government,Ph.D Management,4 Years,"Boys Hostel, Girls Hostel"
IIM Nagpur - Indian Institute of Management Nagpur,https://www.careers360.com/university/indian-institute-of-management-nagpur,Management,Nagpur,Government,Post Graduate Certificate Programme in Marketing and Strategic Brand Management,1 Year,"Boys Hostel, Girls Hostel"
IIM Nagpur - Indian Institute of Management Nagpur,https://www.careers360.com/university/indian-institute-of-management-nagpur,Management,Nagpur,Government,Post Graduate Certificate Programme in Cybersecurity Management and Data Science,1 Year,"Boys Hostel, Girls Hostel"
IIM Nagpur - Indian Institute of Management Nagpur,https://www.careers360.com/university/indian-institute-of-management-nagpur,Management,Nagpur,Government,Post Graduate Certificate Programme in General Management,1 Year,"Boys Hostel, Girls Hostel"
IIM Nagpur - Indian Institute of Management Nagpur,https://www.careers360.com/university/indian-institute-of-management-nagpur,Management,Nagpur,Government,MBA Executive,2 Years,"Boys Hostel, Girls Hostel"
IIM Nagpur - Indian Institute of Management Nagpur,https://www.careers360.com/university/indian-institute-of-management-nagpur,Management,Nagpur,Government,Post Graduate Certificate Programme in Strategic Human Resource Management,1 Year,"Boys Hostel, Girls Hostel"
IIM Nagpur - Indian Institute of Management Nagpur,https://www.careers360.com/university/indian-institute-of-management-nagpur,Management,Nagpur,Government,Post Graduate Certificate Programme in Operations Management,11 Months,"Boys Hostel, Girls Hostel"
IIM Nagpur - Indian Institute of Management Nagpur,https://www.careers360.com/university/indian-institute-of-management-nagpur,Management,Nagpur,Government,Senior Management Programme,1 Year,"Boys Hostel, Girls Hostel"
"Institute of Innovative Designs and Technology, Nagpur",https://www.careers360.com/colleges/institute-of-innovative-designs-and-technology-nagpur,Management,Nagpur,Private,MBA Interior Designing,2 Years,
"IMT Nagpur - Institute of Management Technology, Nagpur",https://www.careers360.com/colleges/institute-of-management-technology-nagpur,Management,Nagpur,Private,PGDM,2 Years,"Boys Hostel, Girls Hostel"
"IMT Nagpur - Institute of Management Technology, Nagpur",https://www.careers360.com/colleges/institute-of-management-technology-nagpur,Management,Nagpur,Private,PGDM Marketing,2 Years,"Boys Hostel, Girls Hostel"
"IMT Nagpur - Institute of Management Technology, Nagpur",https://www.careers360.com/colleges/institute-of-management-technology-nagpur,Management,Nagpur,Private,PGDM Finance Management,2 Years,"Boys Hostel, Girls Hostel"
"ITM Institute of Management and Research, Nagpur",https://www.careers360.com/colleges/itm-institute-of-management-and-research-nagpur,Management,Nagpur,Private,MBA,2 Years,
"ITM Institute of Management and Research, Nagpur",https://www.careers360.com/colleges/itm-institute-of-management-and-research-nagpur,Management,Nagpur,Private,PGDM Agri Business Management,2 Years,
"JD College of Engineering and Management, Nagpur",https://www.careers360.com/colleges/jd-college-of-engineering-and-management-nagpur,Management,Nagpur,Private,MBA,2 Years,"Boys Hostel, Girls Hostel"
"JD College of Engineering and Management, Nagpur",https://www.careers360.com/colleges/jd-college-of-engineering-and-management-nagpur,Management,Nagpur,Private,BBA,3 Years,"Boys Hostel, Girls Hostel"
"JIT Nagpur - Jhulelal Institute of Technology, Nagpur",https://www.careers360.com/colleges/jhulelal-institute-of-technology-nagpur,Management,Nagpur,Private,MBA,2 Years,"Boys Hostel, Girls Hostel"
"JIT Nagpur - Jhulelal Institute of Technology, Nagpur",https://www.careers360.com/colleges/jhulelal-institute-of-technology-nagpur,Management,Nagpur,Private,Ph.D Commerce and Management,6 Years,"Boys Hostel, Girls Hostel"
"Kamla Nehru Mahavidyalaya, Nagpur",https://www.careers360.com/colleges/kamla-nehru-mahavidyalaya-nagpur,Management,Nagpur,Private,MBA,2 Years,Girls Hostel
"Kamla Nehru Mahavidyalaya, Nagpur",https://www.careers360.com/colleges/kamla-nehru-mahavidyalaya-nagpur,Management,Nagpur,Private,BBA,3 Years,Girls Hostel
"Kamla Nehru Mahavidyalaya, Nagpur",https://www.careers360.com/colleges/kamla-nehru-mahavidyalaya-nagpur,Management,Nagpur,Private,Diploma in Retail Management,1 Year,Girls Hostel
"KDK Nagpur - KDK College of Engineering, Nagpur",https://www.careers360.com/colleges/kdk-college-of-engineering-nagpur,Management,Nagpur,Private,MBA,2 Years,"Boys Hostel, Girls Hostel"
"KR Pandav Mahavidyalaya, Nagpur",https://www.careers360.com/colleges/kr-pandav-mahavidyalaya-nagpur,Management,Nagpur,Private,BBA,4 Years,
"Mahatma Gandhi Arts and Commerce College, Nagpur",https://www.careers360.com/colleges/mahatma-gandhi-arts-and-commerce-college-nagpur,Management,Nagpur,Private,M.Com Business Studies,2 Years,Girls Hostel
"Mahatma Gandhi Arts and Commerce College, Nagpur",https://www.careers360.com/colleges/mahatma-gandhi-arts-and-commerce-college-nagpur,Management,Nagpur,Private,BBA,3 Years,Girls Hostel
"NIT Graduate School of Management, Nagpur",https://www.careers360.com/colleges/nit-graduate-school-of-management-nagpur,Management,Nagpur,Private,MBA,2 Years,
"Orange City Institute of Management, Nagpur",https://www.careers360.com/colleges/orange-city-institute-of-management-nagpur,Management,Nagpur,Private,MBA,2 Years,
"Prerna College of Commerce, Nagpur",https://www.careers360.com/colleges/prerna-college-of-commerce-nagpur,Management,Nagpur,Private,M.Com Computer Management,2 Years,
"Prerna College of Commerce, Nagpur",https://www.careers360.com/colleges/prerna-college-of-commerce-nagpur,Management,Nagpur,Private,M.Com Business Studies,2 Years,
"Prerna College of Commerce, Nagpur",https://www.careers360.com/colleges/prerna-college-of-commerce-nagpur,Management,Nagpur,Private,BBA,3 Years,
"Radha Mahavidyalaya, Nagpur",https://www.careers360.com/colleges/radha-mahavidyalaya-nagpur,Management,Nagpur,Private,BBA,3 Years,
"RBU Nagpur - Ramdeobaba University, Nagpur",https://www.careers360.com/colleges/ramdeobaba-university-nagpur,Management,Nagpur,Private,MBA,2 Years,"Boys Hostel, Girls Hostel"
"RBU Nagpur - Ramdeobaba University, Nagpur",https://www.careers360.com/colleges/ramdeobaba-university-nagpur,Management,Nagpur,Private,Ph.D Business Administration and Business Management,6 Years,"Boys Hostel, Girls Hostel"
"RTMNU Nagpur - Rashtrasant Tukadoji Maharaj Nagpur University, Nagpur",https://www.careers360.com/university/rashtrasant-tukadoji-maharaj-nagpur-university-nagpur,Management,Nagpur,Government,BBA,3 Years,"Boys Hostel, Girls Hostel"
"RTMNU Nagpur - Rashtrasant Tukadoji Maharaj Nagpur University, Nagpur",https://www.careers360.com/university/rashtrasant-tukadoji-maharaj-nagpur-university-nagpur,Management,Nagpur,Government,BBA,3 Years,"Boys Hostel, Girls Hostel"
"RTMNU Nagpur - Rashtrasant Tukadoji Maharaj Nagpur University, Nagpur",https://www.careers360.com/university/rashtrasant-tukadoji-maharaj-nagpur-university-nagpur,Management,Nagpur,Government,MBA,2 Years,"Boys Hostel, Girls Hostel"
"RTMNU Nagpur - Rashtrasant Tukadoji Maharaj Nagpur University, Nagpur",https://www.careers360.com/university/rashtrasant-tukadoji-maharaj-nagpur-university-nagpur,Management,Nagpur,Government,BBA,4 Years,"Boys Hostel, Girls Hostel"
"RTMNU Nagpur - Rashtrasant Tukadoji Maharaj Nagpur University, Nagpur",https://www.careers360.com/university/rashtrasant-tukadoji-maharaj-nagpur-university-nagpur,Management,Nagpur,Government,MBA,2 Years,"Boys Hostel, Girls Hostel"
"RTMNU Nagpur - Rashtrasant Tukadoji Maharaj Nagpur University, Nagpur",https://www.careers360.com/university/rashtrasant-tukadoji-maharaj-nagpur-university-nagpur,Management,Nagpur,Government,MBA,2 Years,"Boys Hostel, Girls Hostel"
"RTMNU Nagpur - Rashtrasant Tukadoji Maharaj Nagpur University, Nagpur",https://www.careers360.com/university/rashtrasant-tukadoji-maharaj-nagpur-university-nagpur,Management,Nagpur,Government,MBA,2 Years,"Boys Hostel, Girls Hostel"
"RTMNU Nagpur - Rashtrasant Tukadoji Maharaj Nagpur University, Nagpur",https://www.careers360.com/university/rashtrasant-tukadoji-maharaj-nagpur-university-nagpur,Management,Nagpur,Government,MBA,2 Years,"Boys Hostel, Girls Hostel"
"Real Institute of Management and Research, Nagpur",https://www.careers360.com/colleges/real-institute-of-management-and-research-nagpur,Management,Nagpur,Private,MBA,2 Years,"Boys Hostel, Girls Hostel"
"Renaissance College, Nagpur",https://www.careers360.com/colleges/renaissance-college-nagpur,Management,Nagpur,Private,BBA,3 Years,
"RS Mundle Dharampeth Arts and Commerce College, Nagpur",https://www.careers360.com/colleges/rs-mundle-dharampeth-arts-and-commerce-college-nagpur,Management,Nagpur,Private,BBA,3 Years,
"SRPCE Nagpur - Sanmarg Shikshan Sanstha Smt Radhikatai Pandav College of Engineering, Nagpur",https://www.careers360.com/colleges/sanmarg-shikshan-sanstha-smt-radhikatai-pandav-college-of-engineering-nagpur,Management,Nagpur,Private,MBA,2 Years,"Boys Hostel, Girls Hostel"
"Santaji Mahavidyalaya, Nagpur",https://www.careers360.com/colleges/santaji-mahavidyalaya-nagpur,Management,Nagpur,Private,BBA,3 Years,
"Saraswati Mahila Mahavidyalaya, Nagpur",https://www.careers360.com/colleges/saraswati-mahila-mahavidyalaya-nagpur,Management,Nagpur,Private,BBA,3 Years,
"Shantiniketan Business School, Nagpur",https://www.careers360.com/colleges/shantiniketan-business-school-nagpur,Management,Nagpur,Private,BBA,3 Years,
"Shantiniketan Business School, Nagpur",https://www.careers360.com/colleges/shantiniketan-business-school-nagpur,Management,Nagpur,Private,MBA,2 Years,
"Shatayu College of Professional Studies, Nagpur",https://www.careers360.com/colleges/shatayu-college-of-professional-studies-nagpur,Management,Nagpur,Private,BBA,3 Years,"Boys Hostel, Girls Hostel"
"Shatayu College of Professional Studies, Nagpur",https://www.careers360.com/colleges/shatayu-college-of-professional-studies-nagpur,Management,Nagpur,Private,MBA,2 Years,"Boys Hostel, Girls Hostel"
"Shatayu College of Professional Studies, Nagpur",https://www.careers360.com/colleges/shatayu-college-of-professional-studies-nagpur,Management,Nagpur,Private,PGD Business Management,1 Year,"Boys Hostel, Girls Hostel"
"Shri Binzani City College, Nagpur",https://www.careers360.com/colleges/shri-binzani-city-college-nagpur,Management,Nagpur,Private,BBA,3 Years,
"Shri Ramdeobaba Kamla Nehru Engineering College, Nagpur",https://www.careers360.com/colleges/shri-ramdeobaba-kamla-nehru-engineering-college-nagpur,Management,Nagpur,Private,MBA,2 Years,"Boys Hostel, Girls Hostel"
"Smt Kaushalyadevi Maheshwari Mahila Mahavidyalaya, Nagpur",https://www.careers360.com/colleges/smt-kaushalyadevi-maheshwari-mahila-mahavidyalaya-nagpur,Management,Nagpur,Private,BBA,3 Years,
"St George's College, Nagpur",https://www.careers360.com/colleges/st-georges-college-nagpur,Management,Nagpur,Private,BBA,3 Years,"Boys Hostel, Girls Hostel"
"Sudha Sureshbhai Maniar College of Computer and Management, Nagpur",https://www.careers360.com/colleges/sudha-sureshbhai-maniar-college-of-computer-and-management-nagpur,Management,Nagpur,Private,BBA,3 Years,
"Suryodaya College of Engineering and Technology, Nagpur",https://www.careers360.com/colleges/suryodaya-college-of-engineering-and-technology-nagpur,Management,Nagpur,Private,MBA,2 Years,
"Swaminarayan Siddhanta Institute of Technology, Nagpur",https://www.careers360.com/colleges/swaminarayan-siddhanta-institute-of-technology-nagpur,Management,Nagpur,Private,MBA Finance Marketing and Human Resource Management,2 Years,"Boys Hostel, Girls Hostel"
"SCMS Nagpur - Symbiosis Centre for Management Studies, Nagpur",https://www.careers360.com/colleges/symbiosis-centre-for-management-studies-nagpur,Management,Nagpur,Private,BBA Hons,4 Years,"Boys Hostel, Girls Hostel"
"SIBM Nagpur - Symbiosis Institute of Business Management, Nagpur",https://www.careers360.com/colleges/symbiosis-institute-of-business-management-nagpur,Management,Nagpur,Private,MBA,2 Years,"Boys Hostel, Girls Hostel"
"SIBM Nagpur - Symbiosis Institute of Business Management, Nagpur",https://www.careers360.com/colleges/symbiosis-institute-of-business-management-nagpur,Management,Nagpur,Private,MBA Food and Agri Business Management,2 Years,"Boys Hostel, Girls Hostel"
"SIBM Nagpur - Symbiosis Institute of Business Management, Nagpur",https://www.careers360.com/colleges/symbiosis-institute-of-business-management-nagpur,Management,Nagpur,Private,MBA Executive,2 Years,"Boys Hostel, Girls Hostel"
"Tirpude College of Social Work, Nagpur",https://www.careers360.com/colleges/tirpude-college-of-social-work-nagpur,Management,Nagpur,Private,Diploma in Event Management,1 Year,
"Tirpude College of Social Work, Nagpur",https://www.careers360.com/colleges/tirpude-college-of-social-work-nagpur,Management,Nagpur,Private,Diploma in Business Management,1 Year,
"TIME Nagpur - Tirpude Institute of Management Education, Nagpur",https://www.careers360.com/colleges/tirpude-institute-of-management-education-nagpur,Management,Nagpur,Private,BBA,3 Years,
"TIME Nagpur - Tirpude Institute of Management Education, Nagpur",https://www.careers360.com/colleges/tirpude-institute-of-management-education-nagpur,Management,Nagpur,Private,MBA,2 Years,
"TIME Nagpur - Tirpude Institute of Management Education, Nagpur",https://www.careers360.com/colleges/tirpude-institute-of-management-education-nagpur,Management,Nagpur,Private,Diploma in Event Management,1 Year,
"TGPCET Nagpur - Tulsiramji Gaikwad Patil College of Engineering and Technology, Nagpur",https://www.careers360.com/colleges/tulsiramji-gaikwad-patil-college-of-engineering-and-technology-nagpur,Management,Nagpur,Private,MBA,2 Years,"Boys Hostel, Girls Hostel"
"Umang Geetai College of Women's Education, Nagpur",https://www.careers360.com/colleges/umang-geetai-college-of-womens-education-nagpur,Management,Nagpur,Private,BMS,3 Years,Girls Hostel
"Vilasrao Deshmukh College of Engineering and Technology, Nagpur",https://www.careers360.com/colleges/vilasrao-deshmukh-college-of-engineering-and-technology-nagpur,Management,Nagpur,Private,MBA,2 Years,"Boys Hostel, Girls Hostel"
"VM Vasant Commerce, JM Thakar Arts and JJ Patel Science College, Nagpur",https://www.careers360.com/colleges/vm-vasant-commerce-jm-thakar-arts-and-jj-patel-science-college-nagpur,Management,Nagpur,Private,BBA Self Finance,3 Years,
"Vrajlal Manilal Vasant Commerce, Jaydeoshankar Manishankar Thakar Arts and Jashbai Jijibhai Patel Science College, Nagpur",https://www.careers360.com/colleges/vrajlal-manilal-vasant-commerce-jaydeoshankar-manishankar-thakar-arts-and-jashbai-jijibhai-patel-science-college-nagpur,Management,Nagpur,Private,BBA,3 Years,
"Women's Technical Education and Research Smt Ratnidevi Purohit Institute, Nagpur",https://www.careers360.com/colleges/womens-technical-education-and-research-smt-ratnidevi-purohit-institute-nagpur,Management,Nagpur,Private,PGDM Travel and Tourism,2 Years,"Boys Hostel, Girls Hostel"
"Women's Technical Education and Research Smt Ratnidevi Purohit Institute, Nagpur",https://www.careers360.com/colleges/womens-technical-education-and-research-smt-ratnidevi-purohit-institute-nagpur,Management,Nagpur,Private,PGDM Dietetics,2 Years,"Boys Hostel, Girls Hostel"
"YCCE Nagpur - Yeshwantrao Chavan College of Engineering, Nagpur",https://www.careers360.com/colleges/yeshwantrao-chavan-college-of-engineering-nagpur,Management,Nagpur,Private,MBA,2 Years,"Boys Hostel, Girls Hostel"
"Zulekha College of Commerce Science and Technology, Nagpur",https://www.careers360.com/colleges/zulekha-college-of-commerce-science-and-technology-nagpur,Management,Nagpur,Private,BBA,3 Years,
"Ashoka Business School, Nashik",https://www.careers360.com/colleges/ashoka-business-school-nashik,Management,Nashik,Private,MBA,2 Years,
"Ashoka Center for Business and Computer Studies, Nashik",https://www.careers360.com/colleges/ashoka-center-for-business-and-computer-studies-nashik,Management,Nashik,Private,BBA,3 Years,"Boys Hostel, Girls Hostel"
"Ashoka Center for Business and Computer Studies, Nashik",https://www.careers360.com/colleges/ashoka-center-for-business-and-computer-studies-nashik,Management,Nashik,Private,BBA Computer Applications,3 Years,"Boys Hostel, Girls Hostel"
"Bhonsala Military College, Nashik",https://www.careers360.com/colleges/bhonsala-military-college-nashik,Management,Nashik,Private,BBA Self Finance,3 Years,"Boys Hostel, Girls Hostel"
"Brahma Valley College of Engineering and Research Institute, Nashik",https://www.careers360.com/colleges/brahma-valley-college-of-engineering-and-research-institute-nashik,Management,Nashik,Private,MBA,2 Years,"Boys Hostel, Girls Hostel"
"Brahma Valley Institute of Management, Nashik",https://www.careers360.com/colleges/brahma-valley-institute-of-management-nashik,Management,Nashik,Private,MBA,2 Years,"Boys Hostel, Girls Hostel"
"Brahma Valley Institute of Management, Nashik",https://www.careers360.com/colleges/brahma-valley-institute-of-management-nashik,Management,Nashik,Private,BBA,3 Years,"Boys Hostel, Girls Hostel"
"BYK Nasik - BYK Sinnar College of Commerce, Nasik",https://www.careers360.com/colleges/byk-sinnar-college-of-commerce-nasik,Management,Nashik,Private,BBA International Business,3 Years,
"BYK Nasik - BYK Sinnar College of Commerce, Nasik",https://www.careers360.com/colleges/byk-sinnar-college-of-commerce-nasik,Management,Nashik,Private,BBA,3 Years,
"BYK Nasik - BYK Sinnar College of Commerce, Nasik",https://www.careers360.com/colleges/byk-sinnar-college-of-commerce-nasik,Management,Nashik,Private,BBA Computer Applications,3 Years,
"CHME Society's Dr Moonje Institute of Management and Computer Studies, Nashik",https://www.careers360.com/colleges/chme-societys-dr-moonje-institute-of-management-and-computer-studies-nashik,Management,Nashik,Private,MBA,2 Years,"Boys Hostel, Girls Hostel"
"CHME Society's Dr Moonje Institute of Management and Computer Studies, Nashik",https://www.careers360.com/colleges/chme-societys-dr-moonje-institute-of-management-and-computer-studies-nashik,Management,Nashik,Private,BMS,3 Years,"Boys Hostel, Girls Hostel"
"CHME Society's Dr Moonje Institute of Management and Computer Studies, Nashik",https://www.careers360.com/colleges/chme-societys-dr-moonje-institute-of-management-and-computer-studies-nashik,Management,Nashik,Private,BBA,3 Years,"Boys Hostel, Girls Hostel"
"CHME Society's Dr Moonje Institute of Management and Computer Studies, Nashik",https://www.careers360.com/colleges/chme-societys-dr-moonje-institute-of-management-and-computer-studies-nashik,Management,Nashik,Private,Ph.D Management,6 Years,"Boys Hostel, Girls Hostel"
"Dang Seva Mandal's Arts College, Abhone",https://www.careers360.com/colleges/dang-seva-mandals-arts-college-abhone,Management,Nashik,Private,Advanced Diploma in Retail Management,2 Years,
"Dang Seva Mandal's Arts College, Abhone",https://www.careers360.com/colleges/dang-seva-mandals-arts-college-abhone,Management,Nashik,Private,Advanced Diploma in Travel and Tourism Management,2 Years,
"Dang Seva Mandal's Arts College, Abhone",https://www.careers360.com/colleges/dang-seva-mandals-arts-college-abhone,Management,Nashik,Private,Advanced Diploma in Hotel Management,2 Years,
"GD Sawant Arts Commerce Science and BCS College, Nashik",https://www.careers360.com/colleges/gd-sawant-arts-commerce-science-and-bcs-college-nashik,Management,Nashik,Private,BBA,3 Years,
"GD Sawant Arts Commerce Science and BCS College, Nashik",https://www.careers360.com/colleges/gd-sawant-arts-commerce-science-and-bcs-college-nashik,Management,Nashik,Private,BBA Computer Applications,3 Years,
"Guru Gobind Singh College of Engineering and Research Centre, Nashik",https://www.careers360.com/colleges/guru-gobind-singh-college-of-engineering-and-research-centre-nashik,Management,Nashik,Private,MBA,2 Years,"Boys Hostel, Girls Hostel"
"Guru Gobind Singh College of Engineering and Research Centre, Nashik",https://www.careers360.com/colleges/guru-gobind-singh-college-of-engineering-and-research-centre-nashik,Management,Nashik,Private,BBA,3 Years,"Boys Hostel, Girls Hostel"
"Institute of Management Research and Technology, Nashik",https://www.careers360.com/colleges/institute-of-management-research-and-technology-nashik,Management,Nashik,Private,MBA Human Resource Development,2 Years,
"Institute of Management Research and Technology, Nashik",https://www.careers360.com/colleges/institute-of-management-research-and-technology-nashik,Management,Nashik,Private,MBA Information Technology,2 Years,
"Institute of Management Research and Technology, Nashik",https://www.careers360.com/colleges/institute-of-management-research-and-technology-nashik,Management,Nashik,Private,MBA,2 Years,
"JDC Bytco Institute of Management Studies and Research, Nashik",https://www.careers360.com/colleges/jdc-bytco-institute-of-management-studies-and-research-nashik,Management,Nashik,Private,MBA,2 Years,
"JDC Bytco Institute of Management Studies and Research, Nashik",https://www.careers360.com/colleges/jdc-bytco-institute-of-management-studies-and-research-nashik,Management,Nashik,Private,Ph.D Management,6 Years,
"KK Wagh Arts, Commerce, Science and Computer Science College, Nashik",https://www.careers360.com/colleges/kk-wagh-arts-commerce-science-and-computer-science-college-nashik,Management,Nashik,Private,BBA,3 Years,
"KK Wagh Arts, Commerce, Science and Computer Science College, Nashik",https://www.careers360.com/colleges/kk-wagh-arts-commerce-science-and-computer-science-college-nashik,Management,Nashik,Private,BBA Computer Apllication,3 Years,
"KK Wagh College of Agricultural Business Management, Nashik",https://www.careers360.com/colleges/kk-wagh-college-of-agricultural-business-management-nashik,Management,Nashik,Private,B.Sc Agriculture Business Management Hons,4 Years,
"KK Wagh Institute of Engineering Education and Research, Nashik",https://www.careers360.com/colleges/kk-wagh-institute-of-engineering-education-and-research-nashik,Management,Nashik,Private,MBA,2 Years,"Boys Hostel, Girls Hostel"
"Krantiveer Vasantrao Narayanrao Naik Shikshan Prasarak Sanstha's Arts and Commerce College, Dindori",https://www.careers360.com/colleges/krantiveer-vasantrao-narayanrao-naik-shikshan-prasarak-sansthas-arts-and-commerce-college-dindori,Management,Nashik,Private,B.Voc Travel and Tourism,3 Years,
"Krantiveer Vasantrao Narayanrao Naik Shikshan Prasarak Sanstha's Arts Commerce and Science College, Nashik",https://www.careers360.com/colleges/krantiveer-vasantrao-narayanrao-naik-shikshan-prasarak-sansthas-arts-commerce-and-science-college-nashik,Management,Nashik,Private,BBA Computer Applications,3 Years,"Boys Hostel, Girls Hostel"
"Krantiveer Vasantrao Narayanrao Naik Shikshan Prasarak Sanstha's Arts Commerce and Science College, Nashik",https://www.careers360.com/colleges/krantiveer-vasantrao-narayanrao-naik-shikshan-prasarak-sansthas-arts-commerce-and-science-college-nashik,Management,Nashik,Private,BBA,3 Years,"Boys Hostel, Girls Hostel"
"KR Sapkal College of Management Studies, Nashik",https://www.careers360.com/colleges/kr-sapkal-college-of-management-studies-nashik,Management,Nashik,Private,MBA,2 Years,"Boys Hostel, Girls Hostel"
"Loknete Gopinathji Munde Institute of Engineering Education and Research, Nashik",https://www.careers360.com/colleges/loknete-gopinathji-munde-institute-of-engineering-education-and-research-nashik,Management,Nashik,Private,MBA,2 Years,Boys Hostel
"Loknete Vyankatrao Hiray Arts, Science and Commerce College, Nashik",https://www.careers360.com/colleges/loknete-vyankatrao-hiray-arts-science-and-commerce-college-nashik,Management,Nashik,Private,Advanced Diploma in Retail Management,2 Years,"Boys Hostel, Girls Hostel"
"Loknete Vyankatrao Hiray Arts, Science and Commerce College, Nashik",https://www.careers360.com/colleges/loknete-vyankatrao-hiray-arts-science-and-commerce-college-nashik,Management,Nashik,Private,Diploma in Retail Management,1 Year,"Boys Hostel, Girls Hostel"
"Loknete Vyankatrao Hiray Arts, Science and Commerce College, Nashik",https://www.careers360.com/colleges/loknete-vyankatrao-hiray-arts-science-and-commerce-college-nashik,Management,Nashik,Private,B.Voc Retail Management,3 Years,"Boys Hostel, Girls Hostel"
"Mahatma Gandhi Vidyamandir's Institute of Management and Research, Nashik",https://www.careers360.com/colleges/mahatma-gandhi-vidyamandirs-institute-of-management-and-research-nashik,Management,Nashik,Private,MBA,2 Years,"Boys Hostel, Girls Hostel"
"Mahatma Gandhi Vidyamandir's Panchvati College of  Management and Computer Science, Panchvati",https://www.careers360.com/colleges/mahatma-gandhi-vidyamandirs-panchvati-college-of-management-and-computer-science-panchvati,Management,Nashik,Private,BBA Computer Applications,3 Years,"Boys Hostel, Girls Hostel"
"Mahatma Gandhi Vidyamandir's Panchvati College of  Management and Computer Science, Panchvati",https://www.careers360.com/colleges/mahatma-gandhi-vidyamandirs-panchvati-college-of-management-and-computer-science-panchvati,Management,Nashik,Private,BBA,3 Years,"Boys Hostel, Girls Hostel"
"Maratha Vidya Prasarak Samaj's Commerce, Management and Computer Science, Nashik",https://www.careers360.com/colleges/maratha-vidya-prasarak-samajs-commerce-management-and-computer-science-nashik,Management,Nashik,Private,BBA Computer Applications,3 Years,
"Maratha Vidya Prasarak Samaj's Commerce, Management and Computer Science, Nashik",https://www.careers360.com/colleges/maratha-vidya-prasarak-samajs-commerce-management-and-computer-science-nashik,Management,Nashik,Private,BBA,3 Years,
"Maratha Vidya Prasarak Samaj's Karmaveer Adv Baburao Ganpatrao Thakare College of Engineering, Nashik",https://www.careers360.com/colleges/maratha-vidya-prasarak-samajs-karmaveer-adv-baburao-ganpatrao-thakare-college-of-engineering-nashik,Management,Nashik,Private,MBA,2 Years,"Boys Hostel, Girls Hostel"
"Maratha Vidya Prasarak Samaj's Karmaveer Adv Baburao Ganpatrao Thakare College of Engineering, Nashik",https://www.careers360.com/colleges/maratha-vidya-prasarak-samajs-karmaveer-adv-baburao-ganpatrao-thakare-college-of-engineering-nashik,Management,Nashik,Private,ME Construction Management,2 Years,"Boys Hostel, Girls Hostel"
"MET Bhujbal Knowledge City, Nashik",https://www.careers360.com/colleges/met-bhujbal-knowledge-city-nashik,Management,Nashik,Private,MBA,2 Years,"Boys Hostel, Girls Hostel"
"MET Bhujbal Knowledge City, Nashik",https://www.careers360.com/colleges/met-bhujbal-knowledge-city-nashik,Management,Nashik,Private,BBA,3 Years,"Boys Hostel, Girls Hostel"
"MET's Institute of Management, Nashik",https://www.careers360.com/colleges/mets-institute-of-management-nashik,Management,Nashik,Private,MBA,2 Years,
"MET's Institute of Management, Nashik",https://www.careers360.com/colleges/mets-institute-of-management-nashik,Management,Nashik,Private,BBA,3 Years,
"MET's Institute of Management, Nashik",https://www.careers360.com/colleges/mets-institute-of-management-nashik,Management,Nashik,Private,BMS,3 Years,
"National Senior College, Nashik",https://www.careers360.com/colleges/national-senior-college-nashik,Management,Nashik,Private,BBA Computer Application,3 Years,
"National Senior College, Nashik",https://www.careers360.com/colleges/national-senior-college-nashik,Management,Nashik,Private,BBA,3 Years,
"Navjeevan Institute of Management, Nashik",https://www.careers360.com/colleges/navjeevan-institute-of-management-nashik,Management,Nashik,Private,MBA,2 Years,
"Nutan Vidya Prasarak Mandal's Arts Commerce and Science College, Lasalgaon",https://www.careers360.com/colleges/nutan-vidya-prasarak-mandals-arts-commerce-and-science-college-lasalgaon,Management,Nashik,Private,BBA Computer Applications,3 Years,Girls Hostel
"Pune Vidhyarthi Griha's College of Engineering, Nashik",https://www.careers360.com/colleges/pune-vidhyarthi-grihas-college-of-engineering-nashik,Management,Nashik,Private,MBA,2 Years,
"Pune Vidyarthi Griha's College of Engineering and SS Dhamankar Institute of Management, Nashik",https://www.careers360.com/colleges/pune-vidyarthi-grihas-college-of-engineering-and-ss-dhamankar-institute-of-management-nashik,Management,Nashik,Private,MBA,2 Years,
"Pune Vidyarthi Griha's Institute of Management, Nashik",https://www.careers360.com/colleges/pune-vidyarthi-grihas-institute-of-management-nashik,Management,Nashik,Private,MBA,2 Years,
"RNC Arts JDB Commerce and NSC Science College, Nashik",https://www.careers360.com/colleges/rnc-arts-jdb-commerce-and-nsc-science-college-nashik,Management,Nashik,Private,BBA Computer Applications,3 Years,
"RNC Arts JDB Commerce and NSC Science College, Nashik",https://www.careers360.com/colleges/rnc-arts-jdb-commerce-and-nsc-science-college-nashik,Management,Nashik,Private,BBA,3 Years,
"SIEM Nashik - Sandip Institute of Engineering and Management, Nashik",https://www.careers360.com/colleges/sandip-institute-of-engineering-and-management-nashik,Management,Nashik,Private,MBA,2 Years,"Boys Hostel, Girls Hostel"
"SIEM Nashik - Sandip Institute of Engineering and Management, Nashik",https://www.careers360.com/colleges/sandip-institute-of-engineering-and-management-nashik,Management,Nashik,Private,BBA,3 Years,"Boys Hostel, Girls Hostel"
"Sandip University, Nashik",https://www.careers360.com/university/sandip-university-nashik,Management,Nashik,Private,BBA LLB Hons,5 Years,"Boys Hostel, Girls Hostel"
"Sandip University, Nashik",https://www.careers360.com/university/sandip-university-nashik,Management,Nashik,Private,BBA International Business,3 Years,"Boys Hostel, Girls Hostel"
"Sir Dr MS Gosavi Institute of Business Studies, Nashik",https://www.careers360.com/colleges/sir-dr-ms-gosavi-institute-of-business-studies-nashik,Management,Nashik,Private,MBA Marketing Management,2 Years,
"Sir Dr MS Gosavi Institute of Business Studies, Nashik",https://www.careers360.com/colleges/sir-dr-ms-gosavi-institute-of-business-studies-nashik,Management,Nashik,Private,PGD Business Management,2 Years,
"SNJB's Late Sau Kantabai Bhavarlalji Jain College of Engineering, Nashik",https://www.careers360.com/colleges/snjbs-late-sau-kantabai-bhavarlalji-jain-college-of-engineering-nashik,Management,Nashik,Private,MBA,2 Years,"Boys Hostel, Girls Hostel"
"SIOM Nashik - Symbiosis Institute of Operations Management, Nashik",https://www.careers360.com/colleges/symbiosis-institute-of-operations-management-nashik,Management,Nashik,Private,MBA Operations Management,2 Years,"Boys Hostel, Girls Hostel"
"SIOM Nashik - Symbiosis Institute of Operations Management, Nashik",https://www.careers360.com/colleges/symbiosis-institute-of-operations-management-nashik,Management,Nashik,Private,MBA Agri Operations Management,2 Years,"Boys Hostel, Girls Hostel"
"Universal College of Management, Nashik",https://www.careers360.com/colleges/universal-college-of-management-nashik,Management,Nashik,Private,MBA,2 Years,
"Vishwasattya College of MBA, Nashik",https://www.careers360.com/colleges/vishwasattya-college-of-mba-nashik,Management,Nashik,Private,MBA,2 Years,
"Wada College of Management and Science, Wada",https://www.careers360.com/colleges/wada-college-of-management-and-science-wada,Management,Nashik,Private,BMS,3 Years,"Boys Hostel, Girls Hostel"
"Adv VR Manohar Institute of Diploma In Medical Laboratory Technology, Nagpur",https://www.careers360.com/colleges/adv-vr-manohar-institute-of-diploma-in-medical-laboratory-technology-nagpur,Medical,Nagpur,Government,Diploma in Medical Laboratory Technology,2 Years,
AIIMS Nagpur - All India Institute of Medical Sciences Nagpur,https://www.careers360.com/university/all-india-institute-of-medical-sciences-nagpur,Medical,Nagpur,Government,MBBS,5 Years 6 Months,"Boys Hostel, Girls Hostel"
AIIMS Nagpur - All India Institute of Medical Sciences Nagpur,https://www.careers360.com/university/all-india-institute-of-medical-sciences-nagpur,Medical,Nagpur,Government,MS General Surgery,3 Years,"Boys Hostel, Girls Hostel"
AIIMS Nagpur - All India Institute of Medical Sciences Nagpur,https://www.careers360.com/university/all-india-institute-of-medical-sciences-nagpur,Medical,Nagpur,Government,MD General Medicine,3 Years,"Boys Hostel, Girls Hostel"
AIIMS Nagpur - All India Institute of Medical Sciences Nagpur,https://www.careers360.com/university/all-india-institute-of-medical-sciences-nagpur,Medical,Nagpur,Government,MD Anaesthesiology,3 Years,"Boys Hostel, Girls Hostel"
AIIMS Nagpur - All India Institute of Medical Sciences Nagpur,https://www.careers360.com/university/all-india-institute-of-medical-sciences-nagpur,Medical,Nagpur,Government,MS Obstetrics and Gynaecology,3 Years,"Boys Hostel, Girls Hostel"
AIIMS Nagpur - All India Institute of Medical Sciences Nagpur,https://www.careers360.com/university/all-india-institute-of-medical-sciences-nagpur,Medical,Nagpur,Government,MD Paediatrics,3 Years,"Boys Hostel, Girls Hostel"
AIIMS Nagpur - All India Institute of Medical Sciences Nagpur,https://www.careers360.com/university/all-india-institute-of-medical-sciences-nagpur,Medical,Nagpur,Government,MD Radiodiagnosis,3 Years,"Boys Hostel, Girls Hostel"
AIIMS Nagpur - All India Institute of Medical Sciences Nagpur,https://www.careers360.com/university/all-india-institute-of-medical-sciences-nagpur,Medical,Nagpur,Government,MD Emergency Medicine,3 Years,"Boys Hostel, Girls Hostel"
AIIMS Nagpur - All India Institute of Medical Sciences Nagpur,https://www.careers360.com/university/all-india-institute-of-medical-sciences-nagpur,Medical,Nagpur,Government,MS Orthopaedics,3 Years,"Boys Hostel, Girls Hostel"
AIIMS Nagpur - All India Institute of Medical Sciences Nagpur,https://www.careers360.com/university/all-india-institute-of-medical-sciences-nagpur,Medical,Nagpur,Government,MD Pathology,3 Years,"Boys Hostel, Girls Hostel"
AIIMS Nagpur - All India Institute of Medical Sciences Nagpur,https://www.careers360.com/university/all-india-institute-of-medical-sciences-nagpur,Medical,Nagpur,Government,MD Community Medicine,3 Years,"Boys Hostel, Girls Hostel"
AIIMS Nagpur - All India Institute of Medical Sciences Nagpur,https://www.careers360.com/university/all-india-institute-of-medical-sciences-nagpur,Medical,Nagpur,Government,MDS Conservative Dentistry and Endodontics,3 Years,"Boys Hostel, Girls Hostel"
AIIMS Nagpur - All India Institute of Medical Sciences Nagpur,https://www.careers360.com/university/all-india-institute-of-medical-sciences-nagpur,Medical,Nagpur,Government,MS Ophthalmology,3 Years,"Boys Hostel, Girls Hostel"
AIIMS Nagpur - All India Institute of Medical Sciences Nagpur,https://www.careers360.com/university/all-india-institute-of-medical-sciences-nagpur,Medical,Nagpur,Government,MD Forensic Medicine and Toxicology,3 Years,"Boys Hostel, Girls Hostel"
AIIMS Nagpur - All India Institute of Medical Sciences Nagpur,https://www.careers360.com/university/all-india-institute-of-medical-sciences-nagpur,Medical,Nagpur,Government,MD Psychiatry,3 Years,"Boys Hostel, Girls Hostel"
AIIMS Nagpur - All India Institute of Medical Sciences Nagpur,https://www.careers360.com/university/all-india-institute-of-medical-sciences-nagpur,Medical,Nagpur,Government,MD Pharmacology,3 Years,"Boys Hostel, Girls Hostel"
AIIMS Nagpur - All India Institute of Medical Sciences Nagpur,https://www.careers360.com/university/all-india-institute-of-medical-sciences-nagpur,Medical,Nagpur,Government,MD Dermatology,3 Years,"Boys Hostel, Girls Hostel"
AIIMS Nagpur - All India Institute of Medical Sciences Nagpur,https://www.careers360.com/university/all-india-institute-of-medical-sciences-nagpur,Medical,Nagpur,Government,MD Biochemistry,3 Years,"Boys Hostel, Girls Hostel"
AIIMS Nagpur - All India Institute of Medical Sciences Nagpur,https://www.careers360.com/university/all-india-institute-of-medical-sciences-nagpur,Medical,Nagpur,Government,MD Family Medicine,3 Years,"Boys Hostel, Girls Hostel"
AIIMS Nagpur - All India Institute of Medical Sciences Nagpur,https://www.careers360.com/university/all-india-institute-of-medical-sciences-nagpur,Medical,Nagpur,Government,MD Anatomy,3 Years,"Boys Hostel, Girls Hostel"
"Antarbharti Homoeopathic Medical College, Nagpur",https://www.careers360.com/colleges/antarbharti-homoeopathic-medical-college-nagpur,Medical,Nagpur,Private,BHMS,5 Years 6 Months,Boys Hostel
"Bhausaheb Mulak Ayurved College and Research Hospital, Butibori",https://www.careers360.com/colleges/bhausaheb-mulak-ayurved-college-and-research-hospital-butibori,Medical,Nagpur,Private,BAMS,5 Years 6 Months,"Boys Hostel, Girls Hostel"
"Bhausaheb Mulak Ayurved Mahavidhyalaya and Medical And Science Research Hospital, Nagpur",https://www.careers360.com/colleges/bhausaheb-mulak-ayurved-mahavidhyalaya-and-medical-and-science-research-hospital-nagpur,Medical,Nagpur,Private,BAMS,5 Years 6 Months,"Boys Hostel, Girls Hostel"
"Bhausaheb Mulak Ayurved Mahavidhyalaya and Medical And Science Research Hospital, Nagpur",https://www.careers360.com/colleges/bhausaheb-mulak-ayurved-mahavidhyalaya-and-medical-and-science-research-hospital-nagpur,Medical,Nagpur,Private,MD Rasa Shastra and Bhaishajya Kalpana,3 Years,"Boys Hostel, Girls Hostel"
"Bhausaheb Mulak Ayurved Mahavidhyalaya and Medical And Science Research Hospital, Nagpur",https://www.careers360.com/colleges/bhausaheb-mulak-ayurved-mahavidhyalaya-and-medical-and-science-research-hospital-nagpur,Medical,Nagpur,Private,MD Ayurved Samhita and Siddhanta,3 Years,"Boys Hostel, Girls Hostel"
"Bhausaheb Mulak Ayurved Mahavidhyalaya and Medical And Science Research Hospital, Nagpur",https://www.careers360.com/colleges/bhausaheb-mulak-ayurved-mahavidhyalaya-and-medical-and-science-research-hospital-nagpur,Medical,Nagpur,Private,MD Agad Tantra,3 Years,"Boys Hostel, Girls Hostel"
"Bhausaheb Mulak Ayurved Mahavidhyalaya and Medical And Science Research Hospital, Nagpur",https://www.careers360.com/colleges/bhausaheb-mulak-ayurved-mahavidhyalaya-and-medical-and-science-research-hospital-nagpur,Medical,Nagpur,Private,MD Rachana Sharir,3 Years,"Boys Hostel, Girls Hostel"
"Bhausaheb Mulak Ayurved Mahavidhyalaya and Medical And Science Research Hospital, Nagpur",https://www.careers360.com/colleges/bhausaheb-mulak-ayurved-mahavidhyalaya-and-medical-and-science-research-hospital-nagpur,Medical,Nagpur,Private,MD Swasthavritta,3 Years,"Boys Hostel, Girls Hostel"
"Bhausaheb Mulak Ayurved Mahavidhyalaya and Medical And Science Research Hospital, Nagpur",https://www.careers360.com/colleges/bhausaheb-mulak-ayurved-mahavidhyalaya-and-medical-and-science-research-hospital-nagpur,Medical,Nagpur,Private,MD Kaumarbhritya,3 Years,"Boys Hostel, Girls Hostel"
"Bhausaheb Mulak Ayurved Mahavidhyalaya and Medical And Science Research Hospital, Nagpur",https://www.careers360.com/colleges/bhausaheb-mulak-ayurved-mahavidhyalaya-and-medical-and-science-research-hospital-nagpur,Medical,Nagpur,Private,MD Kriya Sharir,3 Years,"Boys Hostel, Girls Hostel"
"Bhausaheb Mulak Ayurved Mahavidhyalaya and Medical And Science Research Hospital, Nagpur",https://www.careers360.com/colleges/bhausaheb-mulak-ayurved-mahavidhyalaya-and-medical-and-science-research-hospital-nagpur,Medical,Nagpur,Private,MD Dravyaguna,3 Years,"Boys Hostel, Girls Hostel"
"Bhausaheb Mulak Ayurved Mahavidhyalaya and Medical And Science Research Hospital, Nagpur",https://www.careers360.com/colleges/bhausaheb-mulak-ayurved-mahavidhyalaya-and-medical-and-science-research-hospital-nagpur,Medical,Nagpur,Private,MD Kayachikitsa,3 Years,"Boys Hostel, Girls Hostel"
"Datta Meghe Ayurved College, Hospital and Research Centre, Nagpur",https://www.careers360.com/colleges/datta-meghe-ayurved-college-hospital-and-research-centre-nagpur,Medical,Nagpur,Private,BAMS,5 Years 6 Months,"Boys Hostel, Girls Hostel"
"Datta Meghe Medical College, Nagpur",https://www.careers360.com/colleges/datta-meghe-medical-college-nagpur,Medical,Nagpur,Private,MBBS,5 Years 6 Months,"Boys Hostel, Girls Hostel"
"Datta Meghe Medical College, Nagpur",https://www.careers360.com/colleges/datta-meghe-medical-college-nagpur,Medical,Nagpur,Private,MD Radio Diagnosis,3 Years,"Boys Hostel, Girls Hostel"
"Datta Meghe Medical College, Nagpur",https://www.careers360.com/colleges/datta-meghe-medical-college-nagpur,Medical,Nagpur,Private,"MD Dermatology, Venerology and Leprosy",3 Years,"Boys Hostel, Girls Hostel"
"Datta Meghe Medical College, Nagpur",https://www.careers360.com/colleges/datta-meghe-medical-college-nagpur,Medical,Nagpur,Private,MD Paediatrics,3 Years,"Boys Hostel, Girls Hostel"
"Datta Meghe Medical College, Nagpur",https://www.careers360.com/colleges/datta-meghe-medical-college-nagpur,Medical,Nagpur,Private,MS General Surgery,3 Years,"Boys Hostel, Girls Hostel"
"Datta Meghe Medical College, Nagpur",https://www.careers360.com/colleges/datta-meghe-medical-college-nagpur,Medical,Nagpur,Private,MD General Medicine,3 Years,"Boys Hostel, Girls Hostel"
"Datta Meghe Medical College, Nagpur",https://www.careers360.com/colleges/datta-meghe-medical-college-nagpur,Medical,Nagpur,Private,MD Psychiatry,3 Years,"Boys Hostel, Girls Hostel"
"Datta Meghe Medical College, Nagpur",https://www.careers360.com/colleges/datta-meghe-medical-college-nagpur,Medical,Nagpur,Private,MD Pathology,3 Years,"Boys Hostel, Girls Hostel"
"Datta Meghe Medical College, Nagpur",https://www.careers360.com/colleges/datta-meghe-medical-college-nagpur,Medical,Nagpur,Private,MD Anaesthesiology,3 Years,"Boys Hostel, Girls Hostel"
"Datta Meghe Medical College, Nagpur",https://www.careers360.com/colleges/datta-meghe-medical-college-nagpur,Medical,Nagpur,Private,MS Obstetrics and Gynaecology,3 Years,"Boys Hostel, Girls Hostel"
"Datta Meghe Medical College, Nagpur",https://www.careers360.com/colleges/datta-meghe-medical-college-nagpur,Medical,Nagpur,Private,MS Orthopaedics,3 Years,"Boys Hostel, Girls Hostel"
"Datta Meghe Medical College, Nagpur",https://www.careers360.com/colleges/datta-meghe-medical-college-nagpur,Medical,Nagpur,Private,MD Emergency Medicine,3 Years,"Boys Hostel, Girls Hostel"
"Government Ayurved College and Hospital, Nagpur",https://www.careers360.com/colleges/government-ayurved-college-and-hospital-nagpur,Medical,Nagpur,Government,BAMS,5 Years 6 Months,
"Government Ayurved College and Hospital, Nagpur",https://www.careers360.com/colleges/government-ayurved-college-and-hospital-nagpur,Medical,Nagpur,Government,MD Rasashastra Evam Bhaishjya Kalpana,3 Years,
"Government Ayurved College and Hospital, Nagpur",https://www.careers360.com/colleges/government-ayurved-college-and-hospital-nagpur,Medical,Nagpur,Government,MD Ayurveda Sharir Kriya,3 Years,
"Government Ayurved College and Hospital, Nagpur",https://www.careers360.com/colleges/government-ayurved-college-and-hospital-nagpur,Medical,Nagpur,Government,MD Ayurveda Kayachikitsa,3 Years,
"Government Ayurved College and Hospital, Nagpur",https://www.careers360.com/colleges/government-ayurved-college-and-hospital-nagpur,Medical,Nagpur,Government,MD Ayurveda Swasthavritta,3 Years,
"Government Ayurved College and Hospital, Nagpur",https://www.careers360.com/colleges/government-ayurved-college-and-hospital-nagpur,Medical,Nagpur,Government,MD Ayurveda Sharir Rachna,3 Years,
"Government Ayurved College and Hospital, Nagpur",https://www.careers360.com/colleges/government-ayurved-college-and-hospital-nagpur,Medical,Nagpur,Government,MD Ayurveda Samhita Evam Siddhant,3 Years,
"Government Ayurved College and Hospital, Nagpur",https://www.careers360.com/colleges/government-ayurved-college-and-hospital-nagpur,Medical,Nagpur,Government,MD Rog Nidan Evam Vikriti Vigyana,3 Years,
"Government Ayurved College and Hospital, Nagpur",https://www.careers360.com/colleges/government-ayurved-college-and-hospital-nagpur,Medical,Nagpur,Government,MS Ayurveda Shalya Tantra,3 Years,
"Government Ayurved College and Hospital, Nagpur",https://www.careers360.com/colleges/government-ayurved-college-and-hospital-nagpur,Medical,Nagpur,Government,MS Shalakya Tantra,3 Years,
"Government Ayurved College and Hospital, Nagpur",https://www.careers360.com/colleges/government-ayurved-college-and-hospital-nagpur,Medical,Nagpur,Government,MD Ayurveda Agadtantra,3 Years,
"Government Ayurved College and Hospital, Nagpur",https://www.careers360.com/colleges/government-ayurved-college-and-hospital-nagpur,Medical,Nagpur,Government,MD Rachana Sharira,3 Years,
"GDCH Nagpur - Government Dental College and Hospital, Nagpur",https://www.careers360.com/colleges/government-dental-college-and-hospital-nagpur,Medical,Nagpur,Government,BDS,5 Years,"Boys Hostel, Girls Hostel"
"GDCH Nagpur - Government Dental College and Hospital, Nagpur",https://www.careers360.com/colleges/government-dental-college-and-hospital-nagpur,Medical,Nagpur,Government,MDS Conservative Dentistry and Endodontics,3 Years,"Boys Hostel, Girls Hostel"
"GDCH Nagpur - Government Dental College and Hospital, Nagpur",https://www.careers360.com/colleges/government-dental-college-and-hospital-nagpur,Medical,Nagpur,Government,MDS Oral and Maxillofacial Surgery,3 Years,"Boys Hostel, Girls Hostel"
"GDCH Nagpur - Government Dental College and Hospital, Nagpur",https://www.careers360.com/colleges/government-dental-college-and-hospital-nagpur,Medical,Nagpur,Government,MDS Orthodontics and Dentofacial Orthopedics,3 Years,"Boys Hostel, Girls Hostel"
"GDCH Nagpur - Government Dental College and Hospital, Nagpur",https://www.careers360.com/colleges/government-dental-college-and-hospital-nagpur,Medical,Nagpur,Government,MDS Oral Pathology and Microbiology,3 Years,"Boys Hostel, Girls Hostel"
"GDCH Nagpur - Government Dental College and Hospital, Nagpur",https://www.careers360.com/colleges/government-dental-college-and-hospital-nagpur,Medical,Nagpur,Government,MDS Pediatric and Preventive Dentistry,3 Years,"Boys Hostel, Girls Hostel"
"GDCH Nagpur - Government Dental College and Hospital, Nagpur",https://www.careers360.com/colleges/government-dental-college-and-hospital-nagpur,Medical,Nagpur,Government,MDS Periodontology,3 Years,"Boys Hostel, Girls Hostel"
"GDCH Nagpur - Government Dental College and Hospital, Nagpur",https://www.careers360.com/colleges/government-dental-college-and-hospital-nagpur,Medical,Nagpur,Government,MDS Prosthodontics and Crown and Bridge,3 Years,"Boys Hostel, Girls Hostel"
"GDCH Nagpur - Government Dental College and Hospital, Nagpur",https://www.careers360.com/colleges/government-dental-college-and-hospital-nagpur,Medical,Nagpur,Government,MDS Oral Medicine and Radiology,3 Years,"Boys Hostel, Girls Hostel"
"Government Medical College and Hospital, Nagpur",https://www.careers360.com/colleges/government-medical-college-hospital-nagpur,Medical,Nagpur,Government,MBBS,5 Years 6 Months,
"Government Medical College and Hospital, Nagpur",https://www.careers360.com/colleges/government-medical-college-hospital-nagpur,Medical,Nagpur,Government,B.Sc Nursing,4 Years,
"Government Medical College and Hospital, Nagpur",https://www.careers360.com/colleges/government-medical-college-hospital-nagpur,Medical,Nagpur,Government,MD General Medicine,3 Years,
"Government Medical College and Hospital, Nagpur",https://www.careers360.com/colleges/government-medical-college-hospital-nagpur,Medical,Nagpur,Government,BPT,4 Years 6 Months,
"Government Medical College and Hospital, Nagpur",https://www.careers360.com/colleges/government-medical-college-hospital-nagpur,Medical,Nagpur,Government,MS Obstetrtics and Gynaecology,3 Years,
"Government Medical College and Hospital, Nagpur",https://www.careers360.com/colleges/government-medical-college-hospital-nagpur,Medical,Nagpur,Government,MD Microbiology,3 Years,
"Government Medical College and Hospital, Nagpur",https://www.careers360.com/colleges/government-medical-college-hospital-nagpur,Medical,Nagpur,Government,MD Forensic Medicine,3 Years,
"Government Medical College and Hospital, Nagpur",https://www.careers360.com/colleges/government-medical-college-hospital-nagpur,Medical,Nagpur,Government,MD Community Medicine,3 Years,
"Government Medical College and Hospital, Nagpur",https://www.careers360.com/colleges/government-medical-college-hospital-nagpur,Medical,Nagpur,Government,MS General Surgery,3 Years,
"Government Medical College and Hospital, Nagpur",https://www.careers360.com/colleges/government-medical-college-hospital-nagpur,Medical,Nagpur,Government,MD Anaesthesiology,3 Years,
"Government Medical College and Hospital, Nagpur",https://www.careers360.com/colleges/government-medical-college-hospital-nagpur,Medical,Nagpur,Government,MD Pharmacology,3 Years,
"Government Medical College and Hospital, Nagpur",https://www.careers360.com/colleges/government-medical-college-hospital-nagpur,Medical,Nagpur,Government,MD Paediatrics,3 Years,
"Government Medical College and Hospital, Nagpur",https://www.careers360.com/colleges/government-medical-college-hospital-nagpur,Medical,Nagpur,Government,MD Pathology,3 Years,
"Government Medical College and Hospital, Nagpur",https://www.careers360.com/colleges/government-medical-college-hospital-nagpur,Medical,Nagpur,Government,MS ENT,3 Years,
"Government Medical College and Hospital, Nagpur",https://www.careers360.com/colleges/government-medical-college-hospital-nagpur,Medical,Nagpur,Government,MS Ophthalmology,3 Years,
"Government Medical College and Hospital, Nagpur",https://www.careers360.com/colleges/government-medical-college-hospital-nagpur,Medical,Nagpur,Government,MS Orthopaedics,3 Years,
"Government Medical College and Hospital, Nagpur",https://www.careers360.com/colleges/government-medical-college-hospital-nagpur,Medical,Nagpur,Government,MD Radiotherapy,3 Years,
"Government Medical College and Hospital, Nagpur",https://www.careers360.com/colleges/government-medical-college-hospital-nagpur,Medical,Nagpur,Government,"MD- Dermatology, Venereology and Leprosy",3 Years,
"Government Medical College and Hospital, Nagpur",https://www.careers360.com/colleges/government-medical-college-hospital-nagpur,Medical,Nagpur,Government,MD Respiratory Medicine,3 Years,
"Government Medical College and Hospital, Nagpur",https://www.careers360.com/colleges/government-medical-college-hospital-nagpur,Medical,Nagpur,Government,MD Psychiatry,3 Years,
"GMC Nagpur - Government Medical College, Nagpur",https://www.careers360.com/colleges/government-medical-college-nagpur,Medical,Nagpur,Government,MBBS,5 Years 6 Months,"Boys Hostel, Girls Hostel"
"GMC Nagpur - Government Medical College, Nagpur",https://www.careers360.com/colleges/government-medical-college-nagpur,Medical,Nagpur,Government,B.Sc Nursing,4 Years,"Boys Hostel, Girls Hostel"
"GMC Nagpur - Government Medical College, Nagpur",https://www.careers360.com/colleges/government-medical-college-nagpur,Medical,Nagpur,Government,MD General Medicine,3 Years,"Boys Hostel, Girls Hostel"
"GMC Nagpur - Government Medical College, Nagpur",https://www.careers360.com/colleges/government-medical-college-nagpur,Medical,Nagpur,Government,BPT,4 Years 6 Months,"Boys Hostel, Girls Hostel"
"GMC Nagpur - Government Medical College, Nagpur",https://www.careers360.com/colleges/government-medical-college-nagpur,Medical,Nagpur,Government,MS Obstetrtics and Gynaecology,3 Years,"Boys Hostel, Girls Hostel"
"GMC Nagpur - Government Medical College, Nagpur",https://www.careers360.com/colleges/government-medical-college-nagpur,Medical,Nagpur,Government,MD Microbiology,3 Years,"Boys Hostel, Girls Hostel"
"GMC Nagpur - Government Medical College, Nagpur",https://www.careers360.com/colleges/government-medical-college-nagpur,Medical,Nagpur,Government,MD Forensic Medicine,3 Years,"Boys Hostel, Girls Hostel"
"GMC Nagpur - Government Medical College, Nagpur",https://www.careers360.com/colleges/government-medical-college-nagpur,Medical,Nagpur,Government,MD Community Medicine,3 Years,"Boys Hostel, Girls Hostel"
"GMC Nagpur - Government Medical College, Nagpur",https://www.careers360.com/colleges/government-medical-college-nagpur,Medical,Nagpur,Government,MS General Surgery,3 Years,"Boys Hostel, Girls Hostel"
"GMC Nagpur - Government Medical College, Nagpur",https://www.careers360.com/colleges/government-medical-college-nagpur,Medical,Nagpur,Government,MD Anaesthesiology,3 Years,"Boys Hostel, Girls Hostel"
"GMC Nagpur - Government Medical College, Nagpur",https://www.careers360.com/colleges/government-medical-college-nagpur,Medical,Nagpur,Government,MD Pharmacology,3 Years,"Boys Hostel, Girls Hostel"
"GMC Nagpur - Government Medical College, Nagpur",https://www.careers360.com/colleges/government-medical-college-nagpur,Medical,Nagpur,Government,MD Paediatrics,3 Years,"Boys Hostel, Girls Hostel"
"GMC Nagpur - Government Medical College, Nagpur",https://www.careers360.com/colleges/government-medical-college-nagpur,Medical,Nagpur,Government,MD Pathology,3 Years,"Boys Hostel, Girls Hostel"
"GMC Nagpur - Government Medical College, Nagpur",https://www.careers360.com/colleges/government-medical-college-nagpur,Medical,Nagpur,Government,MS ENT,3 Years,"Boys Hostel, Girls Hostel"
"GMC Nagpur - Government Medical College, Nagpur",https://www.careers360.com/colleges/government-medical-college-nagpur,Medical,Nagpur,Government,MS Ophthalmology,3 Years,"Boys Hostel, Girls Hostel"
"GMC Nagpur - Government Medical College, Nagpur",https://www.careers360.com/colleges/government-medical-college-nagpur,Medical,Nagpur,Government,MS Orthopaedics,3 Years,"Boys Hostel, Girls Hostel"
"GMC Nagpur - Government Medical College, Nagpur",https://www.careers360.com/colleges/government-medical-college-nagpur,Medical,Nagpur,Government,MD Radiotherapy,3 Years,"Boys Hostel, Girls Hostel"
"GMC Nagpur - Government Medical College, Nagpur",https://www.careers360.com/colleges/government-medical-college-nagpur,Medical,Nagpur,Government,"MD- Dermatology, Venereology and Leprosy",3 Years,"Boys Hostel, Girls Hostel"
"GMC Nagpur - Government Medical College, Nagpur",https://www.careers360.com/colleges/government-medical-college-nagpur,Medical,Nagpur,Government,MD Respiratory Medicine,3 Years,"Boys Hostel, Girls Hostel"
"GMC Nagpur - Government Medical College, Nagpur",https://www.careers360.com/colleges/government-medical-college-nagpur,Medical,Nagpur,Government,MD Psychiatry,3 Years,"Boys Hostel, Girls Hostel"
"Govindrao Wanjari Ayurvedic Hospital and Research Center, Nagpur",https://www.careers360.com/colleges/govindrao-wanjari-ayurvedic-hospital-and-research-center-nagpur,Medical,Nagpur,Private,BAMS,5 Years 6 Months,
"Indira Gandhi Government Medical College and Hospital, Nagpur",https://www.careers360.com/colleges/indira-gandhi-government-medical-college-and-hospital-nagpur,Medical,Nagpur,Government,MBBS,5 Years 6 Months,"Boys Hostel, Girls Hostel"
"Indira Gandhi Government Medical College and Hospital, Nagpur",https://www.careers360.com/colleges/indira-gandhi-government-medical-college-and-hospital-nagpur,Medical,Nagpur,Government,MS Obstetrics and Gynaecology,3 Years,"Boys Hostel, Girls Hostel"
"Indira Gandhi Government Medical College and Hospital, Nagpur",https://www.careers360.com/colleges/indira-gandhi-government-medical-college-and-hospital-nagpur,Medical,Nagpur,Government,MD Paediatrics,3 Years,"Boys Hostel, Girls Hostel"
"Indira Gandhi Government Medical College and Hospital, Nagpur",https://www.careers360.com/colleges/indira-gandhi-government-medical-college-and-hospital-nagpur,Medical,Nagpur,Government,MS General Surgery,3 Years,"Boys Hostel, Girls Hostel"
"Indira Gandhi Government Medical College and Hospital, Nagpur",https://www.careers360.com/colleges/indira-gandhi-government-medical-college-and-hospital-nagpur,Medical,Nagpur,Government,MD General Medicine,3 Years,"Boys Hostel, Girls Hostel"
"Indira Gandhi Government Medical College and Hospital, Nagpur",https://www.careers360.com/colleges/indira-gandhi-government-medical-college-and-hospital-nagpur,Medical,Nagpur,Government,MD Anaesthesiology,3 Years,"Boys Hostel, Girls Hostel"
"Indira Gandhi Government Medical College and Hospital, Nagpur",https://www.careers360.com/colleges/indira-gandhi-government-medical-college-and-hospital-nagpur,Medical,Nagpur,Government,MD Community Medicine,3 Years,"Boys Hostel, Girls Hostel"
"Indira Gandhi Government Medical College and Hospital, Nagpur",https://www.careers360.com/colleges/indira-gandhi-government-medical-college-and-hospital-nagpur,Medical,Nagpur,Government,MS Orthopaedics,3 Years,"Boys Hostel, Girls Hostel"
"Indira Gandhi Government Medical College and Hospital, Nagpur",https://www.careers360.com/colleges/indira-gandhi-government-medical-college-and-hospital-nagpur,Medical,Nagpur,Government,MD Radiodiagnosis,3 Years,"Boys Hostel, Girls Hostel"
"Indira Gandhi Government Medical College and Hospital, Nagpur",https://www.careers360.com/colleges/indira-gandhi-government-medical-college-and-hospital-nagpur,Medical,Nagpur,Government,MD Psychiatry,3 Years,"Boys Hostel, Girls Hostel"
"Indira Gandhi Government Medical College and Hospital, Nagpur",https://www.careers360.com/colleges/indira-gandhi-government-medical-college-and-hospital-nagpur,Medical,Nagpur,Government,MD Microbiology,3 Years,"Boys Hostel, Girls Hostel"
"Indira Gandhi Government Medical College and Hospital, Nagpur",https://www.careers360.com/colleges/indira-gandhi-government-medical-college-and-hospital-nagpur,Medical,Nagpur,Government,MD Tuberculosis and Respiratory Diseases,3 Years,"Boys Hostel, Girls Hostel"
"Indira Gandhi Government Medical College and Hospital, Nagpur",https://www.careers360.com/colleges/indira-gandhi-government-medical-college-and-hospital-nagpur,Medical,Nagpur,Government,MD Biochemistry,3 Years,"Boys Hostel, Girls Hostel"
"Indira Gandhi Government Medical College and Hospital, Nagpur",https://www.careers360.com/colleges/indira-gandhi-government-medical-college-and-hospital-nagpur,Medical,Nagpur,Government,MS Ophthalmology,3 Years,"Boys Hostel, Girls Hostel"
"Indira Gandhi Government Medical College and Hospital, Nagpur",https://www.careers360.com/colleges/indira-gandhi-government-medical-college-and-hospital-nagpur,Medical,Nagpur,Government,MD Pharmacology,3 Years,"Boys Hostel, Girls Hostel"
"Indira Gandhi Government Medical College and Hospital, Nagpur",https://www.careers360.com/colleges/indira-gandhi-government-medical-college-and-hospital-nagpur,Medical,Nagpur,Government,MS ENT,3 Years,"Boys Hostel, Girls Hostel"
"Indira Gandhi Government Medical College and Hospital, Nagpur",https://www.careers360.com/colleges/indira-gandhi-government-medical-college-and-hospital-nagpur,Medical,Nagpur,Government,MD Pathology,3 Years,"Boys Hostel, Girls Hostel"
"Indira Gandhi Government Medical College and Hospital, Nagpur",https://www.careers360.com/colleges/indira-gandhi-government-medical-college-and-hospital-nagpur,Medical,Nagpur,Government,MD Physiology,3 Years,"Boys Hostel, Girls Hostel"
"Indira Gandhi Government Medical College and Hospital, Nagpur",https://www.careers360.com/colleges/indira-gandhi-government-medical-college-and-hospital-nagpur,Medical,Nagpur,Government,MD Forensic Medicine,3 Years,"Boys Hostel, Girls Hostel"
"Indira Gandhi Government Medical College and Hospital, Nagpur",https://www.careers360.com/colleges/indira-gandhi-government-medical-college-and-hospital-nagpur,Medical,Nagpur,Government,MD Dermatology Venereology and Leprosy,3 Years,"Boys Hostel, Girls Hostel"
"Indutai Gaikwad Patil Ayurved College, Hospital and Research Center, Nagpur",https://www.careers360.com/colleges/indutai-gaikwad-patil-ayurved-college-hospital-and-research-center-nagpur,Medical,Nagpur,Private,BAMS,5 Years 6 Months,
"ITM - Institute of Health Sciences, Nagpur Campus ,Nagpur",https://www.careers360.com/colleges/itm-institute-of-health-sciences-nagpur-campus-nagpur,Medical,Nagpur,Private,Masters in Medical Laboratory Technology,2 Years,"Boys Hostel, Girls Hostel"
"ITM - Institute of Health Sciences, Nagpur Campus ,Nagpur",https://www.careers360.com/colleges/itm-institute-of-health-sciences-nagpur-campus-nagpur,Medical,Nagpur,Private,B.Sc Clinical Laboratory Science,3 Years,"Boys Hostel, Girls Hostel"
"ITM - Institute of Health Sciences, Nagpur Campus ,Nagpur",https://www.careers360.com/colleges/itm-institute-of-health-sciences-nagpur-campus-nagpur,Medical,Nagpur,Private,Baccalaureate in Medical Laboratory Technology,4 Years,"Boys Hostel, Girls Hostel"
"Jupiter Ayurved Medical College and Tarini Ayurved Hospital, Nagpur",https://www.careers360.com/colleges/jupiter-ayurved-medical-college-and-tarini-ayurved-hospital-nagpur,Medical,Nagpur,Private,BAMS,5 Years 6 Months,"Boys Hostel, Girls Hostel"
"Late Vilasrao Deshmukh College of Physiotherapy, Nagpur",https://www.careers360.com/colleges/late-vilasrao-deshmukh-college-of-physiotherapy-nagpur,Medical,Nagpur,Private,BPT,4 Years 6 Months,
"Madhukarrao Mahakalkar Nursing School, Nagpur",https://www.careers360.com/colleges/madhukarrao-mahakalkar-nursing-school-nagpur,Medical,Nagpur,Private,ANM,2 Years,
"Maharashtra Animal and Fishery Sciences University, Nagpur",https://www.careers360.com/university/maharashtra-animal-and-fishery-sciences-university-nagpur,Medical,Nagpur,Government,M.V.Sc Veterinary Surgery and Radiology,2 Years,
"Maharashtra Animal and Fishery Sciences University, Nagpur",https://www.careers360.com/university/maharashtra-animal-and-fishery-sciences-university-nagpur,Medical,Nagpur,Government,M.V.Sc Veterinary Anatomy and Histology,2 Years,
"Maharshi Karve Stree Shikshan Samstha College of Nursing Education For Women, Nagpur",https://www.careers360.com/colleges/maharshi-karve-stree-shikshan-samstha-college-of-nursing-education-for-women-nagpur,Medical,Nagpur,Private,B.Sc Nursing,4 Years,Girls Hostel
"Maharshi Karve Stree Shikshan Samstha College of Nursing Education For Women, Nagpur",https://www.careers360.com/colleges/maharshi-karve-stree-shikshan-samstha-college-of-nursing-education-for-women-nagpur,Medical,Nagpur,Private,Post Basic B.Sc Nursing,2 Years,Girls Hostel
"NVC Nagpur - Nagpur Veterinary College, Nagpur",https://www.careers360.com/colleges/nagpur-veterinary-college-nagpur,Medical,Nagpur,Government,Ph.D Anatomy,6 Years,"Boys Hostel, Girls Hostel"
"NKP Salve Institute of Medical Sciences and Research Centre and Lata Mangeshkar Hospital, Nagpur",https://www.careers360.com/colleges/nkp-salve-institute-of-medical-sciences-and-research-centre-and-lata-mangeshkar-hospital-nagpur,Medical,Nagpur,Private,MBBS,5 Years 6 Months,"Boys Hostel, Girls Hostel"
"NKP Salve Institute of Medical Sciences and Research Centre and Lata Mangeshkar Hospital, Nagpur",https://www.careers360.com/colleges/nkp-salve-institute-of-medical-sciences-and-research-centre-and-lata-mangeshkar-hospital-nagpur,Medical,Nagpur,Private,MD General Medicine,3 Years,"Boys Hostel, Girls Hostel"
"NKP Salve Institute of Medical Sciences and Research Centre and Lata Mangeshkar Hospital, Nagpur",https://www.careers360.com/colleges/nkp-salve-institute-of-medical-sciences-and-research-centre-and-lata-mangeshkar-hospital-nagpur,Medical,Nagpur,Private,MS General Surgery,3 Years,"Boys Hostel, Girls Hostel"
"NKP Salve Institute of Medical Sciences and Research Centre and Lata Mangeshkar Hospital, Nagpur",https://www.careers360.com/colleges/nkp-salve-institute-of-medical-sciences-and-research-centre-and-lata-mangeshkar-hospital-nagpur,Medical,Nagpur,Private,MD Anaesthesiology,3 Years,"Boys Hostel, Girls Hostel"
"NKP Salve Institute of Medical Sciences and Research Centre and Lata Mangeshkar Hospital, Nagpur",https://www.careers360.com/colleges/nkp-salve-institute-of-medical-sciences-and-research-centre-and-lata-mangeshkar-hospital-nagpur,Medical,Nagpur,Private,MD Pathology,3 Years,"Boys Hostel, Girls Hostel"
"NKP Salve Institute of Medical Sciences and Research Centre and Lata Mangeshkar Hospital, Nagpur",https://www.careers360.com/colleges/nkp-salve-institute-of-medical-sciences-and-research-centre-and-lata-mangeshkar-hospital-nagpur,Medical,Nagpur,Private,MS Obstetrics and Gynaecology,3 Years,"Boys Hostel, Girls Hostel"
"NKP Salve Institute of Medical Sciences and Research Centre and Lata Mangeshkar Hospital, Nagpur",https://www.careers360.com/colleges/nkp-salve-institute-of-medical-sciences-and-research-centre-and-lata-mangeshkar-hospital-nagpur,Medical,Nagpur,Private,MD Radiology,3 Years,"Boys Hostel, Girls Hostel"
"NKP Salve Institute of Medical Sciences and Research Centre and Lata Mangeshkar Hospital, Nagpur",https://www.careers360.com/colleges/nkp-salve-institute-of-medical-sciences-and-research-centre-and-lata-mangeshkar-hospital-nagpur,Medical,Nagpur,Private,MD Paediatrics,3 Years,"Boys Hostel, Girls Hostel"
"NKP Salve Institute of Medical Sciences and Research Centre and Lata Mangeshkar Hospital, Nagpur",https://www.careers360.com/colleges/nkp-salve-institute-of-medical-sciences-and-research-centre-and-lata-mangeshkar-hospital-nagpur,Medical,Nagpur,Private,MS Orthopaedics,3 Years,"Boys Hostel, Girls Hostel"
"NKP Salve Institute of Medical Sciences and Research Centre and Lata Mangeshkar Hospital, Nagpur",https://www.careers360.com/colleges/nkp-salve-institute-of-medical-sciences-and-research-centre-and-lata-mangeshkar-hospital-nagpur,Medical,Nagpur,Private,MS Ophthalmology,3 Years,"Boys Hostel, Girls Hostel"
"NKP Salve Institute of Medical Sciences and Research Centre and Lata Mangeshkar Hospital, Nagpur",https://www.careers360.com/colleges/nkp-salve-institute-of-medical-sciences-and-research-centre-and-lata-mangeshkar-hospital-nagpur,Medical,Nagpur,Private,MD Tuberculosis and Chest Diseases,3 Years,"Boys Hostel, Girls Hostel"
"NKP Salve Institute of Medical Sciences and Research Centre and Lata Mangeshkar Hospital, Nagpur",https://www.careers360.com/colleges/nkp-salve-institute-of-medical-sciences-and-research-centre-and-lata-mangeshkar-hospital-nagpur,Medical,Nagpur,Private,MS ENT,3 Years,"Boys Hostel, Girls Hostel"
"NKP Salve Institute of Medical Sciences and Research Centre and Lata Mangeshkar Hospital, Nagpur",https://www.careers360.com/colleges/nkp-salve-institute-of-medical-sciences-and-research-centre-and-lata-mangeshkar-hospital-nagpur,Medical,Nagpur,Private,MD Psychiatry,3 Years,"Boys Hostel, Girls Hostel"
"NKP Salve Institute of Medical Sciences and Research Centre and Lata Mangeshkar Hospital, Nagpur",https://www.careers360.com/colleges/nkp-salve-institute-of-medical-sciences-and-research-centre-and-lata-mangeshkar-hospital-nagpur,Medical,Nagpur,Private,MD Social and Preventive Medicine Community Medicine,3 Years,"Boys Hostel, Girls Hostel"
"NKP Salve Institute of Medical Sciences and Research Centre and Lata Mangeshkar Hospital, Nagpur",https://www.careers360.com/colleges/nkp-salve-institute-of-medical-sciences-and-research-centre-and-lata-mangeshkar-hospital-nagpur,Medical,Nagpur,Private,MD Dermatology Venereology and Leprosy,3 Years,"Boys Hostel, Girls Hostel"
"NKP Salve Institute of Medical Sciences and Research Centre and Lata Mangeshkar Hospital, Nagpur",https://www.careers360.com/colleges/nkp-salve-institute-of-medical-sciences-and-research-centre-and-lata-mangeshkar-hospital-nagpur,Medical,Nagpur,Private,MD Microbiology,3 Years,"Boys Hostel, Girls Hostel"
"NKP Salve Institute of Medical Sciences and Research Centre and Lata Mangeshkar Hospital, Nagpur",https://www.careers360.com/colleges/nkp-salve-institute-of-medical-sciences-and-research-centre-and-lata-mangeshkar-hospital-nagpur,Medical,Nagpur,Private,MD Anatomy,3 Years,"Boys Hostel, Girls Hostel"
"NKP Salve Institute of Medical Sciences and Research Centre and Lata Mangeshkar Hospital, Nagpur",https://www.careers360.com/colleges/nkp-salve-institute-of-medical-sciences-and-research-centre-and-lata-mangeshkar-hospital-nagpur,Medical,Nagpur,Private,MD Physiology,3 Years,"Boys Hostel, Girls Hostel"
"NKP Salve Institute of Medical Sciences and Research Centre and Lata Mangeshkar Hospital, Nagpur",https://www.careers360.com/colleges/nkp-salve-institute-of-medical-sciences-and-research-centre-and-lata-mangeshkar-hospital-nagpur,Medical,Nagpur,Private,MD Pharmacology,3 Years,"Boys Hostel, Girls Hostel"
"NKP Salve Institute of Medical Sciences and Research Centre and Lata Mangeshkar Hospital, Nagpur",https://www.careers360.com/colleges/nkp-salve-institute-of-medical-sciences-and-research-centre-and-lata-mangeshkar-hospital-nagpur,Medical,Nagpur,Private,M.Ch Paediatrics Surgery,3 Years,"Boys Hostel, Girls Hostel"
"Physiotherapy School and Center, Government Medical College, Nagpur",https://www.careers360.com/colleges/physiotherapy-school-and-center-government-medical-college-nagpur,Medical,Nagpur,Government,BPT,4 Years 6 Months,"Boys Hostel, Girls Hostel"
"Physiotherapy School and Center, Government Medical College, Nagpur",https://www.careers360.com/colleges/physiotherapy-school-and-center-government-medical-college-nagpur,Medical,Nagpur,Government,MPT Musculoskeletal Physiotherapy,2 Years,"Boys Hostel, Girls Hostel"
"Physiotherapy School and Center, Government Medical College, Nagpur",https://www.careers360.com/colleges/physiotherapy-school-and-center-government-medical-college-nagpur,Medical,Nagpur,Government,MPT Neuro Physiotherapy,2 Years,"Boys Hostel, Girls Hostel"
"Physiotherapy School and Center, Government Medical College, Nagpur",https://www.careers360.com/colleges/physiotherapy-school-and-center-government-medical-college-nagpur,Medical,Nagpur,Government,MPT Cardiovascular and Respiratory Physiotherapy,2 Years,"Boys Hostel, Girls Hostel"
"Physiotherapy School and Center, Government Medical College, Nagpur",https://www.careers360.com/colleges/physiotherapy-school-and-center-government-medical-college-nagpur,Medical,Nagpur,Government,MPT Community Physiotherapy,2 Years,"Boys Hostel, Girls Hostel"
"Physiotherapy School and Center, Government Medical College, Nagpur",https://www.careers360.com/colleges/physiotherapy-school-and-center-government-medical-college-nagpur,Medical,Nagpur,Government,MPT Sports Physiotherapy,2 Years,"Boys Hostel, Girls Hostel"
"Ranjeet Deshmukh Dental College and Research Centre, Nagpur",https://www.careers360.com/colleges/ranjeet-deshmukh-dental-college-and-research-centre-nagpur,Medical,Nagpur,Private,BDS,5 Years,"Boys Hostel, Girls Hostel"
"Ranjeet Deshmukh Dental College and Research Centre, Nagpur",https://www.careers360.com/colleges/ranjeet-deshmukh-dental-college-and-research-centre-nagpur,Medical,Nagpur,Private,MDS Conservative Dentistry,3 Years,"Boys Hostel, Girls Hostel"
"Ranjeet Deshmukh Dental College and Research Centre, Nagpur",https://www.careers360.com/colleges/ranjeet-deshmukh-dental-college-and-research-centre-nagpur,Medical,Nagpur,Private,MDS Prosthodontics,3 Years,"Boys Hostel, Girls Hostel"
"Ranjeet Deshmukh Dental College and Research Centre, Nagpur",https://www.careers360.com/colleges/ranjeet-deshmukh-dental-college-and-research-centre-nagpur,Medical,Nagpur,Private,Ph.D Oral Pathology and Microbiology,6 Years,"Boys Hostel, Girls Hostel"
"Ranjeet Deshmukh Dental College and Research Centre, Nagpur",https://www.careers360.com/colleges/ranjeet-deshmukh-dental-college-and-research-centre-nagpur,Medical,Nagpur,Private,MDS Periodontics,3 Years,"Boys Hostel, Girls Hostel"
"Ranjeet Deshmukh Dental College and Research Centre, Nagpur",https://www.careers360.com/colleges/ranjeet-deshmukh-dental-college-and-research-centre-nagpur,Medical,Nagpur,Private,MDS Pedodontics,3 Years,"Boys Hostel, Girls Hostel"
"Ranjeet Deshmukh Dental College and Research Centre, Nagpur",https://www.careers360.com/colleges/ranjeet-deshmukh-dental-college-and-research-centre-nagpur,Medical,Nagpur,Private,MDS Oral and Maxillofacial Surgery,3 Years,"Boys Hostel, Girls Hostel"
"Ranjeet Deshmukh Dental College and Research Centre, Nagpur",https://www.careers360.com/colleges/ranjeet-deshmukh-dental-college-and-research-centre-nagpur,Medical,Nagpur,Private,MDS Orthodontics,3 Years,"Boys Hostel, Girls Hostel"
"Ranjeet Deshmukh Dental College and Research Centre, Nagpur",https://www.careers360.com/colleges/ranjeet-deshmukh-dental-college-and-research-centre-nagpur,Medical,Nagpur,Private,Ph.D Oral Medicine and Radiology,6 Years,"Boys Hostel, Girls Hostel"
"Ranjeet Deshmukh Dental College and Research Centre, Nagpur",https://www.careers360.com/colleges/ranjeet-deshmukh-dental-college-and-research-centre-nagpur,Medical,Nagpur,Private,Ph.D Oral and Maxillofacial Surgery,6 Years,"Boys Hostel, Girls Hostel"
"Ranjeet Deshmukh Dental College and Research Centre, Nagpur",https://www.careers360.com/colleges/ranjeet-deshmukh-dental-college-and-research-centre-nagpur,Medical,Nagpur,Private,MDS Oral Medicine,3 Years,"Boys Hostel, Girls Hostel"
"Ranjeet Deshmukh Dental College and Research Centre, Nagpur",https://www.careers360.com/colleges/ranjeet-deshmukh-dental-college-and-research-centre-nagpur,Medical,Nagpur,Private,MDS Oral and Maxillofacial Pathology,3 Years,"Boys Hostel, Girls Hostel"
"Shri Ayurved Mahavidyalaya, Nagpur",https://www.careers360.com/colleges/shri-ayurved-mahavidyalaya-nagpur,Medical,Nagpur,Private,BAMS,5 Years 6 Months,"Boys Hostel, Girls Hostel"
"Shri Ayurved Mahavidyalaya, Nagpur",https://www.careers360.com/colleges/shri-ayurved-mahavidyalaya-nagpur,Medical,Nagpur,Private,MD Ayurved Samhita Siddhant,3 Years,"Boys Hostel, Girls Hostel"
"Shri Ayurved Mahavidyalaya, Nagpur",https://www.careers360.com/colleges/shri-ayurved-mahavidyalaya-nagpur,Medical,Nagpur,Private,MD Rasashastra,3 Years,"Boys Hostel, Girls Hostel"
"Shri Ayurved Mahavidyalaya, Nagpur",https://www.careers360.com/colleges/shri-ayurved-mahavidyalaya-nagpur,Medical,Nagpur,Private,MD Kayachikitsa,3 Years,"Boys Hostel, Girls Hostel"
"Shri Ayurved Mahavidyalaya, Nagpur",https://www.careers360.com/colleges/shri-ayurved-mahavidyalaya-nagpur,Medical,Nagpur,Private,MD Agadtantra,3 Years,"Boys Hostel, Girls Hostel"
"Shri Ayurved Mahavidyalaya, Nagpur",https://www.careers360.com/colleges/shri-ayurved-mahavidyalaya-nagpur,Medical,Nagpur,Private,MD Rachana Sharir,3 Years,"Boys Hostel, Girls Hostel"
"Shri Ayurved Mahavidyalaya, Nagpur",https://www.careers360.com/colleges/shri-ayurved-mahavidyalaya-nagpur,Medical,Nagpur,Private,MD Shalyatantra,3 Years,"Boys Hostel, Girls Hostel"
"Shri Ayurved Mahavidyalaya, Nagpur",https://www.careers360.com/colleges/shri-ayurved-mahavidyalaya-nagpur,Medical,Nagpur,Private,MD Swasthavrutta,3 Years,"Boys Hostel, Girls Hostel"
"Shri Ayurved Mahavidyalaya, Nagpur",https://www.careers360.com/colleges/shri-ayurved-mahavidyalaya-nagpur,Medical,Nagpur,Private,MS Shalakyatantra,3 Years,"Boys Hostel, Girls Hostel"
"Shri Ayurved Mahavidyalaya, Nagpur",https://www.careers360.com/colleges/shri-ayurved-mahavidyalaya-nagpur,Medical,Nagpur,Private,MD Rognidan,3 Years,"Boys Hostel, Girls Hostel"
"Shri Ayurved Mahavidyalaya, Nagpur",https://www.careers360.com/colleges/shri-ayurved-mahavidyalaya-nagpur,Medical,Nagpur,Private,MD Dravyaguna,3 Years,"Boys Hostel, Girls Hostel"
"Shri Ayurved Mahavidyalaya, Nagpur",https://www.careers360.com/colleges/shri-ayurved-mahavidyalaya-nagpur,Medical,Nagpur,Private,MD Kriya Sharir,3 Years,"Boys Hostel, Girls Hostel"
"Shri Ayurved Mahavidyalaya, Nagpur",https://www.careers360.com/colleges/shri-ayurved-mahavidyalaya-nagpur,Medical,Nagpur,Private,MD Kaumarbhritya,3 Years,"Boys Hostel, Girls Hostel"
"Shri Ayurved Mahavidyalaya, Nagpur",https://www.careers360.com/colleges/shri-ayurved-mahavidyalaya-nagpur,Medical,Nagpur,Private,MD Panchakarma,3 Years,"Boys Hostel, Girls Hostel"
"Shri KR Pandav Ayurved College and Hospital, Nagpur",https://www.careers360.com/colleges/shri-kr-pandav-ayurved-college-and-hospital-nagpur,Medical,Nagpur,Private,BAMS,5 Years 6 Months,
"Sitabai Nargundkar College of Nursing for Women, Nagpur",https://www.careers360.com/colleges/sitabai-nargundkar-college-of-nursing-for-women-nagpur,Medical,Nagpur,Private,B.Sc Nursing,4 Years,Girls Hostel
"Sitabai Nargundkar College of Nursing for Women, Nagpur",https://www.careers360.com/colleges/sitabai-nargundkar-college-of-nursing-for-women-nagpur,Medical,Nagpur,Private,Post Basic B.Sc Nursing,2 Years,Girls Hostel
"Sumantai Wasnik College of Nursing, Nagpur",https://www.careers360.com/colleges/sumantai-wasnik-college-of-nursing-nagpur,Medical,Nagpur,Private,B.Sc Nursing,4 Years,"Boys Hostel, Girls Hostel"
"Sumantai Wasnik College of Nursing, Nagpur",https://www.careers360.com/colleges/sumantai-wasnik-college-of-nursing-nagpur,Medical,Nagpur,Private,ANM,2 Years,"Boys Hostel, Girls Hostel"
"Suretech College of Nursing, Nagpur",https://www.careers360.com/colleges/suretech-college-of-nursing-nagpur,Medical,Nagpur,Private,B.Sc Nursing,4 Years,"Boys Hostel, Girls Hostel"
"Suretech College of Nursing, Nagpur",https://www.careers360.com/colleges/suretech-college-of-nursing-nagpur,Medical,Nagpur,Private,GNM,3 Years,"Boys Hostel, Girls Hostel"
"Suretech College of Nursing, Nagpur",https://www.careers360.com/colleges/suretech-college-of-nursing-nagpur,Medical,Nagpur,Private,ANM,2 Years,"Boys Hostel, Girls Hostel"
"Swargiya Dadasaheb Kalmegh Smruti Dental College and Hospital, Hingna",https://www.careers360.com/colleges/swargiya-dadasaheb-kalmegh-smruti-dental-college-and-hospital-hingna,Medical,Nagpur,Private,BDS,5 Years,"Boys Hostel, Girls Hostel"
"Swargiya Dadasaheb Kalmegh Smruti Dental College and Hospital, Hingna",https://www.careers360.com/colleges/swargiya-dadasaheb-kalmegh-smruti-dental-college-and-hospital-hingna,Medical,Nagpur,Private,MDS Conservative Dentistry,3 Years,"Boys Hostel, Girls Hostel"
"Swargiya Dadasaheb Kalmegh Smruti Dental College and Hospital, Hingna",https://www.careers360.com/colleges/swargiya-dadasaheb-kalmegh-smruti-dental-college-and-hospital-hingna,Medical,Nagpur,Private,MDS Prosthodontics,3 Years,"Boys Hostel, Girls Hostel"
"Swargiya Dadasaheb Kalmegh Smruti Dental College and Hospital, Hingna",https://www.careers360.com/colleges/swargiya-dadasaheb-kalmegh-smruti-dental-college-and-hospital-hingna,Medical,Nagpur,Private,MDS Orthodonitics and Dentofacial Orthopaedics,3 Years,"Boys Hostel, Girls Hostel"
"Swargiya Dadasaheb Kalmegh Smruti Dental College and Hospital, Hingna",https://www.careers360.com/colleges/swargiya-dadasaheb-kalmegh-smruti-dental-college-and-hospital-hingna,Medical,Nagpur,Private,MDS Periodontology,3 Years,"Boys Hostel, Girls Hostel"
"Swargiya Dadasaheb Kalmegh Smruti Dental College and Hospital, Hingna",https://www.careers360.com/colleges/swargiya-dadasaheb-kalmegh-smruti-dental-college-and-hospital-hingna,Medical,Nagpur,Private,MDS Pedodontics and Preventive Dentistry,3 Years,"Boys Hostel, Girls Hostel"
"Swargiya Dadasaheb Kalmegh Smruti Dental College and Hospital, Hingna",https://www.careers360.com/colleges/swargiya-dadasaheb-kalmegh-smruti-dental-college-and-hospital-hingna,Medical,Nagpur,Private,MDS Oral and Maxillafacial Surgery,3 Years,"Boys Hostel, Girls Hostel"
"Swargiya Dadasaheb Kalmegh Smruti Dental College and Hospital, Hingna",https://www.careers360.com/colleges/swargiya-dadasaheb-kalmegh-smruti-dental-college-and-hospital-hingna,Medical,Nagpur,Private,MDS Oral Medicine and Radiology,3 Years,"Boys Hostel, Girls Hostel"
"Swargiya Dadasaheb Kalmegh Smruti Dental College and Hospital, Hingna",https://www.careers360.com/colleges/swargiya-dadasaheb-kalmegh-smruti-dental-college-and-hospital-hingna,Medical,Nagpur,Private,MDS Oral Pathology and Microbiology,3 Years,"Boys Hostel, Girls Hostel"
"Swargiya Dadasaheb Kalmegh Smruti Dental College and Hospital, Hingna",https://www.careers360.com/colleges/swargiya-dadasaheb-kalmegh-smruti-dental-college-and-hospital-hingna,Medical,Nagpur,Private,Ph.D Oral and Maxillofacial Surgery,6 Years,"Boys Hostel, Girls Hostel"
"Swargiya Dadasaheb Kalmegh Smruti Dental College and Hospital, Hingna",https://www.careers360.com/colleges/swargiya-dadasaheb-kalmegh-smruti-dental-college-and-hospital-hingna,Medical,Nagpur,Private,Ph.D Oral Medicine Diagnosis and Radiology,6 Years,"Boys Hostel, Girls Hostel"
"Vilasrao Deshmukh Ayurvedic Medical College and Research Center, Nagpur",https://www.careers360.com/colleges/vilasrao-deshmukh-ayurvedic-medical-college-and-research-center-nagpur,Medical,Nagpur,Private,BAMS,5 Years 6 Months,
"VSPM College of Physiotherapy, Nagpur",https://www.careers360.com/colleges/vspm-college-of-physiotherapy-nagpur,Medical,Nagpur,Private,BPT,4 Years 6 Months,"Boys Hostel, Girls Hostel"
"VSPM College of Physiotherapy, Nagpur",https://www.careers360.com/colleges/vspm-college-of-physiotherapy-nagpur,Medical,Nagpur,Private,MPT Neuro Physiotherapy,2 Years,"Boys Hostel, Girls Hostel"
"VSPM College of Physiotherapy, Nagpur",https://www.careers360.com/colleges/vspm-college-of-physiotherapy-nagpur,Medical,Nagpur,Private,Ph.D Physiotherapy,6 Years,"Boys Hostel, Girls Hostel"
"VSPM College of Physiotherapy, Nagpur",https://www.careers360.com/colleges/vspm-college-of-physiotherapy-nagpur,Medical,Nagpur,Private,MPT Musculoskeletal Physiotherapy,2 Years,"Boys Hostel, Girls Hostel"
"VSPM College of Physiotherapy, Nagpur",https://www.careers360.com/colleges/vspm-college-of-physiotherapy-nagpur,Medical,Nagpur,Private,MPT Cardiovascular and Respiratory Physiotherapy,2 Years,"Boys Hostel, Girls Hostel"
"VSPM College of Physiotherapy, Nagpur",https://www.careers360.com/colleges/vspm-college-of-physiotherapy-nagpur,Medical,Nagpur,Private,MPT Community Physiotherapy,2 Years,"Boys Hostel, Girls Hostel"
"VSPMs College of Nursing and Research Centre, Nagpur",https://www.careers360.com/colleges/vspms-college-of-nursing-and-research-centre-nagpur,Medical,Nagpur,Private,B.Sc. Nursing,4 Years,"Boys Hostel, Girls Hostel"
"VSPMs College of Nursing and Research Centre, Nagpur",https://www.careers360.com/colleges/vspms-college-of-nursing-and-research-centre-nagpur,Medical,Nagpur,Private,Post Basic B.Sc. Nursing,2 Years,"Boys Hostel, Girls Hostel"
"Al-Ameen Unani Medical College and Hospital, Nashik",https://www.careers360.com/colleges/al-ameen-unani-medical-college-and-hospital-nashik,Medical,Nashik,Private,BUMS,5 Years 6 Months,
"Anjaneya Ayurved College and Hospital, Nashik",https://www.careers360.com/colleges/anjaneya-ayurved-college-and-hospital-nashik,Medical,Nashik,Private,BAMS,5 Years 6 Months,"Boys Hostel, Girls Hostel"
"Ayurved Mahavidyalaya, Nashik",https://www.careers360.com/colleges/ayurved-mahavidyalaya-nashik,Medical,Nashik,Private,BAMS,5 Years 6 Months,Boys Hostel
"Ayurved Mahavidyalaya, Nashik",https://www.careers360.com/colleges/ayurved-mahavidyalaya-nashik,Medical,Nashik,Private,Fellowship in Ksharasutra chikitsa,1 Year,Boys Hostel
"Ayurved Mahavidyalaya, Nashik",https://www.careers360.com/colleges/ayurved-mahavidyalaya-nashik,Medical,Nashik,Private,Fellowship in Panchakarma,1 Year,Boys Hostel
"Ayurved Mahavidyalaya, Nashik",https://www.careers360.com/colleges/ayurved-mahavidyalaya-nashik,Medical,Nashik,Private,Ph.D Kayachikitsa,6 Years,Boys Hostel
"Ayurved Mahavidyalaya, Nashik",https://www.careers360.com/colleges/ayurved-mahavidyalaya-nashik,Medical,Nashik,Private,Ph.D Rasashastra,6 Years,Boys Hostel
"Ayurved Mahavidyalaya, Nashik",https://www.careers360.com/colleges/ayurved-mahavidyalaya-nashik,Medical,Nashik,Private,Ph.D Swasthavritta,6 Years,Boys Hostel
"Ayurved Mahavidyalaya, Nashik",https://www.careers360.com/colleges/ayurved-mahavidyalaya-nashik,Medical,Nashik,Private,MD Ayurveda Kayachikitsa,3 Years,Boys Hostel
"Ayurved Mahavidyalaya, Nashik",https://www.careers360.com/colleges/ayurved-mahavidyalaya-nashik,Medical,Nashik,Private,MS Ayurveda Shalyatantra,3 Years,Boys Hostel
"Ayurved Mahavidyalaya, Nashik",https://www.careers360.com/colleges/ayurved-mahavidyalaya-nashik,Medical,Nashik,Private,Ph.D Rognidan,6 Years,Boys Hostel
"Ayurved Mahavidyalaya, Nashik",https://www.careers360.com/colleges/ayurved-mahavidyalaya-nashik,Medical,Nashik,Private,Ph.D Dravyagunavidnyana,6 Years,Boys Hostel
"Ayurved Mahavidyalaya, Nashik",https://www.careers360.com/colleges/ayurved-mahavidyalaya-nashik,Medical,Nashik,Private,Ph.D Sharir Kriya,6 Years,Boys Hostel
"Ayurved Mahavidyalaya, Nashik",https://www.careers360.com/colleges/ayurved-mahavidyalaya-nashik,Medical,Nashik,Private,Ph.D Shalyatantra,6 Years,Boys Hostel
"Ayurved Mahavidyalaya, Nashik",https://www.careers360.com/colleges/ayurved-mahavidyalaya-nashik,Medical,Nashik,Private,Ph.D Panchakarma,6 Years,Boys Hostel
"Ayurved Mahavidyalaya, Nashik",https://www.careers360.com/colleges/ayurved-mahavidyalaya-nashik,Medical,Nashik,Private,Ph.D Shalakyatantra,6 Years,Boys Hostel
"Ayurved Mahavidyalaya, Nashik",https://www.careers360.com/colleges/ayurved-mahavidyalaya-nashik,Medical,Nashik,Private,Ph.D Agadtantra,6 Years,Boys Hostel
"Ayurved Mahavidyalaya, Nashik",https://www.careers360.com/colleges/ayurved-mahavidyalaya-nashik,Medical,Nashik,Private,MD Ayurveda Panchakarma,3 Years,Boys Hostel
"Dhanvantari DMLT College, Nashik",https://www.careers360.com/colleges/dhanvantari-dmlt-college-nashik,Medical,Nashik,Private,PGD Medical Laboratory Technology,1 Year,"Boys Hostel, Girls Hostel"
"Dhanvantari DMLT College, Nashik",https://www.careers360.com/colleges/dhanvantari-dmlt-college-nashik,Medical,Nashik,Private,B.Voc Medical Imaging Technology,3 Years,"Boys Hostel, Girls Hostel"
"Dhanvantari DMLT College, Nashik",https://www.careers360.com/colleges/dhanvantari-dmlt-college-nashik,Medical,Nashik,Private,B.Voc Dialysis Technology,3 Years,"Boys Hostel, Girls Hostel"
"Dhanvantari DMLT College, Nashik",https://www.careers360.com/colleges/dhanvantari-dmlt-college-nashik,Medical,Nashik,Private,Diploma in Laboratory Technology,1 Year,"Boys Hostel, Girls Hostel"
"Dhanvantari DMLT College, Nashik",https://www.careers360.com/colleges/dhanvantari-dmlt-college-nashik,Medical,Nashik,Private,B.Sc Medical Laboratory Technology,3 Years,"Boys Hostel, Girls Hostel"
"Dhanvantari Homoeopathic Medical College and Hospital, Nashik",https://www.careers360.com/colleges/dhanvantari-homoeopathic-medical-college-and-hospital-nashik,Medical,Nashik,Private,BHMS,5 Years 6 Months,"Boys Hostel, Girls Hostel"
"Dr Naikwadi College of Nursing, Nashik",https://www.careers360.com/colleges/dr-naikwadi-college-of-nursing-nashik,Medical,Nashik,Private,B.Sc Nursing,4 Years,"Boys Hostel, Girls Hostel"
"Dr Naikwadi College of Physiotherapy, Nashik",https://www.careers360.com/colleges/dr-naikwadi-college-of-physiotherapy-nashik,Medical,Nashik,Private,BPT,4 Years 6 Months,
"Dr Vasantrao Pawar Medical College Hospital and Research Center, Adgaon",https://www.careers360.com/colleges/dr-vasantrao-pawar-medical-college-hospital-and-research-center-adgaon,Medical,Nashik,Private,MBBS,5 Years 6 Months,"Girls Hostel, Boys Hostel"
"Dr Vasantrao Pawar Medical College Hospital and Research Center, Adgaon",https://www.careers360.com/colleges/dr-vasantrao-pawar-medical-college-hospital-and-research-center-adgaon,Medical,Nashik,Private,MS General Surgery,3 Years,"Girls Hostel, Boys Hostel"
"Dr Vasantrao Pawar Medical College Hospital and Research Center, Adgaon",https://www.careers360.com/colleges/dr-vasantrao-pawar-medical-college-hospital-and-research-center-adgaon,Medical,Nashik,Private,MS Orthopaedics,3 Years,"Girls Hostel, Boys Hostel"
"Dr Vasantrao Pawar Medical College Hospital and Research Center, Adgaon",https://www.careers360.com/colleges/dr-vasantrao-pawar-medical-college-hospital-and-research-center-adgaon,Medical,Nashik,Private,MD Anaesthesiology,3 Years,"Girls Hostel, Boys Hostel"
"Dr Vasantrao Pawar Medical College Hospital and Research Center, Adgaon",https://www.careers360.com/colleges/dr-vasantrao-pawar-medical-college-hospital-and-research-center-adgaon,Medical,Nashik,Private,MS Obstetrics and Gynaecology,3 Years,"Girls Hostel, Boys Hostel"
"Dr Vasantrao Pawar Medical College Hospital and Research Center, Adgaon",https://www.careers360.com/colleges/dr-vasantrao-pawar-medical-college-hospital-and-research-center-adgaon,Medical,Nashik,Private,MD Radiology,3 Years,"Girls Hostel, Boys Hostel"
"Dr Vasantrao Pawar Medical College Hospital and Research Center, Adgaon",https://www.careers360.com/colleges/dr-vasantrao-pawar-medical-college-hospital-and-research-center-adgaon,Medical,Nashik,Private,MD General Medicine,3 Years,"Girls Hostel, Boys Hostel"
"Dr Vasantrao Pawar Medical College Hospital and Research Center, Adgaon",https://www.careers360.com/colleges/dr-vasantrao-pawar-medical-college-hospital-and-research-center-adgaon,Medical,Nashik,Private,MS ENT,3 Years,"Girls Hostel, Boys Hostel"
"Dr Vasantrao Pawar Medical College Hospital and Research Center, Adgaon",https://www.careers360.com/colleges/dr-vasantrao-pawar-medical-college-hospital-and-research-center-adgaon,Medical,Nashik,Private,MD Pathology,3 Years,"Girls Hostel, Boys Hostel"
"Dr Vasantrao Pawar Medical College Hospital and Research Center, Adgaon",https://www.careers360.com/colleges/dr-vasantrao-pawar-medical-college-hospital-and-research-center-adgaon,Medical,Nashik,Private,MS Ophthalmology,3 Years,"Girls Hostel, Boys Hostel"
"Dr Vasantrao Pawar Medical College Hospital and Research Center, Adgaon",https://www.careers360.com/colleges/dr-vasantrao-pawar-medical-college-hospital-and-research-center-adgaon,Medical,Nashik,Private,MD Psychiatry,3 Years,"Girls Hostel, Boys Hostel"
"Dr Vasantrao Pawar Medical College Hospital and Research Center, Adgaon",https://www.careers360.com/colleges/dr-vasantrao-pawar-medical-college-hospital-and-research-center-adgaon,Medical,Nashik,Private,MD Dermatology Venereology and Leprosy,3 Years,"Girls Hostel, Boys Hostel"
"Dr Vasantrao Pawar Medical College Hospital and Research Center, Adgaon",https://www.careers360.com/colleges/dr-vasantrao-pawar-medical-college-hospital-and-research-center-adgaon,Medical,Nashik,Private,MD Paediatrics,3 Years,"Girls Hostel, Boys Hostel"
"Dr Vasantrao Pawar Medical College Hospital and Research Center, Adgaon",https://www.careers360.com/colleges/dr-vasantrao-pawar-medical-college-hospital-and-research-center-adgaon,Medical,Nashik,Private,MD Microbiology,3 Years,"Girls Hostel, Boys Hostel"
"Dr Vasantrao Pawar Medical College Hospital and Research Center, Adgaon",https://www.careers360.com/colleges/dr-vasantrao-pawar-medical-college-hospital-and-research-center-adgaon,Medical,Nashik,Private,MD Tuberculosis and Chest Diseases,3 Years,"Girls Hostel, Boys Hostel"
"Dr Vasantrao Pawar Medical College Hospital and Research Center, Adgaon",https://www.careers360.com/colleges/dr-vasantrao-pawar-medical-college-hospital-and-research-center-adgaon,Medical,Nashik,Private,MD Pharmacology,3 Years,"Girls Hostel, Boys Hostel"
"Ganpatrao Adke College of Nursing, Nashik",https://www.careers360.com/colleges/ganpatrao-adke-college-of-nursing-nashik,Medical,Nashik,Private,Post Basic B.Sc Nursing,2 Years,"Boys Hostel, Girls Hostel"
"Ganpatrao Adke College of Nursing, Nashik",https://www.careers360.com/colleges/ganpatrao-adke-college-of-nursing-nashik,Medical,Nashik,Private,Diploma in Laproscopy Assistant,1 Year,"Boys Hostel, Girls Hostel"
"Ganpatrao Adke College of Nursing, Nashik",https://www.careers360.com/colleges/ganpatrao-adke-college-of-nursing-nashik,Medical,Nashik,Private,ANM,2 Years,"Boys Hostel, Girls Hostel"
"Ganpatrao Adke College of Nursing, Nashik",https://www.careers360.com/colleges/ganpatrao-adke-college-of-nursing-nashik,Medical,Nashik,Private,Diploma in Medical Laboratory Technology,2 Years,"Boys Hostel, Girls Hostel"
"Ganpatrao Adke College of Nursing, Nashik",https://www.careers360.com/colleges/ganpatrao-adke-college-of-nursing-nashik,Medical,Nashik,Private,Diploma in Operation Theater Technology,1 Year,"Boys Hostel, Girls Hostel"
"Ganpatrao Adke College of Nursing, Nashik",https://www.careers360.com/colleges/ganpatrao-adke-college-of-nursing-nashik,Medical,Nashik,Private,Diploma in Dialysis Technology,2 Years,"Boys Hostel, Girls Hostel"
"Ganpatrao Adke College of Nursing, Nashik",https://www.careers360.com/colleges/ganpatrao-adke-college-of-nursing-nashik,Medical,Nashik,Private,Diploma in X Ray Technician,1 Year,"Boys Hostel, Girls Hostel"
"Ganpatrao Adke College of Nursing, Nashik",https://www.careers360.com/colleges/ganpatrao-adke-college-of-nursing-nashik,Medical,Nashik,Private,GNM,3 Years 6 Months,"Boys Hostel, Girls Hostel"
"Global College of Nursing, Nashik",https://www.careers360.com/colleges/global-college-of-nursing-nashik,Medical,Nashik,Private,GNM,3 Years 6 Months,"Boys Hostel, Girls Hostel"
"Global College of Nursing, Nashik",https://www.careers360.com/colleges/global-college-of-nursing-nashik,Medical,Nashik,Private,ANM,1 Year 6 Months,"Boys Hostel, Girls Hostel"
"Global College of Nursing, Nashik",https://www.careers360.com/colleges/global-college-of-nursing-nashik,Medical,Nashik,Private,DMLT,2 Years,"Boys Hostel, Girls Hostel"
"Gokhale Education Society's Sir Dr MS Gosavi Institute of Nursing Education, Training and Research, Nashik",https://www.careers360.com/colleges/gokhale-education-societys-sir-dr-ms-gosavi-institute-of-nursing-education-training-and-research-nashik,Medical,Nashik,Private,GNM,3 Years,"Boys Hostel, Girls Hostel"
"Gokhale Education Society's Sir Dr MS Gosavi Institute of Nursing Education, Training and Research, Nashik",https://www.careers360.com/colleges/gokhale-education-societys-sir-dr-ms-gosavi-institute-of-nursing-education-training-and-research-nashik,Medical,Nashik,Private,B.Sc Nursing,4 Years,"Boys Hostel, Girls Hostel"
"Gokhale Education Society's Sir Dr MS Gosavi Institute of Nursing Education, Training and Research, Nashik",https://www.careers360.com/colleges/gokhale-education-societys-sir-dr-ms-gosavi-institute-of-nursing-education-training-and-research-nashik,Medical,Nashik,Private,M.Sc Medical Surgical Nursing,2 Years,"Boys Hostel, Girls Hostel"
"Gokhale Education Society's Sir Dr MS Gosavi Institute of Nursing Education, Training and Research, Nashik",https://www.careers360.com/colleges/gokhale-education-societys-sir-dr-ms-gosavi-institute-of-nursing-education-training-and-research-nashik,Medical,Nashik,Private,M.Sc Obstetrics and Gynecology Nursing,2 Years,"Boys Hostel, Girls Hostel"
"Government Medical College, Nashik",https://www.careers360.com/colleges/government-medical-college-nashik,Medical,Nashik,Government,MBBS,5 Years 6 Months,
"Indian Institute of Medical Sciences Ayurved College and Hospital, Nashik",https://www.careers360.com/colleges/indian-institute-of-medical-sciences-ayurved-college-and-hospital-nashik,Medical,Nashik,Private,BAMS,5 Years 6 Months,
"Karmaveer Shantarmbapu Kondaji Wavare Arts Science and Commerce College, Nashik",https://www.careers360.com/colleges/karmaveer-shantarmbapu-kondaji-wavare-arts-science-and-commerce-college-nashik,Medical,Nashik,Private,B.Sc Microbiology,3 Years,
"Karmaveer Shantarmbapu Kondaji Wavare Arts Science and Commerce College, Nashik",https://www.careers360.com/colleges/karmaveer-shantarmbapu-kondaji-wavare-arts-science-and-commerce-college-nashik,Medical,Nashik,Private,B.Sc,3 Years,
"Karmaveer Shantarmbapu Kondaji Wavare Arts Science and Commerce College, Nashik",https://www.careers360.com/colleges/karmaveer-shantarmbapu-kondaji-wavare-arts-science-and-commerce-college-nashik,Medical,Nashik,Private,B.Sc Zoology,3 Years,
"Karmaveer Shantarmbapu Kondaji Wavare Arts Science and Commerce College, Nashik",https://www.careers360.com/colleges/karmaveer-shantarmbapu-kondaji-wavare-arts-science-and-commerce-college-nashik,Medical,Nashik,Private,B.Sc Computer Science,3 Years,
"Karmaveer Shantarmbapu Kondaji Wavare Arts Science and Commerce College, Nashik",https://www.careers360.com/colleges/karmaveer-shantarmbapu-kondaji-wavare-arts-science-and-commerce-college-nashik,Medical,Nashik,Private,B.Sc Botany,3 Years,
"Karmaveer Shantarmbapu Kondaji Wavare Arts Science and Commerce College, Nashik",https://www.careers360.com/colleges/karmaveer-shantarmbapu-kondaji-wavare-arts-science-and-commerce-college-nashik,Medical,Nashik,Private,B.Sc Geography,3 Years,
"KK Wagh Arts, Commerce, Science and Computer Science College, Nashik",https://www.careers360.com/colleges/kk-wagh-arts-commerce-science-and-computer-science-college-nashik,Medical,Nashik,Private,BBA,3 Years,
"KK Wagh Arts, Commerce, Science and Computer Science College, Nashik",https://www.careers360.com/colleges/kk-wagh-arts-commerce-science-and-computer-science-college-nashik,Medical,Nashik,Private,BBA Computer Apllication,3 Years,
"KK Wagh Arts, Commerce, Science and Computer Science College, Nashik",https://www.careers360.com/colleges/kk-wagh-arts-commerce-science-and-computer-science-college-nashik,Medical,Nashik,Private,B.Sc Cyber and Digital Science,3 Years,
"KK Wagh Arts, Commerce, Science and Computer Science College, Nashik",https://www.careers360.com/colleges/kk-wagh-arts-commerce-science-and-computer-science-college-nashik,Medical,Nashik,Private,M.Sc Computer Science,2 Years,
"KK Wagh Arts, Commerce, Science and Computer Science College, Nashik",https://www.careers360.com/colleges/kk-wagh-arts-commerce-science-and-computer-science-college-nashik,Medical,Nashik,Private,B.Sc Biotechnology,3 Years,
"KK Wagh Arts, Commerce, Science and Computer Science College, Nashik",https://www.careers360.com/colleges/kk-wagh-arts-commerce-science-and-computer-science-college-nashik,Medical,Nashik,Private,B.Sc Microbiology,3 Years,
"KK Wagh Arts, Commerce, Science and Computer Science College, Nashik",https://www.careers360.com/colleges/kk-wagh-arts-commerce-science-and-computer-science-college-nashik,Medical,Nashik,Private,M.Sc Biotechnology,2 Years,
"KK Wagh Arts, Commerce, Science and Computer Science College, Nashik",https://www.careers360.com/colleges/kk-wagh-arts-commerce-science-and-computer-science-college-nashik,Medical,Nashik,Private,M.Sc Microbiology,2 Years,
"KK Wagh Arts, Commerce, Science and Computer Science College, Nashik",https://www.careers360.com/colleges/kk-wagh-arts-commerce-science-and-computer-science-college-nashik,Medical,Nashik,Private,B.Sc Computer Science,3 Years,
"KK Wagh College of Nursing, Nashik",https://www.careers360.com/colleges/kk-wagh-college-of-nursing-nashik,Medical,Nashik,Private,B.Sc Nursing,4 Years,"Boys Hostel, Girls Hostel"
"Maharashtra Post Graduate Institute of Medical Education and Research, Nashik",https://www.careers360.com/colleges/maharashtra-post-graduate-institute-of-medical-education-and-research-nashik,Medical,Nashik,Government,MD General Medicine,3 Years,"Boys Hostel, Girls Hostel"
"Maharashtra Post Graduate Institute of Medical Education and Research, Nashik",https://www.careers360.com/colleges/maharashtra-post-graduate-institute-of-medical-education-and-research-nashik,Medical,Nashik,Government,MS General Surgery,3 Years,"Boys Hostel, Girls Hostel"
"Maharashtra Post Graduate Institute of Medical Education and Research, Nashik",https://www.careers360.com/colleges/maharashtra-post-graduate-institute-of-medical-education-and-research-nashik,Medical,Nashik,Government,MD Anaesthesiology,3 Years,"Boys Hostel, Girls Hostel"
"Maharashtra Post Graduate Institute of Medical Education and Research, Nashik",https://www.careers360.com/colleges/maharashtra-post-graduate-institute-of-medical-education-and-research-nashik,Medical,Nashik,Government,MD Paediatrics,3 Years,"Boys Hostel, Girls Hostel"
"Maharashtra Post Graduate Institute of Medical Education and Research, Nashik",https://www.careers360.com/colleges/maharashtra-post-graduate-institute-of-medical-education-and-research-nashik,Medical,Nashik,Government,MD Forensic Medicine,3 Years,"Boys Hostel, Girls Hostel"
"Maharashtra Post Graduate Institute of Medical Education and Research, Nashik",https://www.careers360.com/colleges/maharashtra-post-graduate-institute-of-medical-education-and-research-nashik,Medical,Nashik,Government,MD Pathology,3 Years,"Boys Hostel, Girls Hostel"
"Maharashtra Post Graduate Institute of Medical Education and Research, Nashik",https://www.careers360.com/colleges/maharashtra-post-graduate-institute-of-medical-education-and-research-nashik,Medical,Nashik,Government,MD Microbiology,3 Years,"Boys Hostel, Girls Hostel"
"Maharashtra Post Graduate Institute of Medical Education and Research, Nashik",https://www.careers360.com/colleges/maharashtra-post-graduate-institute-of-medical-education-and-research-nashik,Medical,Nashik,Government,MS Orthopaedics,3 Years,"Boys Hostel, Girls Hostel"
"Maharashtra Post Graduate Institute of Medical Education and Research, Nashik",https://www.careers360.com/colleges/maharashtra-post-graduate-institute-of-medical-education-and-research-nashik,Medical,Nashik,Government,MS ENT,3 Years,"Boys Hostel, Girls Hostel"
"Maharashtra Post Graduate Institute of Medical Education and Research, Nashik",https://www.careers360.com/colleges/maharashtra-post-graduate-institute-of-medical-education-and-research-nashik,Medical,Nashik,Government,MS Obstetrics and Gynaecology,3 Years,"Boys Hostel, Girls Hostel"
"Maharashtra Post Graduate Institute of Medical Education and Research, Nashik",https://www.careers360.com/colleges/maharashtra-post-graduate-institute-of-medical-education-and-research-nashik,Medical,Nashik,Government,MD Radio Diagnosis,3 Years,"Boys Hostel, Girls Hostel"
"Maharashtra Post Graduate Institute of Medical Education and Research, Nashik",https://www.careers360.com/colleges/maharashtra-post-graduate-institute-of-medical-education-and-research-nashik,Medical,Nashik,Government,MS Opthalmology,3 Years,"Boys Hostel, Girls Hostel"
"Maharashtra Post Graduate Institute of Medical Education and Research, Nashik",https://www.careers360.com/colleges/maharashtra-post-graduate-institute-of-medical-education-and-research-nashik,Medical,Nashik,Government,MD Emergency Medicine,3 Years,"Boys Hostel, Girls Hostel"
"Mahatma Gandhi Vidyamandir's Karmaveer Bhausaheb Hiray Dental College and Hospital, Panchavati",https://www.careers360.com/colleges/mahatma-gandhi-vidyamandirs-karmaveer-bhausaheb-hiray-dental-college-and-hospital-panchavati,Medical,Nashik,Private,BDS,5 Years,"Boys Hostel, Girls Hostel"
"Mahatma Gandhi Vidyamandir's Karmaveer Bhausaheb Hiray Dental College and Hospital, Panchavati",https://www.careers360.com/colleges/mahatma-gandhi-vidyamandirs-karmaveer-bhausaheb-hiray-dental-college-and-hospital-panchavati,Medical,Nashik,Private,MDS Orthodontics,3 Years,"Boys Hostel, Girls Hostel"
"Mahatma Gandhi Vidyamandir's Karmaveer Bhausaheb Hiray Dental College and Hospital, Panchavati",https://www.careers360.com/colleges/mahatma-gandhi-vidyamandirs-karmaveer-bhausaheb-hiray-dental-college-and-hospital-panchavati,Medical,Nashik,Private,MDS Periodontics,3 Years,"Boys Hostel, Girls Hostel"
"Mahatma Gandhi Vidyamandir's Karmaveer Bhausaheb Hiray Dental College and Hospital, Panchavati",https://www.careers360.com/colleges/mahatma-gandhi-vidyamandirs-karmaveer-bhausaheb-hiray-dental-college-and-hospital-panchavati,Medical,Nashik,Private,MDS Prosthodontics,3 Years,"Boys Hostel, Girls Hostel"
"Mahatma Gandhi Vidyamandir's Karmaveer Bhausaheb Hiray Dental College and Hospital, Panchavati",https://www.careers360.com/colleges/mahatma-gandhi-vidyamandirs-karmaveer-bhausaheb-hiray-dental-college-and-hospital-panchavati,Medical,Nashik,Private,MDS Oral Pathology,3 Years,"Boys Hostel, Girls Hostel"
"Mahatma Gandhi Vidyamandir's Karmaveer Bhausaheb Hiray Dental College and Hospital, Panchavati",https://www.careers360.com/colleges/mahatma-gandhi-vidyamandirs-karmaveer-bhausaheb-hiray-dental-college-and-hospital-panchavati,Medical,Nashik,Private,MDS Paedodontics,3 Years,"Boys Hostel, Girls Hostel"
"Mahatma Gandhi Vidyamandir's Karmaveer Bhausaheb Hiray Dental College and Hospital, Panchavati",https://www.careers360.com/colleges/mahatma-gandhi-vidyamandirs-karmaveer-bhausaheb-hiray-dental-college-and-hospital-panchavati,Medical,Nashik,Private,MDS Conservative Dentistry,3 Years,"Boys Hostel, Girls Hostel"
"Mahatma Gandhi Vidyamandir's Karmaveer Bhausaheb Hiray Dental College and Hospital, Panchavati",https://www.careers360.com/colleges/mahatma-gandhi-vidyamandirs-karmaveer-bhausaheb-hiray-dental-college-and-hospital-panchavati,Medical,Nashik,Private,MDS Oral Medicine and Radiology,3 Years,"Boys Hostel, Girls Hostel"
"Matoshri Ayurved College and Hospital, Nashik",https://www.careers360.com/colleges/matoshri-ayurved-college-and-hospital-nashik,Medical,Nashik,,BAMS,5 Years 6 Months,"Girls Hostel, Boys Hostel"
"Mohammadia Tibbia College and Assayer Hospital, Malegaon",https://www.careers360.com/colleges/mohammadia-tibbia-college-and-assayer-hospital-malegaon,Medical,Nashik,Private,BUMS,5 Years 6 Months,
"Motiwala Homoeopathic Medical College and Hospital, Gangapur",https://www.careers360.com/colleges/motiwala-homoeopathic-medical-college-and-hospital-gangapur,Medical,Nashik,Private,BHMS,5 Years 6 Months,Girls Hostel
"Motiwala Homoeopathic Medical College and Hospital, Gangapur",https://www.careers360.com/colleges/motiwala-homoeopathic-medical-college-and-hospital-gangapur,Medical,Nashik,Private,MD Repertory,3 Years,Girls Hostel
"Motiwala Homoeopathic Medical College and Hospital, Gangapur",https://www.careers360.com/colleges/motiwala-homoeopathic-medical-college-and-hospital-gangapur,Medical,Nashik,Private,MD Practice of Medicine,3 Years,Girls Hostel
"Motiwala Homoeopathic Medical College and Hospital, Gangapur",https://www.careers360.com/colleges/motiwala-homoeopathic-medical-college-and-hospital-gangapur,Medical,Nashik,Private,MD Homoeopathic Materia Medica,3 Years,Girls Hostel
"Motiwala Homoeopathic Medical College and Hospital, Gangapur",https://www.careers360.com/colleges/motiwala-homoeopathic-medical-college-and-hospital-gangapur,Medical,Nashik,Private,MD Paediatrics,3 Years,Girls Hostel
"Motiwala Homoeopathic Medical College and Hospital, Gangapur",https://www.careers360.com/colleges/motiwala-homoeopathic-medical-college-and-hospital-gangapur,Medical,Nashik,Private,MD Organon of Medicine and Homeopathic Philosophy,3 Years,Girls Hostel
"MVP Samaj's College of Physiotherapy, Nashik",https://www.careers360.com/colleges/mvp-samajs-college-of-physiotherapy-nashik,Medical,Nashik,Private,BPT,4 Years 6 Months,Boys Hostel
"MVP Samaj's College of Physiotherapy, Nashik",https://www.careers360.com/colleges/mvp-samajs-college-of-physiotherapy-nashik,Medical,Nashik,Private,MPT Musculoskeletal Physiotherapy,2 Years,Boys Hostel
"MVP Samaj's College of Physiotherapy, Nashik",https://www.careers360.com/colleges/mvp-samajs-college-of-physiotherapy-nashik,Medical,Nashik,Private,MPT Community Physiotherapy,2 Years,Boys Hostel
"MVP Samaj's Institute of Nursing Education, Nashik",https://www.careers360.com/colleges/mvp-samajs-institute-of-nursing-education-nashik,Medical,Nashik,Private,GNM,3 Years,Girls Hostel
"MVP Samaj's Institute of Nursing Education, Nashik",https://www.careers360.com/colleges/mvp-samajs-institute-of-nursing-education-nashik,Medical,Nashik,Private,B.Sc Nursing,4 Years,Girls Hostel
"MVP Samaj's Institute of Nursing Education, Nashik",https://www.careers360.com/colleges/mvp-samajs-institute-of-nursing-education-nashik,Medical,Nashik,Private,M.Sc Obstetrical and Gynaecology Nursing,2 Years,Girls Hostel
"MVP Samaj's Institute of Nursing Education, Nashik",https://www.careers360.com/colleges/mvp-samajs-institute-of-nursing-education-nashik,Medical,Nashik,Private,M.Sc Child Health Nursing,2 Years,Girls Hostel
"Namco College of Nursing and Nursing Institute, Nashik",https://www.careers360.com/colleges/namco-college-of-nursing-and-nursing-institute-nashik,Medical,Nashik,Private,GNM,3 Years,"Boys Hostel, Girls Hostel"
"Namco College of Nursing and Nursing Institute, Nashik",https://www.careers360.com/colleges/namco-college-of-nursing-and-nursing-institute-nashik,Medical,Nashik,Private,ANM,2 Years,"Boys Hostel, Girls Hostel"
"Namco College of Nursing and Nursing Institute, Nashik",https://www.careers360.com/colleges/namco-college-of-nursing-and-nursing-institute-nashik,Medical,Nashik,Private,Post Basic B.Sc Nursing,2 Years,"Boys Hostel, Girls Hostel"
"Nashik College of Physiotherapy, Nashik",https://www.careers360.com/colleges/nashik-college-of-physiotherapy-nashik,Medical,Nashik,Private,BPT,4 Years 6 Months,
"Sandip University, Nashik",https://www.careers360.com/university/sandip-university-nashik,Medical,Nashik,Private,BBA LLB Hons,5 Years,"Boys Hostel, Girls Hostel"
"Sandip University, Nashik",https://www.careers360.com/university/sandip-university-nashik,Medical,Nashik,Private,LLB Hons,3 Years,"Boys Hostel, Girls Hostel"
"Sandip University, Nashik",https://www.careers360.com/university/sandip-university-nashik,Medical,Nashik,Private,B.Pharma,4 Years,"Boys Hostel, Girls Hostel"
"Sandip University, Nashik",https://www.careers360.com/university/sandip-university-nashik,Medical,Nashik,Private,D.Pharma,2 Years,"Boys Hostel, Girls Hostel"
"Sandip University, Nashik",https://www.careers360.com/university/sandip-university-nashik,Medical,Nashik,Private,B.Sc Beauty Cosmetology,3 Years,"Boys Hostel, Girls Hostel"
"Sandip University, Nashik",https://www.careers360.com/university/sandip-university-nashik,Medical,Nashik,Private,B.Sc Interior Design and Decoration,3 Years,"Boys Hostel, Girls Hostel"
"Sandip University, Nashik",https://www.careers360.com/university/sandip-university-nashik,Medical,Nashik,Private,B.Des Fashion and Lifestyle Design,4 Years,"Boys Hostel, Girls Hostel"
"Sandip University, Nashik",https://www.careers360.com/university/sandip-university-nashik,Medical,Nashik,Private,B.Des Space and Interior Design,4 Years,"Boys Hostel, Girls Hostel"
"Sandip University, Nashik",https://www.careers360.com/university/sandip-university-nashik,Medical,Nashik,Private,M.Sc Beauty Cosmetology,2 Years,"Boys Hostel, Girls Hostel"
"Sandip University, Nashik",https://www.careers360.com/university/sandip-university-nashik,Medical,Nashik,Private,M.Pharma Pharmaceutical Quality Assurance,2 Years,"Boys Hostel, Girls Hostel"
"Sandip University, Nashik",https://www.careers360.com/university/sandip-university-nashik,Medical,Nashik,Private,M.Sc Cosmetic Science,2 Years,"Boys Hostel, Girls Hostel"
"Sandip University, Nashik",https://www.careers360.com/university/sandip-university-nashik,Medical,Nashik,Private,B.Tech Electronics and Telecommunication,4 Years,"Boys Hostel, Girls Hostel"
"Sandip University, Nashik",https://www.careers360.com/university/sandip-university-nashik,Medical,Nashik,Private,B.Sc Forensic Science,3 Years,"Boys Hostel, Girls Hostel"
"Sandip University, Nashik",https://www.careers360.com/university/sandip-university-nashik,Medical,Nashik,Private,B.Sc Microbiology,3 Years,"Boys Hostel, Girls Hostel"
"Sandip University, Nashik",https://www.careers360.com/university/sandip-university-nashik,Medical,Nashik,Private,B.Tech Electrical Engineering,4 Years,"Boys Hostel, Girls Hostel"
"Sandip University, Nashik",https://www.careers360.com/university/sandip-university-nashik,Medical,Nashik,Private,B.Tech Aeronautical Engineering,4 Years,"Boys Hostel, Girls Hostel"
"Sandip University, Nashik",https://www.careers360.com/university/sandip-university-nashik,Medical,Nashik,Private,BBA International Business,3 Years,"Boys Hostel, Girls Hostel"
"Shree Saptshrungi Ayurved Mahavidyalay and Hospital, Nashik",https://www.careers360.com/colleges/shree-saptshrungi-ayurved-mahavidyalay-and-hospital-nashik,Medical,Nashik,Private,BAMS,5 Years 6 Months,"Boys Hostel, Girls Hostel"
"Shree Saptshrungi Ayurved Mahavidyalay and Hospital, Nashik",https://www.careers360.com/colleges/shree-saptshrungi-ayurved-mahavidyalay-and-hospital-nashik,Medical,Nashik,Private,MS Shalyatantra Samanya,3 Years,"Boys Hostel, Girls Hostel"
"Shree Saptshrungi Ayurved Mahavidyalay and Hospital, Nashik",https://www.careers360.com/colleges/shree-saptshrungi-ayurved-mahavidyalay-and-hospital-nashik,Medical,Nashik,Private,MD Kaumarbritya Balrog,3 Years,"Boys Hostel, Girls Hostel"
"Shree Saptshrungi Ayurved Mahavidyalay and Hospital, Nashik",https://www.careers360.com/colleges/shree-saptshrungi-ayurved-mahavidyalay-and-hospital-nashik,Medical,Nashik,Private,MD Ayurved Samhita Siddhanta,3 Years,"Boys Hostel, Girls Hostel"
"Shree Saptshrungi Ayurved Mahavidyalay and Hospital, Nashik",https://www.careers360.com/colleges/shree-saptshrungi-ayurved-mahavidyalay-and-hospital-nashik,Medical,Nashik,Private,MS Prasutitantra and Streerog,3 Years,"Boys Hostel, Girls Hostel"
"Shree Saptshrungi Ayurved Mahavidyalay and Hospital, Nashik",https://www.careers360.com/colleges/shree-saptshrungi-ayurved-mahavidyalay-and-hospital-nashik,Medical,Nashik,Private,MD Rasashastra and BhaiShajya Kalpana,3 Years,"Boys Hostel, Girls Hostel"
"Shree Saptshrungi Ayurved Mahavidyalay and Hospital, Nashik",https://www.careers360.com/colleges/shree-saptshrungi-ayurved-mahavidyalay-and-hospital-nashik,Medical,Nashik,Private,MD Panchkarma,3 Years,"Boys Hostel, Girls Hostel"
"Shree Saptshrungi Ayurved Mahavidyalay and Hospital, Nashik",https://www.careers360.com/colleges/shree-saptshrungi-ayurved-mahavidyalay-and-hospital-nashik,Medical,Nashik,Private,MD Agadtantra Avum Vidhivaidyaka,3 Years,"Boys Hostel, Girls Hostel"
"Shree Saptshrungi Ayurved Mahavidyalay and Hospital, Nashik",https://www.careers360.com/colleges/shree-saptshrungi-ayurved-mahavidyalay-and-hospital-nashik,Medical,Nashik,Private,MD Kriya Sharir,3 Years,"Boys Hostel, Girls Hostel"
"Shree Saptshrungi Ayurved Mahavidyalay and Hospital, Nashik",https://www.careers360.com/colleges/shree-saptshrungi-ayurved-mahavidyalay-and-hospital-nashik,Medical,Nashik,Private,MD Dravyaguna Vidnyan,3 Years,"Boys Hostel, Girls Hostel"
"Shree Saptshrungi Ayurved Mahavidyalay and Hospital, Nashik",https://www.careers360.com/colleges/shree-saptshrungi-ayurved-mahavidyalay-and-hospital-nashik,Medical,Nashik,Private,MD Kayachikitsa,3 Years,"Boys Hostel, Girls Hostel"
"Shree Saptshrungi Ayurved Mahavidyalay and Hospital, Nashik",https://www.careers360.com/colleges/shree-saptshrungi-ayurved-mahavidyalay-and-hospital-nashik,Medical,Nashik,Private,Ph.D Shalyatantra,6 Years,"Boys Hostel, Girls Hostel"
"Shree Saptshrungi Ayurved Mahavidyalay and Hospital, Nashik",https://www.careers360.com/colleges/shree-saptshrungi-ayurved-mahavidyalay-and-hospital-nashik,Medical,Nashik,Private,Ph.D Panchkarma,6 Years,"Boys Hostel, Girls Hostel"
"Shree Saptshrungi Ayurved Mahavidyalay and Hospital, Nashik",https://www.careers360.com/colleges/shree-saptshrungi-ayurved-mahavidyalay-and-hospital-nashik,Medical,Nashik,Private,Ph.D Kayachikitsa,6 Years,"Boys Hostel, Girls Hostel"
"Shree Saptshrungi Ayurved Mahavidyalay and Hospital, Nashik",https://www.careers360.com/colleges/shree-saptshrungi-ayurved-mahavidyalay-and-hospital-nashik,Medical,Nashik,Private,Ph.D Dravyaguna,6 Years,"Boys Hostel, Girls Hostel"
"Shree Saptshrungi Ayurved Mahavidyalay and Hospital, Nashik",https://www.careers360.com/colleges/shree-saptshrungi-ayurved-mahavidyalay-and-hospital-nashik,Medical,Nashik,Private,Ph.D Sharir Kriya,6 Years,"Boys Hostel, Girls Hostel"
"Shree Saptshrungi Ayurved Mahavidyalay and Hospital, Nashik",https://www.careers360.com/colleges/shree-saptshrungi-ayurved-mahavidyalay-and-hospital-nashik,Medical,Nashik,Private,Ph.D Samhita Siddhant,6 Years,"Boys Hostel, Girls Hostel"
"Shree Saptshrungi Ayurved Mahavidyalay and Hospital, Nashik",https://www.careers360.com/colleges/shree-saptshrungi-ayurved-mahavidyalay-and-hospital-nashik,Medical,Nashik,Private,Ph.D Rasashastra and Bhaishajya Kalpana,6 Years,"Boys Hostel, Girls Hostel"
"Shree Saptshrungi Ayurved Mahavidyalay and Hospital, Nashik",https://www.careers360.com/colleges/shree-saptshrungi-ayurved-mahavidyalay-and-hospital-nashik,Medical,Nashik,Private,Ph.D Prasutitantra evum Streerog,6 Years,"Boys Hostel, Girls Hostel"
"Shree Someshwar Maharaj Saa Vaa Sanstha Tanmai College of Physiotherapy, Nashik",https://www.careers360.com/colleges/shree-someshwar-maharaj-saa-vaa-sanstha-tanmai-college-of-physiotherapy-nashik,Medical,Nashik,,BPT,4 Years 6 Months,
"SMBT Institute of Dental Sciences and Research, Nashik",https://www.careers360.com/colleges/smbt-institute-of-dental-sciences-and-research-nashik,Medical,Nashik,Private,BDS,5 Years,"Boys Hostel, Girls Hostel"
"SMBT Institute of Dental Sciences and Research, Nashik",https://www.careers360.com/colleges/smbt-institute-of-dental-sciences-and-research-nashik,Medical,Nashik,Private,"MDS Prosthodontics, Crown and Bridge",3 Years,"Boys Hostel, Girls Hostel"
"SMBT Institute of Dental Sciences and Research, Nashik",https://www.careers360.com/colleges/smbt-institute-of-dental-sciences-and-research-nashik,Medical,Nashik,Private,MDS Conservative Dentistry and Endodontics,3 Years,"Boys Hostel, Girls Hostel"
"SMBT Institute of Dental Sciences and Research, Nashik",https://www.careers360.com/colleges/smbt-institute-of-dental-sciences-and-research-nashik,Medical,Nashik,Private,MDS Orthodonitics and Dentofacial Orthopedics,3 Years,"Boys Hostel, Girls Hostel"
"SMBT Institute of Dental Sciences and Research, Nashik",https://www.careers360.com/colleges/smbt-institute-of-dental-sciences-and-research-nashik,Medical,Nashik,Private,MDS Periodontology,3 Years,"Boys Hostel, Girls Hostel"
"SMBT Institute of Dental Sciences and Research, Nashik",https://www.careers360.com/colleges/smbt-institute-of-dental-sciences-and-research-nashik,Medical,Nashik,Private,MDS Pediatric and Preventive Dentistry,3 Years,"Boys Hostel, Girls Hostel"
"SMBT Institute of Dental Sciences and Research, Nashik",https://www.careers360.com/colleges/smbt-institute-of-dental-sciences-and-research-nashik,Medical,Nashik,Private,MDS Oral and Maxillofacial Surgery,3 Years,"Boys Hostel, Girls Hostel"
"SNJB's Karmvir Keshavlalji Harakchand Ji Abad Arts Shriman Motilal Girdharilal Lodha Commerce and Shriman PH Jain Science College, Chandwad",https://www.careers360.com/colleges/snjbs-karmvir-keshavlalji-harakchand-ji-abad-arts-shriman-motilal-girdharilal-lodha-commerce-and-shriman-ph-jain-science-college-ch,Medical,Nashik,Private,No relevant courses found,,
"Vishwasattya School of Nursing, Nashik",https://www.careers360.com/colleges/vishwasattya-school-of-nursing-nashik,Medical,Nashik,Private,ANM,2 Years,
AIIMS Nagpur - All India Institute of Medical Sciences Nagpur,https://www.careers360.com/university/all-india-institute-of-medical-sciences-nagpur,Pharmacy,Nagpur,Government,MD Pharmacology,3 Years,"Boys Hostel, Girls Hostel"
"BCYRC's Institute of Diploma in Pharmacy, Nagpur",https://www.careers360.com/colleges/bcyrcs-institute-of-diploma-in-pharmacy-nagpur,Pharmacy,Nagpur,Private,D.Pharma,2 Years,
"DBCDIP - Dadasaheb Balpande College of Diploma in Pharmacy, Nagpur",https://www.careers360.com/colleges/dadasaheb-balpande-college-of-diploma-in-pharmacy-nagpur,Pharmacy,Nagpur,Private,B.Pharma,4 Years,
"DBCDIP - Dadasaheb Balpande College of Diploma in Pharmacy, Nagpur",https://www.careers360.com/colleges/dadasaheb-balpande-college-of-diploma-in-pharmacy-nagpur,Pharmacy,Nagpur,Private,D.Pharma,2 Years,
"Dadasaheb Balpande College of Pharmacy, Nagpur",https://www.careers360.com/colleges/dadasaheb-balpande-college-of-pharmacy-nagpur,Pharmacy,Nagpur,Private,B.Pharma,4 Years,
"Dadasaheb Balpande College of Pharmacy, Nagpur",https://www.careers360.com/colleges/dadasaheb-balpande-college-of-pharmacy-nagpur,Pharmacy,Nagpur,Private,Ph.D Pharmaceutical Sciences,6 Years,
"Dadasaheb Balpande College of Pharmacy, Nagpur",https://www.careers360.com/colleges/dadasaheb-balpande-college-of-pharmacy-nagpur,Pharmacy,Nagpur,Private,M.Pharma Pharmaceutical Quality Assurance,2 Years,
"Dadasaheb Balpande College of Pharmacy, Nagpur",https://www.careers360.com/colleges/dadasaheb-balpande-college-of-pharmacy-nagpur,Pharmacy,Nagpur,Private,M.Pharma  Pharmaceutical Regulatory Affairs,2 Years,
"Dadasaheb Balpande College of Pharmacy, Nagpur",https://www.careers360.com/colleges/dadasaheb-balpande-college-of-pharmacy-nagpur,Pharmacy,Nagpur,Private,M.Pharma Pharmaceutics,2 Years,
"Dadasaheb Balpande College of Pharmacy, Nagpur",https://www.careers360.com/colleges/dadasaheb-balpande-college-of-pharmacy-nagpur,Pharmacy,Nagpur,Private,B.Pharma Lateral Entry,3 Years,
"Department of Pharmaceutical Sciences, Rashtrasant Tukadoji Maharaj Nagpur University, Nagpur",https://www.careers360.com/colleges/department-of-pharmaceutical-sciences-rashtrasant-tukadoji-maharaj-nagpur-university-nagpur,Pharmacy,Nagpur,Government,B.Pharma,4 Years,"Boys Hostel, Girls Hostel"
"Department of Pharmaceutical Sciences, Rashtrasant Tukadoji Maharaj Nagpur University, Nagpur",https://www.careers360.com/colleges/department-of-pharmaceutical-sciences-rashtrasant-tukadoji-maharaj-nagpur-university-nagpur,Pharmacy,Nagpur,Government,M.Pharma Pharmaceutics,2 Years,"Boys Hostel, Girls Hostel"
"Department of Pharmaceutical Sciences, Rashtrasant Tukadoji Maharaj Nagpur University, Nagpur",https://www.careers360.com/colleges/department-of-pharmaceutical-sciences-rashtrasant-tukadoji-maharaj-nagpur-university-nagpur,Pharmacy,Nagpur,Government,M.Pharma Pharmaceutical Chemistry,2 Years,"Boys Hostel, Girls Hostel"
"Department of Pharmaceutical Sciences, Rashtrasant Tukadoji Maharaj Nagpur University, Nagpur",https://www.careers360.com/colleges/department-of-pharmaceutical-sciences-rashtrasant-tukadoji-maharaj-nagpur-university-nagpur,Pharmacy,Nagpur,Government,M.Pharma Pharmacognosy And Phytochemistry,2 Years,"Boys Hostel, Girls Hostel"
"Department of Pharmaceutical Sciences, Rashtrasant Tukadoji Maharaj Nagpur University, Nagpur",https://www.careers360.com/colleges/department-of-pharmaceutical-sciences-rashtrasant-tukadoji-maharaj-nagpur-university-nagpur,Pharmacy,Nagpur,Government,M.Pharma Pharmacology,2 Years,"Boys Hostel, Girls Hostel"
"Department of Pharmaceutical Sciences, Rashtrasant Tukadoji Maharaj Nagpur University, Nagpur",https://www.careers360.com/colleges/department-of-pharmaceutical-sciences-rashtrasant-tukadoji-maharaj-nagpur-university-nagpur,Pharmacy,Nagpur,Government,Ph.D Pharmacy,6 Years,"Boys Hostel, Girls Hostel"
"GMC Nagpur - Government Medical College, Nagpur",https://www.careers360.com/colleges/government-medical-college-nagpur,Pharmacy,Nagpur,Government,MD Pharmacology,3 Years,"Boys Hostel, Girls Hostel"
"Guru Nanak College of Pharmacy, Nagpur",https://www.careers360.com/colleges/guru-nanak-college-of-pharmacy-nagpur,Pharmacy,Nagpur,Private,B.Pharma,4 Years,"Boys Hostel, Girls Hostel"
"Guru Nanak College of Pharmacy, Nagpur",https://www.careers360.com/colleges/guru-nanak-college-of-pharmacy-nagpur,Pharmacy,Nagpur,Private,M.Pharma Pharmaceutics,2 Years,"Boys Hostel, Girls Hostel"
"Guru Nanak College of Pharmacy, Nagpur",https://www.careers360.com/colleges/guru-nanak-college-of-pharmacy-nagpur,Pharmacy,Nagpur,Private,M.Pharma Quality Assurance,2 Years,"Boys Hostel, Girls Hostel"
"Guru Nanak College of Pharmacy, Nagpur",https://www.careers360.com/colleges/guru-nanak-college-of-pharmacy-nagpur,Pharmacy,Nagpur,Private,M.Pharma Pharmaceutical Chemistry,2 Years,"Boys Hostel, Girls Hostel"
"Guru Nanak College of Pharmacy, Nagpur",https://www.careers360.com/colleges/guru-nanak-college-of-pharmacy-nagpur,Pharmacy,Nagpur,Private,Ph.D Pharmacy,5 Years,"Boys Hostel, Girls Hostel"
"Gurunanak Technical Institute Diploma in Pharmacy, Nagpur",https://www.careers360.com/colleges/gurunanak-technical-institute-diploma-in-pharmacy-nagpur,Pharmacy,Nagpur,Private,B.Pharma,4 Years,
"Gurunanak Technical Institute Diploma in Pharmacy, Nagpur",https://www.careers360.com/colleges/gurunanak-technical-institute-diploma-in-pharmacy-nagpur,Pharmacy,Nagpur,Private,D.Pharma,2 Years,
"Gurunanak Technical Institute Diploma in Pharmacy, Nagpur",https://www.careers360.com/colleges/gurunanak-technical-institute-diploma-in-pharmacy-nagpur,Pharmacy,Nagpur,Private,M.Pharma Pharmaceutical Chemistry,2 Years,
"Gurunanak Technical Institute Diploma in Pharmacy, Nagpur",https://www.careers360.com/colleges/gurunanak-technical-institute-diploma-in-pharmacy-nagpur,Pharmacy,Nagpur,Private,M.Pharma Pharmceutics,2 Years,
"Gurunanak Technical Institute Diploma in Pharmacy, Nagpur",https://www.careers360.com/colleges/gurunanak-technical-institute-diploma-in-pharmacy-nagpur,Pharmacy,Nagpur,Private,M.Pharma Quality Assurance,2 Years,
"Indira Gandhi Government Medical College and Hospital, Nagpur",https://www.careers360.com/colleges/indira-gandhi-government-medical-college-and-hospital-nagpur,Pharmacy,Nagpur,Government,MD Pharmacology,3 Years,"Boys Hostel, Girls Hostel"
"Mouda College of Pharmacy, Nagpur",https://www.careers360.com/colleges/mouda-college-of-pharmacy-nagpur,Pharmacy,Nagpur,Private,D.Pharma,2 Years,"Boys Hostel, Girls Hostel"
"Nagpur College of Pharmacy, Nagpur",https://www.careers360.com/colleges/nagpur-college-of-pharmacy-nagpur,Pharmacy,Nagpur,Private,B.Pharma,4 Years,"Girls Hostel, Boys Hostel"
"Nagpur College of Pharmacy, Nagpur",https://www.careers360.com/colleges/nagpur-college-of-pharmacy-nagpur,Pharmacy,Nagpur,Private,D.Pharma,2 Years,"Girls Hostel, Boys Hostel"
"NKP Salve Institute of Medical Sciences and Research Centre and Lata Mangeshkar Hospital, Nagpur",https://www.careers360.com/colleges/nkp-salve-institute-of-medical-sciences-and-research-centre-and-lata-mangeshkar-hospital-nagpur,Pharmacy,Nagpur,Private,MD Pharmacology,3 Years,"Boys Hostel, Girls Hostel"
"Priyadarshini JL College of Pharmacy Diploma, Nagpur",https://www.careers360.com/colleges/priyadarshini-jl-college-of-pharmacy-diploma-nagpur,Pharmacy,Nagpur,Private,B.Pharma,4 Years,"Boys Hostel, Girls Hostel"
"Priyadarshini JL College of Pharmacy, Nagpur",https://www.careers360.com/colleges/priyadarshini-jl-college-of-pharmacy-nagpur,Pharmacy,Nagpur,Private,B.Pharma,4 Years,"Boys Hostel, Girls Hostel"
"Priyadarshini JL College of Pharmacy, Nagpur",https://www.careers360.com/colleges/priyadarshini-jl-college-of-pharmacy-nagpur,Pharmacy,Nagpur,Private,Ph.D Pharmaceutical Sciences,6 Years,"Boys Hostel, Girls Hostel"
"Priyadarshini JL College of Pharmacy, Nagpur",https://www.careers360.com/colleges/priyadarshini-jl-college-of-pharmacy-nagpur,Pharmacy,Nagpur,Private,D.Pharma,2 Years,"Boys Hostel, Girls Hostel"
"Priyadarshini JL College of Pharmacy, Nagpur",https://www.careers360.com/colleges/priyadarshini-jl-college-of-pharmacy-nagpur,Pharmacy,Nagpur,Private,M.Pharma Pharmaceutical Chemistry,2 Years,"Boys Hostel, Girls Hostel"
"Priyadarshini JL College of Pharmacy, Nagpur",https://www.careers360.com/colleges/priyadarshini-jl-college-of-pharmacy-nagpur,Pharmacy,Nagpur,Private,M.Pharma Pharmaceutics,2 Years,"Boys Hostel, Girls Hostel"
"Priyadarshini JL College of Pharmacy, Nagpur",https://www.careers360.com/colleges/priyadarshini-jl-college-of-pharmacy-nagpur,Pharmacy,Nagpur,Private,M.Pharma Pharmacognosy,2 Years,"Boys Hostel, Girls Hostel"
"Priyadarshini JL College of Pharmacy, Nagpur",https://www.careers360.com/colleges/priyadarshini-jl-college-of-pharmacy-nagpur,Pharmacy,Nagpur,Private,M.Pharma Pharmacology,2 Years,"Boys Hostel, Girls Hostel"
"Ravi Institute of Diploma in Pharmacy, Nagpur",https://www.careers360.com/colleges/ravi-institute-of-diploma-in-pharmacy-nagpur,Pharmacy,Nagpur,Private,D.Pharma,2 Years,
"Shree Sainath College of Pharmacy, Nagpur",https://www.careers360.com/colleges/shree-sainath-college-of-pharmacy-nagpur,Pharmacy,Nagpur,Private,D.Pharma,2 Years,
"Shree Sainath College of Pharmacy, Nagpur",https://www.careers360.com/colleges/shree-sainath-college-of-pharmacy-nagpur,Pharmacy,Nagpur,Private,B.Pharma,4 Years,
"Shri KR Pandav Institute of Pharmacy, Nagpur",https://www.careers360.com/colleges/shri-kr-pandav-institute-of-pharmacy-nagpur,Pharmacy,Nagpur,Private,Diploma in Pharmacy,2 Years,"Boys Hostel, Girls Hostel"
"Shri KR Pandav Institute of Pharmacy, Nagpur",https://www.careers360.com/colleges/shri-kr-pandav-institute-of-pharmacy-nagpur,Pharmacy,Nagpur,Private,B.Pharma,4 Years,"Boys Hostel, Girls Hostel"
"Shri Sachidanand Shikshan Sanstha College of Pharmacy, Nagpur",https://www.careers360.com/colleges/shri-sachidanand-shikshan-sanstha-college-of-pharmacy-nagpur,Pharmacy,Nagpur,Private,Diploma in Pharmacy,2 Years,
"Shri Sachidanand Shikshan Sanstha College of Pharmacy, Nagpur",https://www.careers360.com/colleges/shri-sachidanand-shikshan-sanstha-college-of-pharmacy-nagpur,Pharmacy,Nagpur,Private,B.Pharma,4 Years,
"Shri Sai College of Pharmacy, Nagpur",https://www.careers360.com/colleges/shri-sai-college-of-pharmacy-nagpur,Pharmacy,Nagpur,Private,B.Pharma,4 Years,
"Shri Sai College of Pharmacy, Nagpur",https://www.careers360.com/colleges/shri-sai-college-of-pharmacy-nagpur,Pharmacy,Nagpur,Private,D.Pharma,2 Years,
"Smt Kusumtai Wankhede Institute of Pharmacy, Nagpur",https://www.careers360.com/colleges/smt-kusumtai-wankhede-institute-of-pharmacy-nagpur,Pharmacy,Nagpur,Private,D.Pharma,2 Years,Girls Hostel
"Sonekar College of Pharmacy, Koradi",https://www.careers360.com/colleges/sonekar-college-of-pharmacy-koradi,Pharmacy,Nagpur,Private,B.Pharma,4 Years,
"Taywade College of Pharmacy, Nagpur",https://www.careers360.com/colleges/taywade-college-of-pharmacy-nagpur,Pharmacy,Nagpur,Private,B.Pharma,4 Years,
"Taywade Institute of Diploma in Pharmacy, Nagpur",https://www.careers360.com/colleges/taywade-institute-of-diploma-in-pharmacy-nagpur,Pharmacy,Nagpur,Private,D.Pharma,2 Years,
"Asian Institute of Science Management Studies and Research D Pharmacy, Nashik",https://www.careers360.com/colleges/asian-institute-of-science-management-studies-and-research-d-pharmacy-nashik,Pharmacy,Nashik,Private,D.Pharma,2 Years,
"Bankar Patil College of Pharmacy, Nashik",https://www.careers360.com/colleges/bankar-patil-college-of-pharmacy-nashik,Pharmacy,Nashik,Private,D.Pharma,2 Years,
"Divine College of Pharmacy, Nashik",https://www.careers360.com/colleges/divine-college-of-pharmacy-nashik,Pharmacy,Nashik,Private,D.Pharma,2 Years,"Boys Hostel, Girls Hostel"
"Divine College of Pharmacy, Nashik",https://www.careers360.com/colleges/divine-college-of-pharmacy-nashik,Pharmacy,Nashik,Private,B.Pharma,4 Years,"Boys Hostel, Girls Hostel"
"Divine College of Pharmacy, Nashik",https://www.careers360.com/colleges/divine-college-of-pharmacy-nashik,Pharmacy,Nashik,Private,M.Pharma in Pharmaceutical Quality Assurance,2 Years,"Boys Hostel, Girls Hostel"
"Divine College of Pharmacy, Nashik",https://www.careers360.com/colleges/divine-college-of-pharmacy-nashik,Pharmacy,Nashik,Private,M.Pharma in Pharmaceutics,2 Years,"Boys Hostel, Girls Hostel"
"Dr Naikwadi College of D Pharmacy, Nashik",https://www.careers360.com/colleges/dr-naikwadi-college-of-d-pharmacy-nashik,Pharmacy,Nashik,Private,B.Pharma,4 Years,"Boys Hostel, Girls Hostel"
"Dr Naikwadi College of D Pharmacy, Nashik",https://www.careers360.com/colleges/dr-naikwadi-college-of-d-pharmacy-nashik,Pharmacy,Nashik,Private,D.Pharma,2 Years,"Boys Hostel, Girls Hostel"
"Dr Vasantrao Pawar Medical College Hospital and Research Center, Adgaon",https://www.careers360.com/colleges/dr-vasantrao-pawar-medical-college-hospital-and-research-center-adgaon,Pharmacy,Nashik,Private,MD Pharmacology,3 Years,"Girls Hostel, Boys Hostel"
"Institute of Industrial and Pharmaceutical Technology, Nashik",https://www.careers360.com/colleges/institute-of-industrial-and-pharmaceutical-technology-nashik,Pharmacy,Nashik,Private,D.Pharma,2 Years,"Boys Hostel, Girls Hostel"
"KK Wagh College of Pharmacy, Nashik",https://www.careers360.com/colleges/kk-wagh-college-of-pharmacy-nashik,Pharmacy,Nashik,Private,B.Pharma,4 Years,"Boys Hostel, Girls Hostel"
"KK Wagh College of Pharmacy, Nashik",https://www.careers360.com/colleges/kk-wagh-college-of-pharmacy-nashik,Pharmacy,Nashik,Private,D.Pharma,2 Years,"Boys Hostel, Girls Hostel"
"Krantiveer Vasantrao Narayanrao Naik Shikshan Prasarak Sanstha's Institute of Paramedical Education and Research, Nashik",https://www.careers360.com/colleges/krantiveer-vasantrao-narayanrao-naik-shikshan-prasarak-sansthas-institute-of-paramedical-education-and-research-nashik,Pharmacy,Nashik,Private,B.Pharma,4 Years,"Boys Hostel, Girls Hostel"
"Matoshri Asarabai Bhikaji Darade Diploma College of Pharmacy, Babhulgaon - MABD College of Pharmacy, Babhulagaon",https://www.careers360.com/colleges/mabd-college-of-pharmacy-babhulagaon,Pharmacy,Nashik,Private,D.Pharma,2 Years,"Boys Hostel, Girls Hostel"
"Mahatma Gandhi Vidya Mandir's Pharmacy College, Nashik",https://www.careers360.com/colleges/mahatma-gandhi-vidya-mandirs-pharmacy-college-nashik,Pharmacy,Nashik,Private,B.Pharma,4 Years,"Boys Hostel, Girls Hostel"
"Mahatma Gandhi Vidya Mandir's Pharmacy College, Nashik",https://www.careers360.com/colleges/mahatma-gandhi-vidya-mandirs-pharmacy-college-nashik,Pharmacy,Nashik,Private,D.Pharma,2 Years,"Boys Hostel, Girls Hostel"
"Mahatma Gandhi Vidya Mandir's Pharmacy College, Nashik",https://www.careers360.com/colleges/mahatma-gandhi-vidya-mandirs-pharmacy-college-nashik,Pharmacy,Nashik,Private,M.Pharma Quality Assurance,2 Years,"Boys Hostel, Girls Hostel"
"Mahatma Gandhi Vidya Mandir's Pharmacy College, Nashik",https://www.careers360.com/colleges/mahatma-gandhi-vidya-mandirs-pharmacy-college-nashik,Pharmacy,Nashik,Private,M.Pharma Pharmaceutics,2 Years,"Boys Hostel, Girls Hostel"
"Mahatma Gandhi Vidya Mandir's Pharmacy College, Nashik",https://www.careers360.com/colleges/mahatma-gandhi-vidya-mandirs-pharmacy-college-nashik,Pharmacy,Nashik,Private,M.Pharma Pharmacology,2 Years,"Boys Hostel, Girls Hostel"
"Mahatma Gandhi Vidya Mandir's Pharmacy College, Nashik",https://www.careers360.com/colleges/mahatma-gandhi-vidya-mandirs-pharmacy-college-nashik,Pharmacy,Nashik,Private,M.Pharma Pharmaceutical Chemistry,2 Years,"Boys Hostel, Girls Hostel"
"Mahatma Gandhi Vidya Mandir's Pharmacy College, Nashik",https://www.careers360.com/colleges/mahatma-gandhi-vidya-mandirs-pharmacy-college-nashik,Pharmacy,Nashik,Private,M.Pharma Pharmacognosy,2 Years,"Boys Hostel, Girls Hostel"
"Mahatma Gandhi Vidya Mandir's Pharmacy College, Nashik",https://www.careers360.com/colleges/mahatma-gandhi-vidya-mandirs-pharmacy-college-nashik,Pharmacy,Nashik,Private,Ph.D Pharmacognosy,6 Years,"Boys Hostel, Girls Hostel"
"Mahatma Gandhi Vidya Mandir's Pharmacy College, Nashik",https://www.careers360.com/colleges/mahatma-gandhi-vidya-mandirs-pharmacy-college-nashik,Pharmacy,Nashik,Private,Ph.D Pharmaceutics,6 Years,"Boys Hostel, Girls Hostel"
"Mahatma Gandhi Vidya Mandir's Pharmacy College, Nashik",https://www.careers360.com/colleges/mahatma-gandhi-vidya-mandirs-pharmacy-college-nashik,Pharmacy,Nashik,Private,Ph.D Pharmaceutical Chemistry,6 Years,"Boys Hostel, Girls Hostel"
"Mahatma Gandhi Vidya Mandir's Pharmacy College, Nashik",https://www.careers360.com/colleges/mahatma-gandhi-vidya-mandirs-pharmacy-college-nashik,Pharmacy,Nashik,Private,Ph.D Pharmacology,6 Years,"Boys Hostel, Girls Hostel"
"Mahavir Institute of Pharmacy, Nashik",https://www.careers360.com/colleges/mahavir-institute-of-pharmacy-nashik,Pharmacy,Nashik,Private,D.Pharma,2 Years,
"Mahavir Institute of Pharmacy, Nashik",https://www.careers360.com/colleges/mahavir-institute-of-pharmacy-nashik,Pharmacy,Nashik,Private,B.Pharma,4 Years,
"MET Bhujbal Knowledge City, Nashik",https://www.careers360.com/colleges/met-bhujbal-knowledge-city-nashik,Pharmacy,Nashik,Private,B.Pharma,4 Years,"Boys Hostel, Girls Hostel"
"MET Bhujbal Knowledge City, Nashik",https://www.careers360.com/colleges/met-bhujbal-knowledge-city-nashik,Pharmacy,Nashik,Private,D.Pharma,2 Years,"Boys Hostel, Girls Hostel"
"MET Institute of Pharmacy, Nashik",https://www.careers360.com/colleges/met-institute-of-pharmacy-nashik,Pharmacy,Nashik,Private,B.Pharma,4 Years,"Boys Hostel, Girls Hostel"
"MET Institute of Pharmacy, Nashik",https://www.careers360.com/colleges/met-institute-of-pharmacy-nashik,Pharmacy,Nashik,Private,Diploma in Pharmacy,2 Years,"Boys Hostel, Girls Hostel"
"MET Institute of Pharmacy, Nashik",https://www.careers360.com/colleges/met-institute-of-pharmacy-nashik,Pharmacy,Nashik,Private,Pharm.D,6 Years,"Boys Hostel, Girls Hostel"
"MET Institute of Pharmacy, Nashik",https://www.careers360.com/colleges/met-institute-of-pharmacy-nashik,Pharmacy,Nashik,Private,M.Pharma Pharmaceutics,2 Years,"Boys Hostel, Girls Hostel"
"MET Institute of Pharmacy, Nashik",https://www.careers360.com/colleges/met-institute-of-pharmacy-nashik,Pharmacy,Nashik,Private,M.Pharma Quality Assurance Techniques,2 Years,"Boys Hostel, Girls Hostel"
"MET Institute of Pharmacy, Nashik",https://www.careers360.com/colleges/met-institute-of-pharmacy-nashik,Pharmacy,Nashik,Private,M.Pharma Pharmaceutical Chemistry,2 Years,"Boys Hostel, Girls Hostel"
"MET Institute of Pharmacy, Nashik",https://www.careers360.com/colleges/met-institute-of-pharmacy-nashik,Pharmacy,Nashik,Private,M.Pharma Pharmacology,2 Years,"Boys Hostel, Girls Hostel"
"MET's Institute of D Pharmacy, Nashik",https://www.careers360.com/colleges/mets-institute-of-d-pharmacy-nashik,Pharmacy,Nashik,Private,B.Pharma,4 Years,"Boys Hostel, Girls Hostel"
"MET's Institute of D Pharmacy, Nashik",https://www.careers360.com/colleges/mets-institute-of-d-pharmacy-nashik,Pharmacy,Nashik,Private,D.Pharma,2 Years,"Boys Hostel, Girls Hostel"
"MVP Samaj's College of Pharmacy, Nashik",https://www.careers360.com/colleges/mvp-samajs-college-of-pharmacy-nashik,Pharmacy,Nashik,Private,B.Pharma,4 Years,"Boys Hostel, Girls Hostel"
"MVP Samaj's College of Pharmacy, Nashik",https://www.careers360.com/colleges/mvp-samajs-college-of-pharmacy-nashik,Pharmacy,Nashik,Private,D.Pharma,2 Years,"Boys Hostel, Girls Hostel"
"MVP Samaj's College of Pharmacy, Nashik",https://www.careers360.com/colleges/mvp-samajs-college-of-pharmacy-nashik,Pharmacy,Nashik,Private,M.Pharma Quality Assurance Techniques,2 Years,"Boys Hostel, Girls Hostel"
"MVP Samaj's College of Pharmacy, Nashik",https://www.careers360.com/colleges/mvp-samajs-college-of-pharmacy-nashik,Pharmacy,Nashik,Private,M.Pharma Pharmaceutical Chemistry,2 Years,"Boys Hostel, Girls Hostel"
"MVP Samaj's College of Pharmacy, Nashik",https://www.careers360.com/colleges/mvp-samajs-college-of-pharmacy-nashik,Pharmacy,Nashik,Private,M.Pharma Pharmaceutics,2 Years,"Boys Hostel, Girls Hostel"
"MVP Samaj's College of Pharmacy, Nashik",https://www.careers360.com/colleges/mvp-samajs-college-of-pharmacy-nashik,Pharmacy,Nashik,Private,M.Pharma Pharmacognosy,2 Years,"Boys Hostel, Girls Hostel"
"MVP Samaj's College of Pharmacy, Nashik",https://www.careers360.com/colleges/mvp-samajs-college-of-pharmacy-nashik,Pharmacy,Nashik,Private,M.Pharma Pharmacology,2 Years,"Boys Hostel, Girls Hostel"
"MVP Samaj's College of Pharmacy, Nashik",https://www.careers360.com/colleges/mvp-samajs-college-of-pharmacy-nashik,Pharmacy,Nashik,Private,Ph.D Pharmaceutical Chemistry,5 Years,"Boys Hostel, Girls Hostel"
"MVP Samaj's College of Pharmacy, Nashik",https://www.careers360.com/colleges/mvp-samajs-college-of-pharmacy-nashik,Pharmacy,Nashik,Private,Ph.D Pharmacology,5 Years,"Boys Hostel, Girls Hostel"
"MVP Samaj's College of Pharmacy, Nashik",https://www.careers360.com/colleges/mvp-samajs-college-of-pharmacy-nashik,Pharmacy,Nashik,Private,Ph.D Pharmacognosy,5 Years,"Boys Hostel, Girls Hostel"
"MVP Samaj's College of Pharmacy, Nashik",https://www.careers360.com/colleges/mvp-samajs-college-of-pharmacy-nashik,Pharmacy,Nashik,Private,Ph.D Pharmaceutics,5 Years,"Boys Hostel, Girls Hostel"
"Nashik Gramin Shikshan Prasarak Mandal's College of Pharmacy, Nashik",https://www.careers360.com/colleges/nashik-gramin-shikshan-prasarak-mandals-college-of-pharmacy-nashik,Pharmacy,Nashik,Private,B.Pharma,4 Years,"Boys Hostel, Girls Hostel"
"NDMVP Samaj's Institute of Pharmaceutical Sciences, Nashik",https://www.careers360.com/colleges/ndmvp-samajs-institute-of-pharmaceutical-sciences-nashik,Pharmacy,Nashik,Private,B.Pharma,4 Years,"Boys Hostel, Girls Hostel"
"NDMVP Samaj's Institute of Pharmaceutical Sciences, Nashik",https://www.careers360.com/colleges/ndmvp-samajs-institute-of-pharmaceutical-sciences-nashik,Pharmacy,Nashik,Private,D.Pharma,2 Years,"Boys Hostel, Girls Hostel"
"Ravindra Vidya Prasarak Mandal Institute of Pharmacy, Nashik",https://www.careers360.com/colleges/ravindra-vidya-prasarak-mandal-institute-of-pharmacy-nashik,Pharmacy,Nashik,Private,D.Pharma,2 Years,
"RG Sapkal Institute of Pharmacy, Nashik",https://www.careers360.com/colleges/rg-sapkal-institute-of-pharmacy-nashik,Pharmacy,Nashik,Private,B.Pharma,4 Years,"Boys Hostel, Girls Hostel"
"RG Sapkal Institute of Pharmacy, Nashik",https://www.careers360.com/colleges/rg-sapkal-institute-of-pharmacy-nashik,Pharmacy,Nashik,Private,D.Pharma,2 Years,"Boys Hostel, Girls Hostel"
"RG Sapkal Institute of Pharmacy, Nashik",https://www.careers360.com/colleges/rg-sapkal-institute-of-pharmacy-nashik,Pharmacy,Nashik,Private,M.Pharma Pharmaceutics,2 Years,"Boys Hostel, Girls Hostel"
"RG Sapkal Institute of Pharmacy, Nashik",https://www.careers360.com/colleges/rg-sapkal-institute-of-pharmacy-nashik,Pharmacy,Nashik,Private,M.Pharma Pharmaceutical Quality Assurance,2 Years,"Boys Hostel, Girls Hostel"
"RG Sapkal Institute of Pharmacy, Nashik",https://www.careers360.com/colleges/rg-sapkal-institute-of-pharmacy-nashik,Pharmacy,Nashik,Private,Ph.D Pharmaceutical Chemistry,6 Years,"Boys Hostel, Girls Hostel"
"RMS Institute of Pharmacy, Nashik",https://www.careers360.com/colleges/rms-institute-of-pharmacy-nashik,Pharmacy,Nashik,Private,D.Pharma,2 Years,
"Sandip Institute of Pharmaceutical Science, Nashik",https://www.careers360.com/colleges/sandip-institute-of-pharmaceutical-science-nashik,Pharmacy,Nashik,Private,B.Pharma,4 Years,"Boys Hostel, Girls Hostel"
"Sandip Institute of Pharmaceutical Science, Nashik",https://www.careers360.com/colleges/sandip-institute-of-pharmaceutical-science-nashik,Pharmacy,Nashik,Private,D.Pharma,2 Years,"Boys Hostel, Girls Hostel"
"Sandip Institute of Pharmaceutical Science, Nashik",https://www.careers360.com/colleges/sandip-institute-of-pharmaceutical-science-nashik,Pharmacy,Nashik,Private,M.Pharma Quality Assurance,2 Years,"Boys Hostel, Girls Hostel"
"Sandip Institute of Pharmaceutical Science, Nashik",https://www.careers360.com/colleges/sandip-institute-of-pharmaceutical-science-nashik,Pharmacy,Nashik,Private,M.Pharma Pharmaceutics,2 Years,"Boys Hostel, Girls Hostel"
"Sandip University, Nashik",https://www.careers360.com/university/sandip-university-nashik,Pharmacy,Nashik,Private,B.Pharma,4 Years,"Boys Hostel, Girls Hostel"
"Sandip University, Nashik",https://www.careers360.com/university/sandip-university-nashik,Pharmacy,Nashik,Private,D.Pharma,2 Years,"Boys Hostel, Girls Hostel"
"Sandip University, Nashik",https://www.careers360.com/university/sandip-university-nashik,Pharmacy,Nashik,Private,M.Pharma Pharmaceutical Quality Assurance,2 Years,"Boys Hostel, Girls Hostel"
"SGSS College of Pharmacy, Nashik",https://www.careers360.com/colleges/sgss-college-of-pharmacy-nashik,Pharmacy,Nashik,Private,D.Pharma,2 Years,"Boys Hostel, Girls Hostel"
"Shree Panchavati Education Society's Institute of Pharmacy, Nashik",https://www.careers360.com/colleges/shree-panchavati-education-societys-institute-of-pharmacy-nashik,Pharmacy,Nashik,Private,D.Pharma,2 Years,
"Shree Panchavati Education Society's Institute of Pharmacy, Nashik",https://www.careers360.com/colleges/shree-panchavati-education-societys-institute-of-pharmacy-nashik,Pharmacy,Nashik,Private,B.Pharma,4 Years,
"Sir Dr M S Gosavi College of Pharmaceutical Education and Research, Nashik",https://www.careers360.com/colleges/sir-dr-m-s-gosavi-college-of-pharmaceutical-education-and-research-nashik,Pharmacy,Nashik,Private,B.Pharma,4 Years,"Boys Hostel, Girls Hostel"
"Sir Dr M S Gosavi College of Pharmaceutical Education and Research, Nashik",https://www.careers360.com/colleges/sir-dr-m-s-gosavi-college-of-pharmaceutical-education-and-research-nashik,Pharmacy,Nashik,Private,D.Pharma,2 Years,"Boys Hostel, Girls Hostel"
"Sir Dr M S Gosavi College of Pharmaceutical Education and Research, Nashik",https://www.careers360.com/colleges/sir-dr-m-s-gosavi-college-of-pharmaceutical-education-and-research-nashik,Pharmacy,Nashik,Private,M.Pharma Pharmaceutics,2 Years,"Boys Hostel, Girls Hostel"
"Sir Dr M S Gosavi College of Pharmaceutical Education and Research, Nashik",https://www.careers360.com/colleges/sir-dr-m-s-gosavi-college-of-pharmaceutical-education-and-research-nashik,Pharmacy,Nashik,Private,M.Pharma Pharmaceutical Quality Assurance,2 Years,"Boys Hostel, Girls Hostel"
"SMBT College of Pharmacy, Nashik",https://www.careers360.com/colleges/smbt-college-of-pharmacy-nashik,Pharmacy,Nashik,Private,B.Pharma,4 Years,"Boys Hostel, Girls Hostel"
"SMBT College of Pharmacy, Nashik",https://www.careers360.com/colleges/smbt-college-of-pharmacy-nashik,Pharmacy,Nashik,Private,Ph.D Pharmaceutical Chemistry,5 Years,"Boys Hostel, Girls Hostel"
"SMBT College of Pharmacy, Nashik",https://www.careers360.com/colleges/smbt-college-of-pharmacy-nashik,Pharmacy,Nashik,Private,M.Pharma Pharmaceutical Chemistry,2 Years,"Boys Hostel, Girls Hostel"
"SMBT College of Pharmacy, Nashik",https://www.careers360.com/colleges/smbt-college-of-pharmacy-nashik,Pharmacy,Nashik,Private,M.Pharma Pharmaceutics,2 Years,"Boys Hostel, Girls Hostel"
"SMBT Institute of D Pharmacy, Nashik",https://www.careers360.com/colleges/smbt-institute-of-d-pharmacy-nashik,Pharmacy,Nashik,Private,D.Pharma,2 Years,
"SND College of Pharmacy, Yeola",https://www.careers360.com/colleges/snd-college-of-pharmacy-yeola,Pharmacy,Nashik,Private,B.Pharma,4 Years,"Boys Hostel, Girls Hostel"
"SND College of Pharmacy, Yeola",https://www.careers360.com/colleges/snd-college-of-pharmacy-yeola,Pharmacy,Nashik,Private,D.Pharma,2 Years,"Boys Hostel, Girls Hostel"
"SND College of Pharmacy, Yeola",https://www.careers360.com/colleges/snd-college-of-pharmacy-yeola,Pharmacy,Nashik,Private,M.Pharma Quality Assurance and Technique,2 Years,"Boys Hostel, Girls Hostel"
"SND College of Pharmacy, Yeola",https://www.careers360.com/colleges/snd-college-of-pharmacy-yeola,Pharmacy,Nashik,Private,M.Pharma Pharmaceutics,2 Years,"Boys Hostel, Girls Hostel"
"SND College of Pharmacy, Yeola",https://www.careers360.com/colleges/snd-college-of-pharmacy-yeola,Pharmacy,Nashik,Private,M.Pharma Pharmaceutical Chemistry,2 Years,"Boys Hostel, Girls Hostel"
"Swami Institute of Pharmacy, Nashik",https://www.careers360.com/colleges/swami-institute-of-pharmacy-nashik,Pharmacy,Nashik,Private,B.Pharma,4 Years,
"Swami Institute of Pharmacy, Nashik",https://www.careers360.com/colleges/swami-institute-of-pharmacy-nashik,Pharmacy,Nashik,Private,D.Pharma,2 Years,
